Ticker,Company,Market
ALMIL.PA,1000MERCIS,Euronext
2CRSI.PA,2CRSI,Euronext
2MX.PA,2MX ORGANIC,Euronext
2MXBS.PA,2MX ORGANIC BS,Euronext
MLATV.PA,A TOUTE VITESSE,Euronext
ASP.PA,A.S.T. GROUPE,Euronext
AALB.PA,AALBERTS NV,Euronext
ABI.PA,AB INBEV,Euronext
AB.PA,AB SCIENCE,Euronext
ABCA.PA,ABC ARBITRAGE,Euronext
ABEO.PA,ABEO,Euronext
ABNX.PA,ABIONYX PHARMA,Euronext
ABVX.PA,ABIVAX,Euronext
ABN.PA,ABN AMRO BANK N.V.,Euronext
ACPH.PA,ACACIA PHARMA,Euronext
ACAN.PA,ACANTHE DEV.,Euronext
ACCEL.PA,ACCELL GROUP,Euronext
ACCB.PA,ACCENTIS,Euronext
AC.PA,ACCOR,Euronext
AAC.PA,ACCOR AC SHARES,Euronext
AACW.PA,ACCOR AC WARRANTS,Euronext
ACNV.PA,ACCOR NV21,Euronext
AXS.PA,ACCSYS,Euronext
ALALO.PA,ACHETER-LOUER.FR,Euronext
ACKB.PA,ACKERMANS V.HAAREN,Euronext
EOS.PA,ACTEOS,Euronext
ATI.PA,ACTIA GROUP,Euronext
MLACT.PA,ACTIVIUM GROUP,Euronext
ALADA.PA,ADA,Euronext
ALDV.PA,ADC SIIC,Euronext
ALARF.PA,ADEUNIS,Euronext
ADOC.PA,ADOCIA,Euronext
ALADO.PA,ADOMOS,Euronext
ADP.PA,ADP,Euronext
ALADM.PA,ADTHINK,Euronext
ALADV.PA,ADVENIS,Euronext
ADVI.PA,ADVINI,Euronext
ADYEN.PA,ADYEN,Euronext
AGN.PA,AEGON,Euronext
AKOM.PA,AERKOMM INC,Euronext
AFME.PA,AFFLUENT MEDICAL,Euronext
ALAFY.PA,AFYREN,Euronext
MLAGI.PA,AG3I,Euronext
AGS.PA,AGEAS,Euronext
AGFB.PA,AGFA-GEVAERT,Euronext
MLAGP.PA,AGP MALAGA SOCIMI,Euronext
ALAGP.PA,AGRIPOWER,Euronext
ALAGR.PA,AGROGENERATION,Euronext
CUR.PA,AGUAS DA CURIA,Euronext
A5G.PA,AIB GROUP PLC,Euronext
AI.PA,AIR LIQUIDE,Euronext
MLAIM.PA,AIR MARINE,Euronext
AIR.PA,AIRBUS,Euronext
ALAIR.PA,AIRTIME,Euronext
MLAIR.PA,AIRWELL,Euronext
AJAX.PA,AJAX,Euronext
AKW.PA,AKWEL,Euronext
AKZA.PA,AKZO NOBEL,Euronext
AAA.PA,ALAN ALLMAN,Euronext
ABIO.PA,ALBIOMA,Euronext
ALCHI.PA,ALCHIMIE,Euronext
ALD.PA,ALD,Euronext
MLALE.PA,ALEPH FINANCE,Euronext
ALFEN.PA,ALFEN,Euronext
ALLFG.PA,ALLFUNDS GROUP,Euronext
AMUND.PA,ALMUNDA PRO NV,Euronext
CDANV.PA,ALPES (Cie) NV21,Euronext
CDA.PA,ALPES (COMPAGNIE),Euronext
ALMDS.PA,ALPHA M.O.S. DS,Euronext
ALM.PA,ALPHA MOS,Euronext
ALO.PA,ALSTOM,Euronext
LTA.PA,ALTAMIR,Euronext
ALTA.PA,ALTAREA,Euronext
AREIT.PA,ALTAREIT,Euronext
ATE.PA,ALTEN,Euronext
ALORA.PA,ALTHEORA,Euronext
ALTR.PA,ALTRI SGPS,Euronext
ALTUR.PA,ALTUR INVEST.,Euronext
ALX.PA,ALUMEXX N.V.,Euronext
MLALV.PA,ALVEEN,Euronext
ALAMA.PA,AMA CORPORATION,Euronext
MLAAH.PA,AMATHEON AGRI,Euronext
AMG.PA,AMG,Euronext
ALMIB.PA,AMOEBA,Euronext
AMPLI.PA,AMPLITUDE SURGICAL,Euronext
ACOMO.PA,AMSTERDAM COMMOD.,Euronext
AMUN.PA,AMUNDI,Euronext
ANT.PA,ANTARES CERT,Euronext
ALANT.PA,ANTEVENIO,Euronext
ANTIN.PA,ANTIN INFRA PARTN,Euronext
APM.PA,APTORUM GROUP CL A,Euronext
ALAQU.PA,AQUILA,Euronext
ARAMI.PA,ARAMIS GROUP,Euronext
ARCAD.PA,ARCADIS,Euronext
ALJXR.PA,ARCHOS,Euronext
ALCUR.PA,ARCURE,Euronext
MLARD.PA,ARDOIN ST AMAND A,Euronext
ARDO.PA,ARDOIN ST AMAND B,Euronext
ARG.PA,ARGAN,Euronext
ARGX.PA,ARGENX SE,Euronext
MLARI.PA,ARIMELIA ITG,Euronext
AKE.PA,ARKEMA,Euronext
MLARO.PA,AROCA DEL PINAR,Euronext
ARTE.PA,ARTEA,Euronext
ALATF.PA,ARTEFACT,Euronext
PRC.PA,ARTMARKET COM,Euronext
ARTO.PA,ARTOIS NOM.,Euronext
ASC.PA,ASCENCIO,Euronext
MLAEM.PA,ASHLER ET MANSON,Euronext
ASM.PA,ASM INTERNATIONAL,Euronext
ASML.PA,ASML HOLDING,Euronext
ASRNL.PA,ASR NEDERLAND,Euronext
GEN.PA,ASSICURAZ.GEN.ORD.,Euronext
ASY.PA,ASSYSTEM,Euronext
ATA.PA,ATARI,Euronext
ATEME.PA,ATEME,Euronext
ATEB.PA,ATENOR,Euronext
ATO.PA,ATOS,Euronext
ATRS.PA,ATRIUM EUR REALEST,Euronext
AUB.PA,AUBAY,Euronext
ALAUD.PA,AUDACIA,Euronext
MLAUD.PA,AUDIENCE LABS,Euronext
AUGR.PA,AUGROS COSMETICS,Euronext
ALAMG.PA,AUPLATA MINING GR,Euronext
AURE.PA,AUREA,Euronext
AURS.PA,AURES TECHNOLOGIES,Euronext
AVT.PA,AVENIR TELECOM,Euronext
CS.PA,AXA,Euronext
AXW.PA,AXWAY SOFTWARE,Euronext
MLAZL.PA,AZ LEASING,Euronext
AZE.PA,AZELIS GROUP,Euronext
MLAAT.PA,AZOREAN TECH,Euronext
BSGR.PA,B&S Group,Euronext
BCP.PA,B.COM.PORTUGUES,Euronext
ALBKK.PA,BAIKOWSKI,Euronext
BAIN.PA,BAINS MER MONACO,Euronext
BALTA.PA,BALTA GROUP,Euronext
BALYO.PA,BALYO,Euronext
BAMNB.PA,BAM GROEP KON,Euronext
BBV.PA,BANCO BILBAO VIZC.,Euronext
SANTA.PA,BANCO SANTANDER,Euronext
BANI.PA,BANIMMO A,Euronext
DD7E.PA,BANK OF IR NC PREF,Euronext
DD7D.PA,BANK OF IR NCP STF,Euronext
BIRG.PA,BANK OF IRELAND GP,Euronext
BUI.PA,BARBARA BUI,Euronext
BAR.PA,BARCO,Euronext
MLBAR.PA,BARINGS CORE SPAIN,Euronext
BFIT.PA,BASIC-FIT,Euronext
BAS.PA,BASILIX CERT,Euronext
BASS.PA,BASSAC,Euronext
BLC.PA,BASTIDE LE CONFORT,Euronext
MLBAT.PA,BATLA MINERALS,Euronext
ALBDM.PA,BD MULTI MEDIA,Euronext
BESI.PA,BE SEMICONDUCTOR,Euronext
MLBMD.PA,BEACONSMIND,Euronext
BEAB.PA,BEAULIEU-AV. CERT,Euronext
BEFB.PA,BEFIMMO,Euronext
BEKB.PA,BEKAERT,Euronext
FBEL.PA,BEL,Euronext
BLV.PA,BELIEVE,Euronext
BELR.PA,BELRECA,Euronext
BELU.PA,BELUGA,Euronext
BEN.PA,BENETEAU,Euronext
SLBEN.PA,BENFICA,Euronext
ALDBL.PA,BERNARD LOISEAU,Euronext
BBED.PA,BETER BED,Euronext
BEVER.PA,BEVER HOLDING,Euronext
BB.PA,BIC,Euronext
BIG.PA,BIGBEN INTERACTIVE,Euronext
ALBLD.PA,BILENDI,Euronext
BCART.PA,BIOCARTIS,Euronext
ALCOR.PA,BIOCORP,Euronext
BIM.PA,BIOMERIEUX,Euronext
ALBPS.PA,BIOPHYTIS,Euronext
BPSBS.PA,BIOPHYTIS BSA,Euronext
ALBIO.PA,BIOSYNEX,Euronext
BIOBS.PA,BIOSYNEX BSAR,Euronext
BTLS.PA,BIOTALYS,Euronext
ALTUV.PA,BIO-UV GROUP,Euronext
BLEE.PA,BLEECKER,Euronext
MLBSP.PA,BLUE SHARK POWER,Euronext
ALBLU.PA,BLUELINEA,Euronext
BLUBT.PA,BLUELINEA BSA Y,Euronext
BNP.PA,BNP PARIBAS ACT.A,Euronext
ALBOA.PA,BOA CONCEPT,Euronext
MLONE.PA,BODY ONE,Euronext
BOI.PA,BOIRON,Euronext
BOL.PA,BOLLORE,Euronext
BON.PA,BONDUELLE,Euronext
ALBOO.PA,BOOSTHEAT,Euronext
BOKA.PA,BOSKALIS WESTMIN,Euronext
ALBOU.PA,BOURRELIER GROUP,Euronext
BSD.PA,BOURSE DIRECT,Euronext
BGHL.PA,BOUSSARD GAVAUDAN,Euronext
EN.PA,BOUYGUES,Euronext
BPOST.PA,BPOST,Euronext
BNB.PA,BQUE NAT. BELGIQUE,Euronext
BREB.PA,BREDERODE,Euronext
BRILL.PA,BRILL KON,Euronext
BRNL.PA,BRUNEL INTERNAT,Euronext
BVI.PA,BUREAU VERITAS,Euronext
BUR.PA,BURELLE,Euronext
CAT31.PA,CA TOULOUSE 31 CCI,Euronext
ALCG.PA,CABASSE GROUP,Euronext
CAFO.PA,CAFOM,Euronext
MLAAE.PA,CAIRE,Euronext
C5H.PA,CAIRN HOMES PLC,Euronext
CBDG.PA,CAMBODGE NOM.,Euronext
CAMB.PA,CAMPINE,Euronext
CAND.PA,CANDELA INVEST,Euronext
CAPLI.PA,CAPELLI,Euronext
CAP.PA,CAPGEMINI,Euronext
ALCRB.PA,CARBIOS,Euronext
CPINV.PA,CARE PROPERTY INV.,Euronext
ALCAR.PA,CARMAT,Euronext
CARM.PA,CARMILA,Euronext
CARP.PA,CARPINIENNE PART.,Euronext
CA.PA,CARREFOUR,Euronext
CO.PA,CASINO GUICHARD,Euronext
CAS.PA,CAST,Euronext
CATG.PA,CATANA GROUP,Euronext
CTRG.PA,CATERING INTL SCES,Euronext
CATR.PA,CATERPILLAR INC,Euronext
CBOT.PA,CBO TERRITORIA,Euronext
MLCEC.PA,CECURITY.COM,Euronext
CGM.PA,CEGEDIM,Euronext
ALCLS.PA,CELLECTIS,Euronext
CENER.PA,CENERGY,Euronext
ALPCV.PA,CERINNOV GROUP,Euronext
ALCES.PA,CESAR,Euronext
MLCSA.PA,CESYNT A SHARES,Euronext
MLCSB.PA,CESYNT B SHARES,Euronext
CFEB.PA,CFE,Euronext
CFI.PA,CFI,Euronext
MLCFM.PA,CFM INDOSUEZWEALTH,Euronext
CGG.PA,CGG,Euronext
CGGBS.PA,CGG BSA 1,Euronext
CGGBT.PA,CGG BSA 2,Euronext
MLCFD.PA,CH.FER DEPARTEMENT,Euronext
MLCVG.PA,CH.FER VAR GARD N.,Euronext
CRI.PA,CHARGEURS,Euronext
CHSR.PA,CHAUSSERIA,Euronext
MLCHE.PA,CHEOPS TECHNOLOGY,Euronext
MLTV.PA,CHOICE,Euronext
CDI.PA,CHRISTIAN DIOR,Euronext
CIB.PA,CIBOX INTER A CTIV,Euronext
COMB.PA,CIE BOIS SAUVAGE,Euronext
MLCMB.PA,CIE DU MONT BLANC,Euronext
MLCIO.PA,CIOA,Euronext
CLA.PA,CLARANOVA,Euronext
ALCLA.PA,CLASQUIN,Euronext
CMCOM.PA,CM.COM,Euronext
COM.PA,CNIM GROUP,Euronext
CNV.PA,CNOVA,Euronext
CNP.PA,CNP ASSURANCES,Euronext
COBH.PA,CO.PA.HA,Euronext
CCEP.PA,Coca-ColaEuropacif,Euronext
COFA.PA,COFACE,Euronext
ALCOF.PA,COFIDUR,Euronext
COFB.PA,COFINIMMO,Euronext
ALLEC.PA,COGELEC,Euronext
ALCOG.PA,COGRA,Euronext
COH.PA,COHERIS,Euronext
ALCOI.PA,COIL,Euronext
RE.PA,COLAS,Euronext
MLCLP.PA,COLIPAYS,Euronext
COLR.PA,COLRUYT,Euronext
ODET.PA,COMPAGNIE ODET,Euronext
MLMFI.PA,CONDOR TECHNOLOG,Euronext
CDU.PA,CONDURIL,Euronext
MLCNT.PA,CONSORT NT,Euronext
MLLCB.PA,CONSTRUCTEURS BOIS,Euronext
CPA.PA,COPAM,Euronext
CRBN.PA,CORBION,Euronext
CLB.PA,CORE LABORATORIES,Euronext
MLCOR.PA,COREP LIGHTING,Euronext
CORRE.PA,CORRE ENERGY B.V.,Euronext
COR.PA,CORTICEIRA AMORIM,Euronext
MLCOU.PA,COURBET,Euronext
COUR.PA,COURTOIS,Euronext
COV.PA,COVIVIO,Euronext
COVH.PA,COVIVIO HOTELS,Euronext
CRAP.PA,CRCAM ALP.PROV.CCI,Euronext
CRAV.PA,CRCAM ATL.VEND.CCI,Euronext
CRBP2.PA,CRCAM BRIE PIC2CCI,Euronext
CIV.PA,CRCAM ILLE-VIL.CCI,Euronext
CRLA.PA,CRCAM LANGUED CCI,Euronext
CRLO.PA,CRCAM LOIRE HTE L.,Euronext
CMO.PA,CRCAM MORBIHAN CCI,Euronext
CNF.PA,CRCAM NORD CCI,Euronext
CCN.PA,CRCAM NORM.SEINE,Euronext
CAF.PA,CRCAM PARIS ET IDF,Euronext
CRSU.PA,CRCAM SUD R.A.CCI,Euronext
CRTO.PA,CRCAM TOURAINE CCI,Euronext
ACA.PA,CREDIT AGRICOLE,Euronext
OPTI.PA,CRESCENT,Euronext
DD8A.PA,CRH PLC 5PCCumPref,Euronext
DD8B.PA,CRH PLC 7PCCumPref,Euronext
CRG.PA,CRH PLC ord,Euronext
ALCJ.PA,CROSSJECT,Euronext
CROS.PA,CROSSWOOD,Euronext
SX.PA,CS GROUP.,Euronext
CTAC.PA,CTAC,Euronext
CTCA1.PA,CTC ORD SHARES,Euronext
CTCT1.PA,CTC TREAS SHARES,Euronext
CTCW1.PA,CTC WARRANTS,Euronext
CTPNV.PA,CTP,Euronext
CTT.PA,CTT CORREIOS PORT,Euronext
CLEX.PA,CUMULEX,Euronext
ALCYB.PA,CYBERGUN,Euronext
CYBBT.PA,CYBERGUN BSA 2,Euronext
CYBK1.PA,CYBERGUN BSA K1,Euronext
CYBKA.PA,CYBERGUN BSA K2A,Euronext
CYBKB.PA,CYBERGUN BSA K2B,Euronext
ALDLS.PA,D.L.S.I.,Euronext
DHG.PA,DALATA HOTEL GP.,Euronext
MLDAM.PA,DAMARIS,Euronext
ALDAR.PA,DAMARTEX,Euronext
BN.PA,DANONE,Euronext
AM.PA,DASSAULT AVIATION,Euronext
DSY.PA,DASSAULT SYSTEMES,Euronext
DLE.PA,DATALEX PLC,Euronext
ALDBT.PA,DBT,Euronext
DBV.PA,DBV TECHNOLOGIES,Euronext
DECB.PA,DECEUNINCK,Euronext
DEE.PA,DEE TECH SHARES,Euronext
DEEW.PA,DEE TECH WARRANTS,Euronext
ALDEI.PA,DEINOVE,Euronext
DKUPL.PA,DEKUPLE,Euronext
ALDEL.PA,DELFINGEN,Euronext
ALDR.PA,DELTA DRONE,Euronext
ALDBY.PA,DELTA DRONE BSA Y,Euronext
DLTA.PA,DELTA PLUS GROUP,Euronext
DBG.PA,DERICHEBOURG,Euronext
MLDYH.PA,DESIGN YOUR HOME,Euronext
DTEL.PA,DEUTSCHE TELEKOM,Euronext
ALDEV.PA,DEVERNOIS,Euronext
DVT.PA,DEVOTEAM,Euronext
DEXB.PA,DEXIA,Euronext
DGB.PA,DGB GROUP N.V.,Euronext
DGE.PA,DIAGEO,Euronext
GUI1.PA,DIAGEO PLC,Euronext
DGM.PA,DIAGNOSTIC MEDICAL,Euronext
DIEG.PA,DIEGEM KENNEDYCERT,Euronext
DIE.PA,D'IETEREN GROUP,Euronext
DISL.PA,DISTRI-LAND CERT,Euronext
ALDNX.PA,DNXCORP,Euronext
DPAM.PA,DOCK.PETR.AMBES AM,Euronext
ALDOL.PA,DOLFINES,Euronext
DQ7A.PA,DONEGAL INVESTMENT,Euronext
ALDNE.PA,DONTNOD,Euronext
DPA.PA,DPA GROUP,Euronext
GRW.PA,DRAPER ESPRIT PLC,Euronext
ALDRV.PA,DRONE VOLT,Euronext
DSC2.PA,DSC2,Euronext
DSC2S.PA,DSC2 TREAS SHARES,Euronext
DSM.PA,DSM KON,Euronext
DSCW1.PA,DUTCH STAR C W11,Euronext
DSCW2.PA,DUTCH STAR C W12,Euronext
DSCW3.PA,DUTCH STAR C W13,Euronext
MLDYN.PA,DYNAFOND,Euronext
MLDYX.PA,DYNEX ENERGY SA,Euronext
ALAGO.PA,E PANGO,Euronext
EON.PA,E.ON SE,Euronext
EAS2P.PA,EASE2PAY NV,Euronext
MLEAS.PA,EASSON HOLDINGS,Euronext
MLEDR.PA,EAUX DE ROYAN,Euronext
MLEAV.PA,EAVS,Euronext
MLECO.PA,ECOLUTIONS,Euronext
ALECO.PA,ECOMIAM,Euronext
ECONB.PA,ECONOCOM GROUP,Euronext
ALESA.PA,ECOSLOPS,Euronext
EDEN.PA,EDENRED,Euronext
EDF.PA,EDF,Euronext
ALEAC.PA,EDILIZIACROBATICA,Euronext
MLEDS.PA,EDITIONS DU SIGNE,Euronext
EDP.PA,EDP,Euronext
EDPR.PA,EDP RENOVAVEIS,Euronext
MLEDU.PA,EDUNIVERSAL,Euronext
MLEES.PA,EES,Euronext
EFIC1.PA,EFIC1 ORD SHARES,Euronext
EFICT.PA,EFIC1 TREASURY SH,Euronext
EFICW.PA,EFIC1 WARRANTS,Euronext
GID.PA,EGIDE,Euronext
FGR.PA,EIFFAGE,Euronext
EKI.PA,EKINOPS,Euronext
EKOP.PA,EKOPAK,Euronext
ELEC.PA,ELEC.STRASBOURG,Euronext
EEM.PA,ELECT. MADAGASCAR,Euronext
ELI.PA,ELIA GROUP,Euronext
ELIOR.PA,ELIOR GROUP,Euronext
ELIS.PA,ELIS,Euronext
ALEMK.PA,EMAKINA GROUP,Euronext
EMD.PA,EMD MUSIC,Euronext
ALEMV.PA,EMOVA GROUP,Euronext
ALDUB.PA,ENCRES DUBUIT,Euronext
ALNN6.PA,ENENSYS,Euronext
ALNRG.PA,ENERGISME,Euronext
ALENE.PA,ENERTIME,Euronext
ENI.PA,ENI,Euronext
ALENO.PA,ENOGIA,Euronext
ALESE.PA,ENTECH,Euronext
ENTPA.PA,ENTP ORD SHARES,Euronext
ENTPT.PA,ENTP TREAS SHARES,Euronext
ENTPW.PA,ENTP WARRANTS,Euronext
ALENT.PA,ENTREPARTICULIERS,Euronext
ALENR.PA,ENTREPRENDRE,Euronext
ALTEV.PA,ENVEA,Euronext
ENVI.PA,ENVIPCO,Euronext
ALEO2.PA,EO2,Euronext
ERA.PA,ERAMET,Euronext
ERYP.PA,ERYTECH PHARMA,Euronext
ESG.PA,ESG CORE INVEST,Euronext
ESGT.PA,ESG CORE TREAS SHA,Euronext
ESGWA.PA,ESG CORE WARRANTS,Euronext
ESI.PA,ESI GROUP,Euronext
ALESK.PA,ESKER,Euronext
EL.PA,ESSILORLUXOTTICA,Euronext
ES.PA,ESSO,Euronext
ESON.PA,ESTORIL SOL N,Euronext
EFI.PA,EURASIA FONC INV,Euronext
ALEUA.PA,EURASIA GROUPE,Euronext
RF.PA,EURAZEO,Euronext
EUR.PA,EURO RESSOURCES,Euronext
ALERS.PA,EUROBIO-SCIENTIFIC,Euronext
ECT.PA,EUROCASTLE INVEST.,Euronext
ALECR.PA,EUROFINS CEREP,Euronext
ERF.PA,EUROFINS SCIENT.,Euronext
MLERO.PA,EUROLAND CORPORATE,Euronext
MLCAN.PA,EUROLOG CANOLA,Euronext
ALEMG.PA,EUROMEDIS GROUPE,Euronext
EURN.PA,EURONAV,Euronext
ENXP.PA,EURONEXT,Euronext
ECP.PA,EUROPACORP,Euronext
EUCAR.PA,EUROPCAR MOBILITY,Euronext
ALEUP.PA,EUROPLASMA,Euronext
EURBU.PA,EUROPLASMA BSC,Euronext
ETL.PA,EUTELSAT COMMUNIC.,Euronext
EGR.PA,EVERGREEN,Euronext
MLEVE.PA,EVERSET,Euronext
ALTVO.PA,EVOLIS,Euronext
EVS.PA,EVS BROADC.EQUIPM.,Euronext
ALEXA.PA,EXACOMPTA CLAIREF.,Euronext
EXN.PA,EXCLUSIVE NETWORKS,Euronext
EXE.PA,EXEL INDUSTRIES,Euronext
EXM.PA,EXMAR,Euronext
EXPL.PA,EXPLOSIFS PROD.CHI,Euronext
ALPHI.PA,FACEPHI,Euronext
MLECE.PA,FAIFEY INVEST,Euronext
MLFMV.PA,FARMINVESTE,Euronext
ALFBA.PA,FASHION B AIR,Euronext
FAST.PA,FASTNED,Euronext
EO.PA,FAURECIA,Euronext
FAUV.PA,FAUVET GIREL,Euronext
FAYE.PA,FAYENC.SARREGUEMI.,Euronext
EG7.PA,FBD HOLDINGS PLC,Euronext
MLFDV.PA,FD,Euronext
GYQ.PA,FD TECHNOLOGIES,Euronext
FDJ.PA,FDJ,Euronext
FCMC.PA,FERM.CAS.MUN.CANNE,Euronext
FALG.PA,FERMENTALG,Euronext
SACI.PA,FIDUCIAL OFF.SOL.,Euronext
ORIA.PA,FIDUCIAL REAL EST.,Euronext
FGA.PA,FIGEAC AERO,Euronext
ALFIL.PA,FILAE,Euronext
BERR.PA,FIN.ETANG BERRE,Euronext
EBPF.PA,FIN.ETANG BERRE PF,Euronext
FOAF.PA,FIN.OUEST AFRICAIN,Euronext
FINM.PA,FINANCIERE MARJOS,Euronext
FNTS.PA,FINATIS,Euronext
MLFXO.PA,FINAXO,Euronext
FIPP.PA,FIPP,Euronext
MLFIR.PA,FIRSTCAUTION,Euronext
ALFLE.PA,FLEURY MICHON,Euronext
FLEXD.PA,FLEXDEAL,Euronext
FLOB.PA,FLORIDIENNE,Euronext
FLOW.PA,FLOW TRADERS,Euronext
UNI.PA,FLOWSPARKS,Euronext
FLTR.PA,FLUTTER ENTERTAIN,Euronext
FLUX.PA,FLUXYS BELGIUM D,Euronext
FNAC.PA,FNAC DARTY,Euronext
MLFNP.PA,FNPTECHNOLOGIESSA,Euronext
ALFOC.PA,FOCUS HOME INT,Euronext
FPN.PA,FONC. PARIS NORD,Euronext
LEBL.PA,FONCIERE 7 INVEST,Euronext
FATL.PA,FONCIERE ATLAND,Euronext
EURS.PA,FONCIERE EURIS,Euronext
INEA.PA,FONCIERE INEA,Euronext
FLY.PA,FONCIERE LYONNAISE,Euronext
MLVIN.PA,FONCIERE VINDI,Euronext
SPEL.PA,FONCIERE VOLTA,Euronext
FORE.PA,FORESTIERE EQUAT.,Euronext
FFARM.PA,FORFARMERS,Euronext
FOU.PA,FOUNTAIN,Euronext
ALFPC.PA,FOUNTAINE PAJOT,Euronext
LFDE.PA,FRANCAISE ENERGIE,Euronext
MLFSG.PA,FRANCE SOIR GROUPE,Euronext
MLFTI.PA,FRANCE TOURISME,Euronext
ALFRE.PA,FREELANCE.COM,Euronext
FREY.PA,FREY,Euronext
FUR.PA,FUGRO,Euronext
FCP.PA,FUT.CLUBE PORTO,Euronext
MLGAI.PA,G.A.I.,Euronext
MLGAL.PA,GALEO,Euronext
GALIM.PA,GALIMMO,Euronext
GALP.PA,GALP ENERGIA-NOM,Euronext
ALBI.PA,GASCOGNE,Euronext
GAM.PA,GAUMONT,Euronext
ALGAU.PA,GAUSSIN,Euronext
GBLB.PA,GBL,Euronext
GEA.PA,GEA GRENOBL.ELECT.,Euronext
ALGEC.PA,GECI INTL,Euronext
GFC.PA,GECINA,Euronext
GNE.PA,GENERAL ELECTRIC,Euronext
GENX.PA,GENERIX GROUP,Euronext
GNRO.PA,GENEURO,Euronext
GNFT.PA,GENFIT,Euronext
GENK.PA,GENK LOGIST. CERT,Euronext
GV.PA,GENOMIC VISION,Euronext
ALGEN.PA,GENOWAY,Euronext
SIGHT.PA,GENSIGHT BIOLOGICS,Euronext
MLGEQ.PA,GENTLEMENS EQUITY,Euronext
GOJXN.PA,GEOJUNXION,Euronext
GEPBS.PA,GEP BSA 2020,Euronext
GET.PA,GETLINK SE,Euronext
ALGEV.PA,GEVELOT,Euronext
GIMB.PA,GIMV,Euronext
GLO.PA,GL EVENTS,Euronext
GL9.PA,GLANBIA PLC,Euronext
GVR.PA,GLENVEAGH PROP.PLC,Euronext
GLINT.PA,GLINTT,Euronext
ALGBE.PA,GLOBAL BIOENERGIES,Euronext
GLOG.PA,GLOBAL GRAPHICS,Euronext
MLNDG.PA,GLOBAL PIELAGO,Euronext
ALGLD.PA,GOLD BY GOLD,Euronext
MLGML.PA,GOUR MEDICAL,Euronext
GPE.PA,GPE GROUP PIZZORNO,Euronext
ALPAR.PA,GPE PAROT (AUTO),Euronext
GRVO.PA,GRAINES VOLTZ,Euronext
GVNV.PA,GRANDVISION,Euronext
8GW.PA,GREAT WESTERN MIN.,Euronext
MLCMG.PA,GRECEMAR,Euronext
GRP.PA,GREENCOAT REN.,Euronext
GVOLT.PA,GREENVOLT,Euronext
GREEN.PA,GREENYARD,Euronext
MLGRC.PA,GROUPE CARNIVOR,Euronext
MLCAS.PA,GROUPE CASOL,Euronext
CEN.PA,GROUPE CRIT,Euronext
FLO.PA,GROUPE FLO,Euronext
GOE.PA,GROUPE GORGE,Euronext
ALGIL.PA,GROUPE GUILLIN,Euronext
IRD.PA,GROUPE IRD,Euronext
GJAJ.PA,GROUPE JAJ,Euronext
ALLDL.PA,GROUPE LDLC,Euronext
OPN.PA,GROUPE OPEN,Euronext
PARP.PA,GROUPE PARTOUCHE,Euronext
MLPVG.PA,GROUPE PLUS-VALUES,Euronext
SFPI.PA,GROUPE SFPI,Euronext
ALGTR.PA,GROUPE TERA,Euronext
ALIMO.PA,GROUPIMO,Euronext
GTBP.PA,GT BIOPHARMA INC,Euronext
GTT.PA,GTT,Euronext
MLGDI.PA,GUANDAO PUER INVES,Euronext
GBT.PA,GUERBET,Euronext
GUI.PA,GUILLEMOT,Euronext
ALHEO.PA,H2O INNOVATION INC,Euronext
HAL.PA,HAL TRUST,Euronext
ALHGO.PA,HAMILTON GLOBAL OP,Euronext
HAMO.PA,HAMON,Euronext
PIG.PA,HAULOTTE GROUP,Euronext
HDF.PA,HDF,Euronext
MLAHC.PA,HEALTH,Euronext
MLHAY.PA,HEALTHCARE ACTIVOS,Euronext
HEGA.PA,HEDOSOPHIA ORD SHA,Euronext
HEGAU.PA,HEDOSOPHIA UNITS,Euronext
HEGAW.PA,HEDOSOPHIA WARRANT,Euronext
HEIJM.PA,HEIJMANS,Euronext
HEIA.PA,HEINEKEN,Euronext
HEIO.PA,HEINEKEN HOLDING,Euronext
ALHRG.PA,HERIGE,Euronext
RMS.PA,HERMES INTL,Euronext
HEXA.PA,HEXAOM,Euronext
ALHF.PA,HF COMPANY,Euronext
HBRN.PA,HIBERNIA REIT PLC,Euronext
HCO.PA,HIGH CO,Euronext
ALHIO.PA,HIOLLE INDUSTRIES,Euronext
ALHYP.PA,HIPAY GROUP,Euronext
ALHIT.PA,HITECHPROS,Euronext
MLHK.PA,HK,Euronext
MLHBB.PA,HOCHE BAINS L.BAIN,Euronext
ALHGR.PA,HOFFMANN,Euronext
HOLN.PA,Holcim Ltd,Euronext
HOLCO.PA,HOLLAND COLOURS,Euronext
MLHCF.PA,HOME CONCEPT,Euronext
HOMI.PA,HOME INVEST BE.,Euronext
MLHPE.PA,HOPENING,Euronext
MLHPI.PA,HOPIUM,Euronext
HOP.PA,HOPSCOTCH GROUPE,Euronext
HSW.PA,HOSTELWORLD GROUP,Euronext
MLHMC.PA,HOT.MAJESTIC CANNE,Euronext
MLHOT.PA,HOTELIM,Euronext
HDP.PA,HOTELS DE PARIS,Euronext
MLHIN.PA,HOTL.IMMOB.NICE,Euronext
HDG.PA,HUNTER DOUGLAS,Euronext
HUNDP.PA,HUNTER DOUGLAS,Euronext
ALHYG.PA,HYBRIGENICS,Euronext
HYDRA.PA,HYDRATEC,Euronext
MLHYD.PA,HYDRAULIQUE PB,Euronext
MLHYE.PA,HYDRO-EXPLOIT.,Euronext
ALHRS.PA,HYDROGEN REFUELING,Euronext
HYL.PA,HYLORIS,Euronext
ALICR.PA,I.CERAM,Euronext
I2PO.PA,I2PO SHARES,Euronext
I2POW.PA,I2PO WARRANTS,Euronext
ALI2S.PA,I2S,Euronext
MLINT.PA,IANTE INVESTMENTS,Euronext
IBAB.PA,IBA,Euronext
ICAD.PA,ICADE,Euronext
IDL.PA,ID LOGISTICS GROUP,Euronext
IDIP.PA,IDI,Euronext
MLIDS.PA,IDS,Euronext
ALIDS.PA,IDSUD,Euronext
IEP.PA,IEP INVEST,Euronext
IEX.PA,IEX GROUP NV,Euronext
IGE.PA,IGE + XAO,Euronext
MLABC.PA,IGIS NEPTUNE,Euronext
ALIKO.PA,IKONISYS,Euronext
ILD.PA,ILIAD,Euronext
MLIML.PA,IMALLIANCE,Euronext
IMCD.PA,IMCD,Euronext
NK.PA,IMERYS,Euronext
MLIPP.PA,IMM.PARIS.PERLE,Euronext
ALIMR.PA,IMMERSION,Euronext
MCC.PA,IMMO MCC,Euronext
IMMOU.PA,IMMO MOURY,Euronext
IMDA.PA,IMMOB.DASSAULT,Euronext
IMMO.PA,IMMOBEL,Euronext
IMMOP.PA,IMMOPOOL,Euronext
ALIMM.PA,IMMUPHARMA,Euronext
GPA.PA,IMOB.C GRAO PARA,Euronext
ALIMP.PA,IMPLANET,Euronext
MLIMP.PA,IMPRIMERIE CHIRAT,Euronext
MLIFS.PA,IMPULSE FITNESS,Euronext
INA.PA,INAPA-INV.P.GESTAO,Euronext
INCLU.PA,INCLUSIO SA/NV,Euronext
INFE.PA,INDLE FIN.ENTREPR.,Euronext
MLIFC.PA,INFOCLIP,Euronext
INF.PA,INFOTEL,Euronext
MLINM.PA,INMARK,Euronext
MLISP.PA,INMOSUPA,Euronext
IPH.PA,INNATE PHARMA,Euronext
ALINN.PA,INNELEC MULTIMEDIA,Euronext
MLIDP.PA,INNOVADERMA PLC,Euronext
MLIRF.PA,INNOVATIVE RFK SPA,Euronext
INPST.PA,INPOST,Euronext
ALLUX.PA,INSTALLUX,Euronext
ALINT.PA,INTEGRAGEN,Euronext
MLVIE.PA,INTEGRITAS VIAGER,Euronext
ITP.PA,INTERPARFUMS,Euronext
INTER.PA,INTERTRUST,Euronext
INTO.PA,INTERVEST OFF-WARE,Euronext
ITXT.PA,INTEXA,Euronext
ALINS.PA,INTRASENSE,Euronext
IVA.PA,INVENTIVA,Euronext
ALINV.PA,INVIBES ADVERTSING,Euronext
MLIOC.PA,IOC HOLDING,Euronext
MLIPO.PA,IPOSA PROPERTIES,Euronext
IPN.PA,IPSEN,Euronext
IPS.PA,IPSOS,Euronext
IR5B.PA,IRISH CONT. GP.,Euronext
IRES.PA,IRISH RES. PROP.,Euronext
ALITL.PA,IT LINK,Euronext
MLITN.PA,ITALY INNOVAZIONI,Euronext
ITE.PA,ITESOFT,Euronext
ALIVA.PA,IVALIS,Euronext
JBOG.PA,JACQUES BOGART,Euronext
JCQ.PA,JACQUET METALS,Euronext
DEC.PA,JC DECAUX SA.,Euronext
JDEP.PA,JDE PEET'S,Euronext
JEN.PA,JENSEN-GROUP,Euronext
MLJSA.PA,JSA TECHNOLOGY,Euronext
TKWY.PA,JUST EAT TAKEAWAY,Euronext
ALKAL.PA,KALRAY,Euronext
KOF.PA,KAUFMAN ET BROAD,Euronext
KBC.PA,KBC,Euronext
KBCA.PA,KBC ANCORA,Euronext
KENDR.PA,KENDRION,Euronext
KMR.PA,KENMARE RESOURCES,Euronext
KER.PA,KERING,Euronext
ALKLK.PA,KERLINK,Euronext
KRZ.PA,KERRY GROUP PLC,Euronext
ALKEY.PA,KEYRUS,Euronext
KEYW.PA,KEYWARE TECH.,Euronext
KIN.PA,KINEPOLIS GROUP,Euronext
KRX.PA,KINGSPAN GROUP PLC,Euronext
ALKKO.PA,KKO INTERNATIONAL,Euronext
ALKLA.PA,KLARSEN,Euronext
LI.PA,KLEPIERRE,Euronext
ALSIM.PA,KLIMVEST,Euronext
ALKOM.PA,KOMPUESTOS,Euronext
KORI.PA,KORIAN,Euronext
KPN.PA,KPN KON,Euronext
MLKTS.PA,KTESIOS REAL ESTAT,Euronext
ALVAP.PA,KUMULUS VAPE,Euronext
VAPBS.PA,KUMULUSBSA2020,Euronext
ALPER.PA,LA PERLA FASHION,Euronext
LACR.PA,LACROIX GROUP,Euronext
MMB.PA,LAGARDERE SA,Euronext
ALLAN.PA,LANSON-BCC,Euronext
ALLGO.PA,LARGO,Euronext
LAT.PA,LATECOERE,Euronext
LPE.PA,LAURENT-PERRIER,Euronext
LVIDE.PA,LAVIDE HOLDING,Euronext
LOUP.PA,LDC,Euronext
ALTAN.PA,LE TANNEUR,Euronext
LEAS.PA,LEASINVEST,Euronext
LBON.PA,LEBON,Euronext
LSS.PA,LECTRA,Euronext
LR.PA,LEGRAND,Euronext
MLPAP.PA,LES AGENCES DE PAP,Euronext
ALLHB.PA,LES HOTELS BAVEREZ,Euronext
TBMBT.PA,LESTQBLANC202212BS,Euronext
ALLEX.PA,LEXIBOOK LINGUIST.,Euronext
LIN.PA,LINEDATA SERVICES,Euronext
LIG.PA,LISGRAFICA,Euronext
FII.PA,LISI,Euronext
LIT.PA,LITHO FORMAS,Euronext
ALLLN.PA,LLEIDA,Euronext
LNA.PA,LNA SANTE,Euronext
MLLOI.PA,LOCASYSTEM INTL,Euronext
ALLOG.PA,LOGIC INSTRUMENT,Euronext
MLLOG.PA,LOGIS CONFORT,Euronext
MLCAC.PA,LOMBARD ET MEDOT,Euronext
OR.PA,L'OREAL,Euronext
LOTB.PA,LOTUS BAKERIES,Euronext
BOLS.PA,LUCASBOLS,Euronext
ALUCI.PA,LUCIBEL,Euronext
LUCBS.PA,LUCIBEL BS,Euronext
LBIRD.PA,LUMIBIRD,Euronext
MLV4S.PA,LV4S,Euronext
MC.PA,LVMH,Euronext
LYS.PA,LYSOGENE,Euronext
MRM.PA,M.R.M,Euronext
ALMII.PA,M2I,Euronext
MLMAD.PA,MADE,Euronext
ALMNG.PA,MADVERTISE,Euronext
MLMGL.PA,MAGILLEM,Euronext
MLMAB.PA,MAIS.ANTOINE BAUD,Euronext
MLCLI.PA,MAISON CLIO BLUE,Euronext
MDM.PA,MAISONS DU MONDE,Euronext
MAJ.PA,MAJOREL GROUP LUX,Euronext
ALMAK.PA,MAKHEIA GROUP,Euronext
MAKB2.PA,MAKHEIA GROUP BSB,Euronext
ALMKS.PA,MAKING SCIENCE,Euronext
MLC.PA,MALIN CORP. PLC,Euronext
MALT.PA,MALTERIES FCO-BEL.,Euronext
MTU.PA,MANITOU BF,Euronext
MAN.PA,MANUTAN INTL,Euronext
MLMAQ.PA,MAQ ADMON. URBANAS,Euronext
ALMAR.PA,MARE NOSTRUM,Euronext
MAREL.PA,MAREL,Euronext
IAM.PA,MAROC TELECOM,Euronext
MAR.PA,MARTIFER,Euronext
ALMAS.PA,MASTRAD,Euronext
MASBS.PA,MASTRAD BS29,Euronext
MKEA.PA,MAUNA KEA TECH,Euronext
MAU.PA,MAUREL ET PROM,Euronext
MBWS.PA,MBWS,Euronext
MBWBT.PA,MBWS BSA 2022,Euronext
MBWSZ.PA,MBWS BSAR 2023,Euronext
MCPHY.PA,MCPHY ENERGY,Euronext
MDXH.PA,MDXHEALTH,Euronext
ALMDP.PA,MEDESIS PHARMA,Euronext
EDI.PA,MEDIA 6,Euronext
MCP.PA,MEDIA CAPITAL,Euronext
MLLAB.PA,MEDIA LAB,Euronext
ALKER.PA,MEDIA MAKER,Euronext
ALMDT.PA,MEDIANTECHNOLOGIES,Euronext
MEDCL.PA,MEDINCELL,Euronext
MLMCE.PA,MEDIOCREDITO EUROP,Euronext
MELE.PA,MELEXIS,Euronext
MEMS.PA,MEMSCAP REGPT,Euronext
MERY.PA,MERCIALYS,Euronext
MRK.PA,MERCK AND CO INC,Euronext
MLMIV.PA,MERIDIA RE IV,Euronext
MRL.PA,MERLIN PROPERTIES,Euronext
MRN.PA,MERSEN,Euronext
METEX.PA,METABOLIC EXPLORER,Euronext
MLETA.PA,METALLIANCE,Euronext
ALMET.PA,METHANOR,Euronext
ALMTH.PA,METHORIOS CAPITAL,Euronext
MLMIB.PA,METRICS IN BALANCE,Euronext
MMT.PA,METROPOLE TV,Euronext
ALMGI.PA,MG INTERNATIONAL,Euronext
ALMDG.PA,MGI DIGITAL GRAPHI,Euronext
ML.PA,MICHELIN,Euronext
MUN.PA,MICROPOLE,Euronext
MLSKN.PA,MICROSKIN,Euronext
MLNMA.PA,MIGUET ET ASSOCIES,Euronext
MIKO.PA,MIKO,Euronext
ALMLB.PA,MILIBOO,Euronext
MIO.PA,MINCON GROUP PLC,Euronext
ALBUD.PA,MINT,Euronext
BUDBS.PA,MINT BS,Euronext
MITRA.PA,MITHRA,Euronext
NEDSE.PA,MKB Nedsense,Euronext
MLAMY.PA,MLD,Euronext
ALMND.PA,MND,Euronext
MONC.PA,MONCEY (FIN.) NOM.,Euronext
MLMON.PA,MONFINANCIER,Euronext
MLMR.PA,MONUMENTAL RES,Euronext
MOP.PA,MOPOLI,Euronext
MOPF.PA,MOPOLI FOND,Euronext
MORE.PA,MOREFIELD GROUP,Euronext
EGL.PA,MOTA ENGIL,Euronext
ALMOU.PA,MOULINVEST,Euronext
MOUR.PA,MOURY CONSTRUCT,Euronext
ALMRB.PA,MR BRICOLAGE,Euronext
MLMTD.PA,MTD FINANCE,Euronext
MLMUL.PA,MULANN,Euronext
MLM24.PA,MULTI 24,Euronext
MEURV.PA,MUNCHENER RUCKVERS,Euronext
ALMUN.PA,MUNIC,Euronext
GREV.PA,MUSEE GREVIN,Euronext
ALMBG.PA,MYBEST GROUP,Euronext
NACON.PA,NACON,Euronext
NAI.PA,NAI ORD SHARES,Euronext
NAITR.PA,NAI TREAS SHARES,Euronext
NAIW.PA,NAI WARRANTS,Euronext
ALNMR.PA,NAMR,Euronext
NANO.PA,NANOBIOTIX,Euronext
MLNAT.PA,NATURE ET LOGIS,Euronext
NAVYA.PA,NAVYA,Euronext
NEDAP.PA,NEDAP,Euronext
MLNEO.PA,NEOCOM MULTIMEDIA,Euronext
NEOEN.PA,NEOEN,Euronext
ALNLF.PA,NEOLIFE,Euronext
NLFBS.PA,NEOLIFE BS,Euronext
ALNEV.PA,NEOVACS,Euronext
NRP.PA,NEPI ROCKCASTLE,Euronext
ALNTG.PA,NETGEM,Euronext
MLNEU.PA,NEUFCOUR-FIN.,Euronext
NRO.PA,NEURONES,Euronext
NSE.PA,NEW SOURCES ENERGY,Euronext
NEWAY.PA,NEWAYS ELECTRONICS,Euronext
MLNEI.PA,NEWSINVEST,Euronext
NEWT.PA,NEWTREE,Euronext
NEX.PA,NEXANS,Euronext
NXI.PA,NEXITY,Euronext
ALNOR.PA,NEXPONOR-SICAFI,Euronext
ALNXT.PA,NEXTEDIA,Euronext
NEXTS.PA,NEXTSTAGE,Euronext
ALNFL.PA,NFL BIOSCIENCES,Euronext
ALNHT.PA,NH THERAGUIX,Euronext
NHOA.PA,NHOA,Euronext
COX.PA,NICOX,Euronext
NN.PA,NN GROUP,Euronext
NOKIA.PA,NOKIA,Euronext
NOS.PA,"NOS, SGPS",Euronext
ALNOV.PA,NOVACYT,Euronext
MLNOV.PA,NOVATECH IND.,Euronext
ALNOX.PA,NOXXON,Euronext
NR21.PA,NR21,Euronext
NRG.PA,NRJ GROUP,Euronext
ALNSC.PA,NSC GROUPE,Euronext
ALNSE.PA,NSE,Euronext
NSI.PA,NSI N.V.,Euronext
NXFIL.PA,NX FILTRATION,Euronext
NYR.PA,NYRSTAR,Euronext
NYXH.PA,NYXOAH,Euronext
MLOSA.PA,O SORBET D AMOUR,Euronext
ALOBR.PA,OBER,Euronext
ALBIZ.PA,OBIZ,Euronext
OCI.PA,OCI,Euronext
MLOCT.PA,OCTOPUS BIOSAFETY,Euronext
ODYSY.PA,ODYSSEY ORD SHARES,Euronext
ODYSW.PA,ODYSSEY WARRANTS,Euronext
SBT.PA,OENEO,Euronext
OLG.PA,OL GROUPE,Euronext
OLNV.PA,OL GROUPE NV21,Euronext
MLORE.PA,OLIMPO REAL ESTATE,Euronext
ALODC.PA,OMER-DECUGIS & CIE,Euronext
ALONC.PA,ONCODESIGN,Euronext
MLOEX.PA,ONE EXPERIENCE,Euronext
MLONL.PA,ONLINEFORMAPRO,Euronext
ONTEX.PA,ONTEX GROUP,Euronext
ALONX.PA,ONXEO,Euronext
ORPH.PA,OPEN ORPHAN PLC,Euronext
ORA.PA,ORANGE,Euronext
OBEL.PA,ORANGE BELGIUM,Euronext
ORANW.PA,ORANJEWOUD A,Euronext
ORAP.PA,ORAPI,Euronext
ORAPB.PA,ORAPI BSA,Euronext
MLORB.PA,ORBIS PROPERTIES,Euronext
ORDI.PA,ORDINA,Euronext
ALORD.PA,ORDISSIMO,Euronext
OREGE.PA,OREGE,Euronext
ORE.PA,OREY ANTUNES ESC.,Euronext
OIZ.PA,ORIGIN ENT. PLC,Euronext
MLORQ.PA,ORINOQUIA,Euronext
ORQ1.PA,ORMONDE MINING PLC,Euronext
ORP.PA,ORPEA,Euronext
OSE.PA,OSE IMMUNO,Euronext
ALOSM.PA,OSMOZIS,Euronext
OVXA.PA,OVOCA BIO PLC,Euronext
OXUR.PA,OXURION,Euronext
ICE.PA,OZ GROUP,Euronext
MLPAC.PA,PACTE NOVATION,Euronext
PID.PA,PARAGON ID,Euronext
PAR.PA,PAREF,Euronext
MLPFX.PA,PARFEX,Euronext
PARRO.PA,PARROT,Euronext
PABSA.PA,PARROT BSA 1,Euronext
PABSB.PA,PARROT BSA 2,Euronext
MLHOP.PA,PART.INDLES MINI.,Euronext
MLPRX.PA,PARX MATERIALS NV,Euronext
PSAT.PA,PASSAT,Euronext
PAT.PA,PATRIMOINE ET COMM,Euronext
ALPTR.PA,PATRIS,Euronext
ALPAU.PA,PAULIC MEUNERIE,Euronext
PAY.PA,PAYTON PLANAR,Euronext
PCA.PA,PCAS,Euronext
PACE.PA,PEGASUS ORD SHARES,Euronext
PACEU.PA,PEGASUS UNITS,Euronext
PACEW.PA,PEGASUS WARRANTS,Euronext
IL0A.PA,PERM. TSB GP. HOLD,Euronext
RI.PA,PERNOD RICARD,Euronext
PERR.PA,PERRIER (GERARD),Euronext
P8ET.PA,PETRONEFT RES.,Euronext
PEUG.PA,PEUGEOT INVEST,Euronext
PHA.PA,PHARMAGEST INTER.,Euronext
ALPHS.PA,PHARMASIMPLE,Euronext
PHARM.PA,PHARMING GROUP,Euronext
ALPHA.PA,PHARNEXT,Euronext
PHR.PA,PHAROL,Euronext
ALPHE.PA,PHERECYDES PHARMA,Euronext
INPHI.PA,PHILIPS BUY BACK,Euronext
PHIA.PA,PHILIPS KON,Euronext
MLPHW.PA,PHONE WEB,Euronext
MLPHO.PA,PHOTONIKE CAPITAL,Euronext
PIC.PA,PICANOL,Euronext
VAC.PA,PIERRE VACANCES,Euronext
ALPDX.PA,PISCINES DESJOYAUX,Euronext
ALPIX.PA,PIXIUM VISION,Euronext
MLPLC.PA,PLACOPLATRE,Euronext
ALPLA.PA,PLANET MEDIA,Euronext
ALPAT.PA,PLANT ADVANCED,Euronext
PATBS.PA,PLANT ADVANCED BS,Euronext
PVL.PA,PLAST.VAL LOIRE,Euronext
POM.PA,PLASTIC OMNIUM,Euronext
PORF.PA,PORCELEYNE FLES,Euronext
PNL.PA,POSTNL,Euronext
ALPJT.PA,POUJOULAT,Euronext
ALPOU.PA,POULAILLON,Euronext
POXEL.PA,POXEL,Euronext
PPLAA.PA,PPLA CLASS A,Euronext
PPLAB.PA,PPLA CLASS B,Euronext
PPLA.PA,PPLA European Unit,Euronext
PREC.PA,PRECIA,Euronext
ALPRE.PA,PREDILIFE,Euronext
ALPRI.PA,PRISMAFLEX INTL,Euronext
PROAC.PA,PROACTIS SA,Euronext
ALPRO.PA,PRODWARE,Euronext
PWG.PA,PRODWAYS,Euronext
PROL.PA,PROLOGUE,Euronext
PROBT.PA,PROLOGUE BSA,Euronext
PROBS.PA,PROLOGUE BSA 2017,Euronext
MLPRI.PA,PROP.IMMEUBLES,Euronext
PSMP.PA,PROSIEBENSAT,Euronext
PRX.PA,PROSUS,Euronext
MLPRO.PA,PROVENTURE GOLD,Euronext
PZQA.PA,PROVIDENCE RES.,Euronext
PROX.PA,PROXIMUS,Euronext
PUBBS.PA,PUBLICIS BSA,Euronext
PUB.PA,PUBLICIS GROUPE SA,Euronext
QRF.PA,QRF,Euronext
QDT.PA,QUADIENT,Euronext
ALQP.PA,QUADPACK,Euronext
ALQGC.PA,QUANTUM GENOMICS,Euronext
QFG.PA,QUESTFOR GR-PRICAF,Euronext
ALQWA.PA,QWAMPLIFY,Euronext
QWABS.PA,QWAMPLIFY BSAANE,Euronext
MLRZE.PA,RAIZE,Euronext
RAL.PA,RALLYE,Euronext
RAM.PA,RAMADA,Euronext
GDS.PA,RAMSAY GEN SANTE,Euronext
RAND.PA,RANDSTAD NV,Euronext
ALRPD.PA,RAPID NUTRITION,Euronext
ML350.PA,RAPIDO PRET,Euronext
REAL.PA,REALCO,Euronext
ALREA.PA,REALITES,Euronext
REC.PA,RECTICEL,Euronext
RX.PA,RECYLEX S.A.,Euronext
REI.PA,REIBEL,Euronext
REINA.PA,REINET INVESTMENTS,Euronext
REN.PA,RELX,Euronext
RCO.PA,REMY COINTREAU,Euronext
RENE.PA,REN,Euronext
RNO.PA,RENAULT,Euronext
RWI.PA,RENEWI,Euronext
MLJDL.PA,RES GESTAE SOCIMI,Euronext
RES.PA,RESILUX,Euronext
MLREX.PA,REVIVAL EXPANSION,Euronext
ALREW.PA,REWORLD MEDIA,Euronext
RXL.PA,REXEL,Euronext
ALRIB.PA,RIBER,Euronext
RBT.PA,ROBERTET,Euronext
CBR.PA,ROBERTET CDV 87,Euronext
CBE.PA,ROBERTET CI,Euronext
RBO.PA,ROCHE BOBOIS,Euronext
ALROC.PA,ROCTOOL,Euronext
ROCBS.PA,ROCTOOL BSA 2020,Euronext
ROCBT.PA,ROCTOOL BSA 2020-2,Euronext
ROOD.PA,ROODMICROTEC,Euronext
ENGB.PA,ROSIER,Euronext
ROTH.PA,ROTHSCHILD & CO,Euronext
ALRGR.PA,ROUGIER S.A.,Euronext
ROU.PA,ROULARTA,Euronext
MLROU.PA,ROUSSELET CENTRIF.,Euronext
RDSA.PA,ROYAL DUTCH SHELLA,Euronext
RDSB.PA,ROYAL DUTCH SHELLB,Euronext
MLRSR.PA,RSR SINGULAR,Euronext
RUI.PA,RUBIS,Euronext
RY4C.PA,RYANAIR HOLD. PLC,Euronext
SCB.PA,S.CLUBE BRAGA,Euronext
SK.PA,S.E.B.,Euronext
ALSAF.PA,SAFE,Euronext
SAF.PA,SAFRAN,Euronext
SABE.PA,SAINT JEAN GROUPE,Euronext
SAMS.PA,SAMSE,Euronext
SAN.PA,SANOFI,Euronext
ALMER.PA,SAPMER,Euronext
DIM.PA,SARTORIUS STED BIO,Euronext
SAVE.PA,SAVENCIA,Euronext
MLSDN.PA,SAVONNERIE NYONS,Euronext
SBMO.PA,SBM OFFSHORE,Euronext
MLSBT.PA,SBT,Euronext
MLSHD.PA,SCANDINAVIAN HOUSE,Euronext
CBSM.PA,SCBSM,Euronext
MLCMI.PA,SCEMI,Euronext
SCHD.PA,SCHEERD.V KERCHOVE,Euronext
SLB.PA,SCHLUMBERGER,Euronext
SU.PA,SCHNEIDER ELECTRIC,Euronext
MLSCH.PA,SCHOBRUNN PARIS,Euronext
MLSCI.PA,SCIENTIA SCHOOL,Euronext
SCR.PA,SCOR SE,Euronext
SCHP.PA,SECHE ENVIRONNEM.,Euronext
SGRO.PA,SEGRO PLC,Euronext
ALSEI.PA,SEIF SPA,Euronext
SLCO.PA,SELCODIS,Euronext
SELER.PA,SELECTIRENTE,Euronext
SEM.PA,SEMAPA,Euronext
MLSMP.PA,SEMPLICEMENTE SpA,Euronext
ALSEN.PA,SENSORION,Euronext
MLSEQ.PA,SEQUA PETROLEUM NV,Euronext
SEQUA.PA,SEQUANA MEDICAL,Euronext
SEFER.PA,SERGEFERRARI GROUP,Euronext
ALSER.PA,SERMA GROUP,Euronext
SESG.PA,SES,Euronext
SESL.PA,SES IMAGOTAG,Euronext
SRP.PA,SHOWROOMPRIVE,Euronext
SHUR.PA,SHURGARD,Euronext
ALBFR.PA,SIDETRADE,Euronext
SIA.PA,SIEMENS,Euronext
SIFG.PA,SIF HOLDING,Euronext
ALGIR.PA,SIGNAUX GIROD,Euronext
LIGHT.PA,SIGNIFY NV,Euronext
SII.PA,SII,Euronext
MLSIL.PA,SILC,Euronext
MLMAT.PA,SIMAT,Euronext
MLSNT.PA,SINTESI SpA,Euronext
SIP.PA,SIPEF,Euronext
SLIGR.PA,SLIGRO FOOD GROUP,Euronext
MLSML.PA,SMALTO,Euronext
SMLBS.PA,SMALTO BSA,Euronext
SMAR.PA,SMARTPHOTO GROUP,Euronext
SMCP.PA,SMCP,Euronext
SMTPC.PA,SMTPC,Euronext
SK3.PA,SMURFIT KAPPA GP,Euronext
SNOW.PA,SNOWWORLD,Euronext
SFCA.PA,SOC FRANC CASINOS,Euronext
GLE.PA,SOCIETE GENERALE,Euronext
SW.PA,SODEXO,Euronext
SEC.PA,SODITECH,Euronext
SOF.PA,SOFINA,Euronext
SOFT.PA,SOFTIMAT,Euronext
SOG.PA,SOGECLAIR,Euronext
SOI.PA,SOITEC,Euronext
LOCAL.PA,SOLOCAL GROUP,Euronext
S30.PA,SOLUTIONS 30 SE,Euronext
SOLV.PA,SOLVAC NOM(RETAIL),Euronext
SO.PA,SOMFY SA,Euronext
SON.PA,SONAE,Euronext
SNG.PA,SONAGI,Euronext
SOP.PA,SOPRA STERIA GROUP,Euronext
SPA.PA,SPADEL,Euronext
ALSPT.PA,SPARTOO,Euronext
MLSRP.PA,SPEED RABBIT PIZZA,Euronext
SPIE.PA,SPIE,Euronext
ALSGD.PA,SPINEGUARD,Euronext
SGDBS.PA,SPINEGUARD BS,Euronext
ALSPW.PA,SPINEWAY,Euronext
SCP.PA,SPORTING,Euronext
SQI.PA,SQLI,Euronext
DPT.PA,ST DUPONT,Euronext
STF.PA,STEF,Euronext
STLA.PA,STELLANTIS NV,Euronext
STRN.PA,STERN GROEP,Euronext
STM.PA,STMICROELECTRONICS,Euronext
ALSAS.PA,STRADIM ESPAC.FIN,Euronext
ALSTW.PA,STREAMWIDE,Euronext
MLSTR.PA,STREIT MECANIQUE,Euronext
MLSUM.PA,SUMO RESOURCES PLC,Euronext
SWP.PA,SWORD GROUP,Euronext
SDG.PA,SYNERGIE,Euronext
TKTT.PA,TARKETT,Euronext
TAYN.PA,TAYNINH,Euronext
MLTEA.PA,TEAM,Euronext
TECBS.PA,TECH BSA 2024,Euronext
TCH.PA,TECHNICOLOR,Euronext
TE.PA,TECHNIP ENERGIES,Euronext
FTI.PA,TECHNIPFMC,Euronext
TDSA.PA,TEIXEIRA DUARTE,Euronext
TIT.PA,TELECOM ITALIA SPA,Euronext
TFA.PA,TELEFONICA,Euronext
TNET.PA,TELENET GROUP,Euronext
TEP.PA,TELEPERFORMANCE,Euronext
TVRB.PA,TELEVERBIER,Euronext
MLVST.PA,TELEVISTA,Euronext
TERB.PA,TER BEKE,Euronext
TCO.PA,TESCO PLC,Euronext
TESB.PA,TESSENDERLO,Euronext
TES.PA,TESSI,Euronext
TET.PA,TETRYS,Euronext
TEXF.PA,TEXAF,Euronext
TFI.PA,TF1,Euronext
TFF.PA,TFF GROUP,Euronext
HO.PA,THALES,Euronext
ALTBG.PA,THE BLOCKCHAIN GP,Euronext
NVG.PA,THE NAVIGATOR COMP,Euronext
ALTHE.PA,THERACLION,Euronext
ALTER.PA,THERADIAG,Euronext
ALTHX.PA,THERANEXUS,Euronext
THEP.PA,THERMADOR GROUPE,Euronext
TIE.PA,TIE KINETIX,Euronext
TKO.PA,TIKEHAU CAPITAL,Euronext
TINC.PA,TINC,Euronext
TIPI.PA,TIPIAK,Euronext
TISN.PA,TISCALI,Euronext
ALTIV.PA,TIVOLY,Euronext
TWEKA.PA,TKH GROUP,Euronext
TOM2.PA,TOMTOM,Euronext
ALTLX.PA,TOOLUX SANDING,Euronext
ALTBM.PA,TOQUES BLANCHES,Euronext
EC.PA,TOTAL GABON,Euronext
TOUP.PA,TOUAX,Euronext
EIFF.PA,TOUR EIFFEL,Euronext
MLABO.PA,TOUTABO,Euronext
SCT.PA,TOYOTA CAETANO,Euronext
MLPSH.PA,TPSH,Euronext
MLTRA.PA,TRAMWAYS DE ROUEN,Euronext
TNG.PA,TRANSGENE,Euronext
TRAN.PA,TRANSITION SHARES,Euronext
TRANW.PA,TRANSITION WARRANT,Euronext
TRI.PA,TRIGANO,Euronext
ALTRI.PA,TRILOGIQ,Euronext
MLTRO.PA,TROC ILE,Euronext
ALTRO.PA,TRONICS,Euronext
ALTTI.PA,TTI,Euronext
TUBAT.PA,TUBIZE (ATTR),Euronext
TUB.PA,TUBIZE-FIN,Euronext
TQW.PA,TULLOW OIL PLC,Euronext
ALTXC.PA,TXCOM,Euronext
ALU10.PA,U10 CORP,Euronext
UBI.PA,UBISOFT ENTERTAIN,Euronext
ALUCR.PA,UCAR,Euronext
PNSB.PA,UCARE SERVICES BEL,Euronext
UCB.PA,UCB,Euronext
MLUMG.PA,UMALIS GROUP,Euronext
ALUMS.PA,UMANIS,Euronext
UMG.PA,UMG,Euronext
UMI.PA,UMICORE,Euronext
MLUMH.PA,UNI.METALG.HT-SEI.,Euronext
UNBL.PA,UNIBEL,Euronext
UPG.PA,UNIFIEDPOST GROUP,Euronext
UNA.PA,UNILEVER,Euronext
UFF.PA,UNION FIN.FRANCE,Euronext
FPG.PA,UNION TECH.INFOR.,Euronext
UPR.PA,UNIPHAR PLC,Euronext
ALUNT.PA,UNITI,Euronext
ALUPG.PA,UPERGY,Euronext
ALUVI.PA,UV GERMI,Euronext
VLK.PA,V LANSCHOT KEMPEN,Euronext
VAF.PA,VAA VISTA ALEGRE,Euronext
ALVAL.PA,VALBIOTIS,Euronext
FR.PA,VALEO,Euronext
VK.PA,VALLOUREC,Euronext
VKBS.PA,VALLOUREC BSA 21,Euronext
VLA.PA,VALNEVA,Euronext
MLVAL.PA,VALONEO,Euronext
VALUE.PA,VALUE8,Euronext
PREVA.PA,VALUE8 CUM PREF,Euronext
VAM.PA,VAM INVEST SHARES,Euronext
VAMT.PA,VAM INVEST TR SHA,Euronext
VAMW.PA,VAM INVEST WARRANT,Euronext
VAN.PA,VAN DE VELDE,Euronext
VASTN.PA,VASTNED,Euronext
VASTB.PA,VASTNED BELGIUM,Euronext
ALVU.PA,VENTE UNIQUE.COM,Euronext
VIE.PA,VEOLIA ENVIRON.,Euronext
VEON.PA,VEON,Euronext
VRLA.PA,VERALLIA,Euronext
ALVER.PA,VERGNET,Euronext
VMX.PA,VERIMATRIX,Euronext
MLVER.PA,VERNEY CARRON,Euronext
VETO.PA,VETOQUINOL,Euronext
VGP.PA,VGP,Euronext
ALVIA.PA,VIALIFE,Euronext
VCT.PA,VICAT,Euronext
VIL.PA,VIEL ET COMPAGNIE,Euronext
RIN.PA,VILMORIN & CIE,Euronext
DG.PA,VINCI,Euronext
VIO.PA,VIOHALCO,Euronext
VIRP.PA,VIRBAC,Euronext
ALVIV.PA,VISIATIV,Euronext
VIVBS.PA,VISIATIV BS,Euronext
MLVIS.PA,VISIO NERF,Euronext
SDT.PA,VISIODENT,Euronext
VMGBS.PA,VISIOMED BSA2018-1,Euronext
ALVMG.PA,VISIOMED GROUP,Euronext
VMGBT.PA,VISIOMEDBSA26OCT23,Euronext
VTR.PA,VITURA,Euronext
VIV.PA,VIVENDI SE,Euronext
VVY.PA,VIVORYON,Euronext
ALVGO.PA,VOGO,Euronext
VWA.PA,VOLKSWAGEN,Euronext
VWAP.PA,VOLKSWAGEN PREF,Euronext
VTA.PA,VOLTA FINANCE,Euronext
VLTSA.PA,VOLTALIA,Euronext
ALVTX.PA,VOLUNTIS,Euronext
VPK.PA,VOPAK,Euronext
ALVDM.PA,VOYAGEURS DU MONDE,Euronext
6VR.PA,VR EDUCATION HOLD.,Euronext
MLVRF.PA,VREF SEVILLE,Euronext
ALLIX.PA,WALLIX,Euronext
WEB.PA,WAREHOUSES,Euronext
WAVE.PA,WAVESTONE,Euronext
ALWEC.PA,WE.CONNECT,Euronext
MLWEA.PA,WEACCESS GROUP,Euronext
ALWED.PA,WEDIA,Euronext
MLWEL.PA,WELL,Euronext
MF.PA,WENDEL,Euronext
WHA.PA,WERELDHAVE,Euronext
WEHB.PA,WERELDHAVE BELGIUM,Euronext
MLWEY.PA,WEYA,Euronext
MLWRC.PA,WHITENI R CAJAL,Euronext
ROCK.PA,WHITESTONE GROUP,Euronext
ALWF.PA,WINFARM,Euronext
ALWIT.PA,WITBE,Euronext
MLWIZ.PA,WIZIBOAT,Euronext
WOLE.PA,WOL. EXTENS. CERT,Euronext
WOLS.PA,WOL. SHOPPING CERT,Euronext
WKL.PA,WOLTERS KLUWER,Euronext
WLN.PA,WORLDLINE,Euronext
XFAB.PA,X-FAB,Euronext
XIL.PA,XILAM ANIMATION,Euronext
XIOR.PA,XIOR,Euronext
YATRA.PA,YATRA,Euronext
YEW.PA,YEW GROVE REIT PLC,Euronext
MLZAM.PA,ZCCM,Euronext
CV.PA,ZCI LIMITED,Euronext
ZEN.PA,ZENOBE GRAMME CERT,Euronext
HMSO.L,HAMMERSON PLC,Euronext
2020.OL,2020 BULKERS,Euronext
5PG.OL,5TH PLANET GAMES,Euronext
AASB.OL,AASEN SPAREBANK,Euronext
ABG.OL,ABG SUNDAL COLLIER,Euronext
ADE.OL,ADEVINTA,Euronext
ADS.OL,ADS MARITIME HOLD,Euronext
AEGA.OL,AEGA,Euronext
AEGAT.OL,AEGA TR,Euronext
AFG.OL,AF GRUPPEN,Euronext
AGLX.OL,AGILYX,Euronext
AIRX.OL,AIRTHINGS,Euronext
AKAST.OL,AKASTOR,Euronext
AKER.OL,AKER,Euronext
AKBM.OL,AKER BIOMARINE,Euronext
AKRBP.OL,AKER BP,Euronext
ACC.OL,AKER CARBON CAPTUR,Euronext
ACH.OL,AKER CLEAN HYDROGE,Euronext
AKH.OL,AKER HORIZONS,Euronext
AOW.OL,AKER OFFSHORE WIND,Euronext
AKSO.OL,AKER SOLUTIONS,Euronext
AKOBO.OL,AKOBO MINERALS,Euronext
AKVA.OL,AKVA GROUP,Euronext
ALT.OL,ALTERNUS ENERGY GR,Euronext
AMSC.OL,AMERICAN SHIPPING,Euronext
ANDF.OL,ANDFJORD SALMON,Euronext
ANORA.OL,ANORA GROUP,Euronext
ABT.OL,AQUA BIO TECHNO,Euronext
AQUA.OL,AQUALISBRAEMAR LOC,Euronext
ARCH.OL,ARCHER,Euronext
ABS.OL,ARCTIC BIOSCIENCE,Euronext
AFISH.OL,ARCTIC FISH HOLDIN,Euronext
AZT.OL,ARCTICZYMES TECHNO,Euronext
AFK.OL,ARENDALS FOSSEKOMP,Euronext
ARGEO.OL,ARGEO,Euronext
ARR.OL,ARRIBATEC GROUP,Euronext
ASTK.OL,ASETEK,Euronext
ASTRO.OL,ASTROCAST,Euronext
ATEA.OL,ATEA,Euronext
ASA.OL,ATLANTIC SAPPHIRE,Euronext
AURG.OL,AURSKOG SPAREBANK,Euronext
AUSS.OL,AUSTEVOLL SEAFOOD,Euronext
AGAS.OL,AVANCE GAS HOLDING,Euronext
AWDR.OL,AWILCO DRILLING,Euronext
ALNG.OL,AWILCO LNG,Euronext
ACR.OL,AXACTOR,Euronext
AYFIE.OL,AYFIE GROUP,Euronext
B2H.OL,B2HOLDING,Euronext
BAKKA.OL,BAKKAFROST,Euronext
BALT.OL,BALTIC SEA PROP,Euronext
BANO.OL,BANK NORWEGIAN,Euronext
BARRA.OL,BARRAMUNDI GROUP,Euronext
BELCO.OL,BELSHIPS,Euronext
BCS.OL,BERGEN CARBON SOL,Euronext
BGBIO.OL,BERGENBIO,Euronext
BEWI.OL,BEWI,Euronext
BFISH.OL,BIOFISH HOLDING,Euronext
BSP.OL,BLACK SEA PROPERTY,Euronext
BONHR.OL,BONHEUR,Euronext
BOR.OL,BORGESTAD,Euronext
BORR.OL,BORR DRILLING,Euronext
BRG.OL,BORREGAARD,Euronext
BOUV.OL,BOUVET,Euronext
BRA.OL,BRABANK,Euronext
BWE.OL,BW ENERGY LIMITED,Euronext
BWEK.OL,BW Epic Kosan,Euronext
BWIDL.OL,BW IDEOL,Euronext
BWLPG.OL,BW LPG,Euronext
BWO.OL,BW OFFSHORE LTD,Euronext
BMA.OL,BYGGMA,Euronext
CADLR.OL,CADELER,Euronext
CAMBI.OL,CAMBI,Euronext
CARA.OL,CARASENT,Euronext
CARBN.OL,CARBON TRANSITION,Euronext
CIRCA.OL,CIRCA GROUP,Euronext
CSS.OL,CLEAN SEAS SEAFOOD,Euronext
CLOUD.OL,CLOUDBERRY CLEAN,Euronext
CONTX.OL,CONTEXTVISION,Euronext
CRAYN.OL,CRAYON GROUP HOLD,Euronext
CSAM.OL,CSAM HEALTH GROUP,Euronext
CYVIZ.OL,CYVIZ,Euronext
DVD.OL,DEEP VALUE DRILLER,Euronext
DSRT.OL,DESERT CONTROL,Euronext
DLTX.OL,DLT,Euronext
DNB.OL,DNB BANK,Euronext
DNO.OL,DNO,Euronext
DOF.OL,DOF,Euronext
EAM.OL,EAM SOLAR,Euronext
ECIT.OL,ECIT AS B-AKSJER,Euronext
ECO.OL,ECOONLINE HOLDING,Euronext
EIOF.OL,EIDESVIK OFFSHORE,Euronext
EMGS.OL,ELECTROMAGNET GEO,Euronext
ELIMP.OL,ELEKTROIMPORTØREN,Euronext
ELK.OL,ELKEM,Euronext
ELABS.OL,ELLIPTIC LABORATOR,Euronext
ELOP.OL,ELOP,Euronext
ELO.OL,ELOPAK,Euronext
ENDUR.OL,ENDÚR,Euronext
ENSU.OL,ENSURGE MICROPOWER,Euronext
ENTRA.OL,ENTRA,Euronext
ENVIP.OL,ENVIPCO HOLDING,Euronext
EQNR.OL,EQUINOR,Euronext
EPR.OL,EUROPRIS,Euronext
EFUEL.OL,EVERFUEL,Euronext
EXTX.OL,EXACT THERAPEUTICS,Euronext
FKRFT.OL,FJORDKRAFT HOLDING,Euronext
FLNG.OL,FLEX LNG,Euronext
FLYR.OL,FLYR,Euronext
FRO.OL,FRONTLINE,Euronext
FROY.OL,FRØY,Euronext
GIG.OL,GAMING INNOVATION,Euronext
RISH.OL,GC RIEBER SHIPPING,Euronext
GENT.OL,GENTIAN DIAGNOSTIC,Euronext
GIGA.OL,GIGANTE SALMON,Euronext
GJF.OL,GJENSIDIGE FORSIKR,Euronext
GNP.OL,GNP ENERGY,Euronext
GEOS.OL,GOLDEN ENERGY OFF,Euronext
GOGL.OL,GOLDEN OCEAN GROUP,Euronext
GOD.OL,GOODTECH,Euronext
GEM.OL,GREEN MINERALS,Euronext
GSF.OL,GRIEG SEAFOOD,Euronext
GRONG.OL,GRONG SPAREBANK,Euronext
GYL.OL,GYLDENDAL,Euronext
HAFNI.OL,HAFNIA LIMITED,Euronext
HMONY.OL,HARMONYCHAIN,Euronext
HAV.OL,HAV GROUP,Euronext
HKY.OL,HAVILA KYSTRUTEN,Euronext
HAVI.OL,HAVILA SHIPPING,Euronext
HYARD.OL,HAVYARD GROUP,Euronext
HEX.OL,HEXAGON COMPOSITES,Euronext
HPUR.OL,HEXAGON PURUS,Euronext
HBC.OL,HOFSETH BIOCARE,Euronext
HSPG.OL,HØLAND OG SETSKOG,Euronext
HRGI.OL,HORISONT ENERGI,Euronext
HOC.OL,HOUSE OF CONTROL,Euronext
HUDL.OL,HUDDLESTOCK FINTEC,Euronext
HDLY.OL,HUDDLY,Euronext
HUNT.OL,HUNTER GROUP,Euronext
HYPRO.OL,HYDROGENPRO,Euronext
HYN.OL,HYNION,Euronext
IFISH.OL,ICE FISH FARM,Euronext
ICEGR.OL,ICE GROUP,Euronext
ISLAX.OL,ICELANDIC SALMON,Euronext
IDEX.OL,IDEX BIOMETRICS,Euronext
INDCT.OL,INDUCT,Euronext
INSR.OL,INSR INSURANCE GP,Euronext
INSTA.OL,INSTABANK,Euronext
IWS.OL,INTEGRATED WIND SO,Euronext
IOX.OL,INTEROIL EXPL PROD,Euronext
ITERA.OL,ITERA,Euronext
JAREN.OL,JÆREN SPAREBANK,Euronext
JIN.OL,JINHUI SHIPP TRANS,Euronext
KAHOT.OL,KAHOOT!,Euronext
KAL.OL,KALERA,Euronext
KID.OL,KID,Euronext
KIT.OL,KITRON,Euronext
KCC.OL,KLAVENESS COMBINAT,Euronext
KMCP.OL,KMC PROPERTIES,Euronext
KOMPL.OL,KOMPLETT,Euronext
KOMP.OL,KOMPLETT BANK,Euronext
KOA.OL,KONGSBERG AUTOMOT,Euronext
KOG.OL,KONGSBERG GRUPPEN,Euronext
KRAB.OL,KRAFT BANK,Euronext
KYOTO.OL,KYOTO GROUP,Euronext
LSG.OL,LERØY SEAFOOD GP,Euronext
LIFE.OL,LIFECARE,Euronext
LINK.OL,LINK MOBILITY GRP,Euronext
LYTIX.OL,LYTIX BIOPHARMA,Euronext
MVW.OL,M VEST WATER,Euronext
MGN.OL,MAGNORA,Euronext
MSEIS.OL,MAGSEIS FAIRFIELD,Euronext
MAS.OL,MÅSØVAL,Euronext
MEDI.OL,MEDISTIM,Euronext
MELG.OL,MELHUS SPAREBANK,Euronext
MWTR.OL,MELTWATER,Euronext
MRCEL.OL,MERCELL HOLDING,Euronext
MNTR.OL,MINTRA HOLDING,Euronext
MOWI.OL,MOWI,Euronext
MPCC.OL,MPC CONTAINER SHIP,Euronext
MPCES.OL,MPC ENERGY SOLUTIO,Euronext
MULTI.OL,MULTICONSULT,Euronext
NAPA.OL,NAPATECH,Euronext
NAVA.OL,NAVAMEDIC,Euronext
NKR.OL,NEKKAR,Euronext
NEL.OL,NEL,Euronext
NOC.OL,NETOIL CAPITAL,Euronext
NEXT.OL,NEXT BIOMETRICS GP,Euronext
NISB.OL,NIDAROS SPAREBANK,Euronext
NORBT.OL,NORBIT,Euronext
NCOD.OL,NORCOD,Euronext
NORDH.OL,NORDHEALTH A-AKSJE,Euronext
NOAP.OL,NORDIC AQUA PART,Euronext
NOHAL.OL,NORDIC HALIBUT,Euronext
NOM.OL,NORDIC MINING,Euronext
NANOV.OL,NORDIC NANOVECTOR,Euronext
NOD.OL,NORDIC SEMICONDUC,Euronext
NUMND.OL,NORDIC UNMANNED,Euronext
NORSE.OL,NORSE ATLANTIC,Euronext
NHY.OL,NORSK HYDRO,Euronext
NSOL.OL,NORSK SOLAR,Euronext
NTI.OL,NORSK TITANIUM,Euronext
NSKOG.OL,NORSKE SKOG,Euronext
NTEL.OL,NORTEL,Euronext
NORTH.OL,NORTH ENERGY,Euronext
NODL.OL,NORTHERN DRILLING,Euronext
NOL.OL,NORTHERN OCEAN LTD,Euronext
NRS.OL,NORWAY ROYALSALMON,Euronext
NAS.OL,NORWEGIAN AIR SHUT,Euronext
NOR.OL,NORWEGIAN ENERGY,Euronext
NRC.OL,NRC GROUP,Euronext
NTS.OL,NTS,Euronext
OBSRV.OL,OBSERVE MEDICAL,Euronext
OSUN.OL,OCEAN SUN,Euronext
OCY.OL,OCEAN YIELD,Euronext
OTS.OL,OCEANTEAM,Euronext
ODL.OL,ODFJELL DRILLING,Euronext
ODF.OL,ODFJELL SER. A,Euronext
ODFB.OL,ODFJELL SER. B,Euronext
OKEA.OL,OKEA,Euronext
OET.OL,OKEANIS ECO TANKER,Euronext
OLT.OL,OLAV THON EIENDOMS,Euronext
ORK.OL,ORKLA,Euronext
ORN.OL,ØRN SOFTWARE HLD.,Euronext
OTEC.OL,OTELLO CORPORATION,Euronext
OTOVO.OL,OTOVO,Euronext
PEN.OL,PANORO ENERGY,Euronext
PARB.OL,PARETO BANK,Euronext
PSKY.OL,PATIENTSKY GROUP,Euronext
PCIB.OL,PCI BIOTECH HOLD,Euronext
PSE.OL,PETROLIA,Euronext
PNOR.OL,PETRONOR E&P LTD,Euronext
PEXIP.OL,PEXIP HOLDING,Euronext
PGS.OL,PGS,Euronext
PHLY.OL,PHILLY SHIPYARD,Euronext
PHO.OL,PHOTOCURE,Euronext
PPG.OL,PIONEER PROPERTY,Euronext
PMG.OL,PLAY MAGNUS,Euronext
POL.OL,POLARIS MEDIA,Euronext
PLT.OL,POLIGHT,Euronext
PRS.OL,PROSAFE,Euronext
PROT.OL,PROTECTOR FORSIKRG,Euronext
PROXI.OL,PROXIMAR SEAFOOD,Euronext
PRYME.OL,PRYME,Euronext
PYRUM.OL,PYRUM INNOVATIONS,Euronext
QFR.OL,Q-FREE,Euronext
QFUEL.OL,QUANTAFUEL,Euronext
QUEST.OL,QUESTBACK GROUP,Euronext
QEC.OL,QUESTERRE ENERGY,Euronext
R8P.OL,R8 PROPERTY,Euronext
RAKP.OL,RAK PETROLEUM,Euronext
RANA.OL,RANA GRUBER,Euronext
REACH.OL,REACH SUBSEA,Euronext
RECSI.OL,REC SILICON,Euronext
RIVER.OL,RIVER TECH,Euronext
ROMER.OL,ROMERIKE SPAREBK,Euronext
ROM.OL,ROMREAL,Euronext
ROMSB.OL,ROMSDAL SPAREBANK,Euronext
SAGA.OL,SAGA PURE,Euronext
SALM.OL,SALMAR,Euronext
SALME.OL,SALMON EVOLUTION,Euronext
SACAM.OL,SALMONES CAMANCH,Euronext
SADG.OL,SANDNES SPAREBANK,Euronext
SASNO.OL,SAS AB,Euronext
SATS.OL,SATS,Euronext
SBANK.OL,SBANKEN,Euronext
SCANA.OL,SCANA,Euronext
SCATC.OL,SCATEC,Euronext
SCHA.OL,SCHIBSTED SER. A,Euronext
SCHB.OL,SCHIBSTED SER. B,Euronext
SDSD.OL,SD STAND DRILLING,Euronext
GEG.OL,SEABIRD EXPLORAT,Euronext
SDRL.OL,SEADRILL,Euronext
SEAW7.OL,SEAWAY 7,Euronext
SSG.OL,SELF STORAGE GROUP,Euronext
SBO.OL,SELVAAG BOLIG,Euronext
SHLF.OL,SHELF DRILLING,Euronext
SIOFF.OL,SIEM OFFSHORE,Euronext
SIKRI.OL,SIKRI HOLDING,Euronext
SKAND.OL,SKANDIA GREENPOWER,Euronext
SKI.OL,SKITUDE HOLDING,Euronext
SKUE.OL,SKUE SPAREBANK,Euronext
SMCRT.OL,SMARTCRAFT,Euronext
SMOP.OL,SMARTOPTICS GROUP,Euronext
SOFTX.OL,SOFTOX SOLUTIONS,Euronext
SOGN.OL,SOGN SPAREBANK,Euronext
SOLON.OL,SOLON EIENDOM,Euronext
SOFF.OL,SOLSTAD OFFSHORE,Euronext
SOHO.OL,SONANS HOLDING,Euronext
SB68.OL,SPARBNK 68 GR NORD,Euronext
MING.OL,SPAREBANK 1 SMN,Euronext
SOON.OL,SPAREBANK 1 SØRØ,Euronext
SRBNK.OL,SPAREBANK 1 SR-BK,Euronext
MORG.OL,SPAREBANKEN MØRE,Euronext
SPOG.OL,SPAREBANKEN ØST,Euronext
SOR.OL,SPAREBANKEN SØR,Euronext
SVEG.OL,SPAREBANKEN VEST,Euronext
SNOR.OL,SPBK 1 NORDMØRE,Euronext
SPOL.OL,SPBK 1 ØSTLANDET,Euronext
HELG.OL,SPBK1 HELGELAND,Euronext
NONG.OL,SPBK1 NORD-NORGE,Euronext
SOAG.OL,SPBK1 ØSTFOLD AKE,Euronext
RING.OL,SPBK1 RINGERIKE,Euronext
STATT.OL,STATT TORSK,Euronext
SNI.OL,STOLT-NIELSEN,Euronext
STB.OL,STOREBRAND,Euronext
STRO.OL,STRONGPOINT,Euronext
SUBC.OL,SUBSEA 7,Euronext
SUNSB.OL,SUNNDAL SPAREBANK,Euronext
TRVX.OL,TARGOVAX,Euronext
TECH.OL,TECHSTEP,Euronext
TECO.OL,TECO 2030,Euronext
TEKNA.OL,TEKNA HOLDING,Euronext
TEL.OL,TELENOR,Euronext
TGS.OL,TGS,Euronext
KING.OL,THE KINGFISH COMP,Euronext
TIETO.OL,TIETOEVRY,Euronext
TOM.OL,TOMRA SYSTEMS,Euronext
TOTG.OL,TOTENS SPAREBANK,Euronext
TRE.OL,TREASURE,Euronext
TYSB.OL,TYSNES SPAREBANK,Euronext
ULTI.OL,ULTIMOVACS,Euronext
VACC.OL,VACCIBODY,Euronext
VEI.OL,VEIDEKKE,Euronext
VISTN.OL,VISTIN PHARMA,Euronext
VOLUE.OL,VOLUE,Euronext
VVL.OL,VOSS VEKSEL OGLAND,Euronext
VOW.OL,VOW,Euronext
VGM.OL,VOW GREEN METALS,Euronext
WAWI.OL,WALLENIUS WILHELMS,Euronext
WSTEP.OL,WEBSTEP,Euronext
WEST.OL,WESTERN BULK CHART,Euronext
WWI.OL,WILH. WILHELMSEN A,Euronext
WWIB.OL,WILH. WILHELMSEN B,Euronext
WILS.OL,WILSON,Euronext
XPLRA.OL,XPLORA TECHNOLOGIE,Euronext
XXL.OL,XXL,Euronext
YAR.OL,YARA INTERNATIONAL,Euronext
ZAL.OL,ZALARIS,Euronext
ZAP.OL,ZAPTEC,Euronext
ZENA.OL,ZENITH ENERGY,Euronext
ZWIPE.OL,ZWIPE,Euronext
ABO.PA,ABO GROUP,Euronext
ADUX.PA,ADUX,Euronext
ADVIC.PA,ADVICENNE,Euronext
AED.PA,AEDIFICA,Euronext
AD.AS,AHOLD DEL,Euronext
AF.PA,AIR FRANCE -KLM,Euronext
AKA.PA,AKKA TECHNOLOGIES,Euronext
APAM.AS,APERAM,Euronext
MT.AS,ARCELORMITTAL SA,Euronext
ASIT.PA,ASIT,Euronext
ALAVY.PA,AUDIOVALLEY,Euronext
AVTX.AS,AVANTIUM,Euronext
BOTHE.PA,BONE THERAPEUTICS,Euronext
CYAD.PA,CELYAD ONCOLOGY,Euronext
ENGI.PA,ENGIE,Euronext
ESP.AS,ESPERITE,Euronext
ECMPA.AS,EUROCOMMERCIAL,Euronext
ENX.PA,EURONEXT,Euronext
FAGR.PA,FAGRON,Euronext
FNG.PA,FNG NV,Euronext
GLPG.AS,GALAPAGOS,Euronext
INGA.AS,ING GROEP N.V.,Euronext
MONT.PA,MONTEA,Euronext
RET.PA,RETAIL ESTATES,Euronext
SGO.PA,SAINT GOBAIN,Euronext
SOLB.PA,SOLVAY,Euronext
SEV.PA,SUEZ,Euronext
ALVET.PA,THERAVET,Euronext
TITC.PA,TITAN CEMENT,Euronext
TTE.PA,TOTALENERGIES,Euronext
URW.AS,UNIBAIL-RODAMCO-WE,Euronext
VRAP.PA,VRANKEN-POMMERY,Euronext
WDP.PA,WDP,Euronext
FAA.DE,FABASOFT AG,Frankfurt
O2C.DE,PETRO WELT TECHNOLOGIE.AG,Frankfurt
SANT.DE,S+T AG (Z.REG.MK.Z.)O.N.,Frankfurt
PMAG.DE,PIERER MOBILITY AG,Frankfurt
FQT.DE,FREQUENTIS AG,Frankfurt
HLG.DE,HIGHLIGHT COMMUNICATIONS AG INH.SF 1,Frankfurt
ERO1.DE,TMC CONTENT GROUP AG INH.SF1,Frankfurt
O5H.DE,OPENLIMIT HOLDING INH. SF-30,Frankfurt
BBZA.DE,"BB BIOTECH NAM.   SF 0,20",Frankfurt
KCC.DE,MARS ONE VENTURES IL INH.SF-20,Frankfurt
ED4.DE,"EDAG ENGINEERING G.SF-,04",Frankfurt
IQL.DE,"IQ INTERNATIONAL AG         SF-,01",Frankfurt
690D.DE,HAIER SMART HOME CO.D YC1,Frankfurt
A7A.DE,FINLAB AG   NA O.N.,Frankfurt
DTD2.DE,B+S BANKSYSTEME AG O.N.,Frankfurt
ADL.DE,ADLER REAL ESTATE AG,Frankfurt
AAH.DE,AHLERS AG NA O.N.,Frankfurt
NSN.DE,NESCHEN AG O.N.,Frankfurt
FNG.DE,FRITZ NOLS AG O.N.,Frankfurt
UTDI.DE,UTD.INTERNET AG NA,Frankfurt
AAD.DE,AMADEUS FIRE AG,Frankfurt
BSL.DE,BASLER AG O.N.,Frankfurt
ADV.DE,ADVA OPTICAL NETWORKING SE  O.N.,Frankfurt
AOF.DE,ATOSS SOFTWARE AG,Frankfurt
SYZ.DE,SYZYGY AG O.N.,Frankfurt
A1OS.DE,ALL FOR ONE GROUP NA O.N.,Frankfurt
ZO1.DE,ZOOPLUS AG,Frankfurt
TGT.DE,11 88 0 SOLUTIONS AG,Frankfurt
QSC.DE,Q.BEYOND AG NA O.N.,Frankfurt
DBK.DE,DEUTSCHE BANK AG NA O.N.,Frankfurt
DEX.DE,DELTICOM AG  NA O.N.,Frankfurt
GGS.DE,GIGASET AG O.N.,Frankfurt
SCE.DE,SCHWEIZER ELECTRONIC NA O.N.,Frankfurt
HNL.DE,DR. HOENLE AG O.N.,Frankfurt
BC8.DE,BECHTLE AG O.N.,Frankfurt
UUU.DE,3U HOLDING AG,Frankfurt
B5A.DE,BAUER AG,Frankfurt
SUR.DE,SURTECO GROUP SE INH O.N.,Frankfurt
SYT.DE,SOFTING AG O.N.,Frankfurt
BMW.DE,BAY.MOTOREN WERKE AG ST,Frankfurt
BMW3.DE,BAY.MOTOREN WERKE  VZO,Frankfurt
BYW.DE,BAYWA AG   NA O.N.,Frankfurt
BYW6.DE,BAYWA AG VINK.NA. O.N.,Frankfurt
ECK.DE,LUDW.BECK A.RATHAUSECK,Frankfurt
BEI.DE,BEIERSDORF AG O.N.,Frankfurt
BEZ.DE,BERENTZEN-GRUPPE AG,Frankfurt
BNN.DE,BRAIN BIOTECH AG,Frankfurt
A6T.DE,ARTEC TECHNOLOGIES O.N.,Frankfurt
EBK.DE,ENBW ENERGIE BADEN-WUERTTEMBERG ON,Frankfurt
NXU.DE,NEXUS AG O.N.,Frankfurt
BIO.DE,BIOTEST AG ST O.N.,Frankfurt
BIO3.DE,BIOTEST AG VZ O.N.,Frankfurt
OBS.DE,ORBIS AG O.N.,Frankfurt
BIJ.DE,BIJOU BRIGITTE O.N.,Frankfurt
BDT.DE,BERTRANDT AG O.N.,Frankfurt
EKT.DE,ENERGIEKONTOR O.N.,Frankfurt
AFX.DE,CARL ZEISS MEDITEC AG,Frankfurt
CWC.DE,CEWE STIFTUNG KGAA  O.N.,Frankfurt
CSH.DE,CENIT AG O.N.,Frankfurt
ARL.DE,AAREAL BANK AG,Frankfurt
VVV3.DE,OEKOWORLD AG VZNA O.N.,Frankfurt
LEO.DE,LEONI AG NA O.N.,Frankfurt
COK.DE,CANCOM SE O.N.,Frankfurt
CON.DE,CONTINENTAL AG O.N.,Frankfurt
EVD.DE,CTS EVENTIM KGAA,Frankfurt
LXS.DE,LANXESS AG,Frankfurt
ULC.DE,UNITED LABELS O.N.,Frankfurt
SBE.DE,SPOBAG O.N.,Frankfurt
MZX.DE,MASTERFLEX O.N.,Frankfurt
BVB.DE,BORUSSIA DORTMUND,Frankfurt
HYQ.DE,HYPOPORT SE  NA O.N.,Frankfurt
EQS.DE,EQS GROUP AG NA O.N.,Frankfurt
HOC.DE,HOLIDAYCHECK GROUP AG,Frankfurt
GME.DE,GERATHERM O.N.,Frankfurt
DAM.DE,DATA MODUL AG O.N.,Frankfurt
UPR.DE,UNIPROF REAL ESTATE HOLDING O.N.,Frankfurt
DGR.DE,DEUTSCHE GRUNDSTUECKS AUKTIONEN AG,Frankfurt
DIS.DE,DVS TECHNOLOGY AG INH ON,Frankfurt
1U1.DE,1&1 AG ,Frankfurt
DRW8.DE,DRAEGERWERK ST.A.O.N.,Frankfurt
DRW3.DE,DRAEGERWERK VZO O.N.,Frankfurt
DPW.DE,DEUTSCHE POST AG NA O.N.,Frankfurt
DTE.DE,DT.TELEKOM AG NA,Frankfurt
PGN.DE,PARAGON KGAA  INH O.N.,Frankfurt
DUE.DE,DUERR AG O.N.,Frankfurt
DIE.DE,DIERIG HOLDING AG O.N.,Frankfurt
EDL.DE,EDEL SE+CO.KGAA INH O.N.,Frankfurt
EIN3.DE,EINHELL GERMANY VZO O.N.,Frankfurt
EIS.DE,EISEN- UND HUETTENWERKE,Frankfurt
EUZ.DE,ECKERT+ZIEGLER AG O.N.,Frankfurt
EVT.DE,EVOTEC SE  INH O.N.,Frankfurt
ELG.DE,ELMOS SEMICONDUCTOR INH O.N.,Frankfurt
LSX.DE,LS TELCOM AG,Frankfurt
IXX.DE,INIT INNOVATION O.N.,Frankfurt
FIE.DE,FIELMANN AG O.N.,Frankfurt
FRA.DE,FRAPORT AG FFM.AIRPORT,Frankfurt
FEV.DE,FORTEC ELEKTRO. O.N.,Frankfurt
FRS.DE,FORIS AG,Frankfurt
FRE.DE,FRESENIUS SE+CO.KGAA O.N.,Frankfurt
FME.DE,FRESENIUS MEDICAL CARE KGAA O.N.,Frankfurt
FPE.DE,FUCHS PETROLUB SE O.N.,Frankfurt
FPE3.DE,FUCHS PETROL.SE VZO O.N.,Frankfurt
GFT.DE,GFT TECHNOLOGIES SE,Frankfurt
DB1.DE,DEUTSCHE BOERSE NA O.N.,Frankfurt
E4C.DE,ECOTEL COMMUNICATION AG,Frankfurt
MSAG.DE,MS INDUSTRIE AG,Frankfurt
IVX.DE,INVISION AG,Frankfurt
IS7.DE,INTICA SYSTEMS AG,Frankfurt
GIL.DE,DMG MORI AG O.N.,Frankfurt
GMM.DE,GRAMMER AG O.N.,Frankfurt
GBF.DE,BILFINGER SE O.N.,Frankfurt
YOC.DE,YOC AG O.N.,Frankfurt
OHB.DE,OHB SE   O.N.,Frankfurt
HP3.DE,RINGMETALL SE,Frankfurt
HAW.DE,HAWESKO HOLDING  INH O.N.,Frankfurt
MAK.DE,MATERNUS-KLINIKEN AG O.N.,Frankfurt
B8F.DE,BIOFRONTERA AG NA O.N.,Frankfurt
HEI.DE,HEIDELBERGCEMENT AG O.N.,Frankfurt
HEN.DE,HENKEL AG+CO.KGAA ST O.N.,Frankfurt
HEN3.DE,HENKEL AG+CO.KGAA VZO,Frankfurt
MBH3.DE,MASCHINENFABRIK BERTHOLD HERMLE O.N. VZO,Frankfurt
1COV.DE,COVESTRO AG  O.N.,Frankfurt
HOT.DE,HOCHTIEF AG,Frankfurt
HBH.DE,HORNBACH HOLDING ST O.N.,Frankfurt
HBM.DE,HORNBACH BAUMARKT AG O.N.,Frankfurt
CAP.DE,ENCAVIS AG  INH. O.N.,Frankfurt
IFS.DE,INFAS HOLDING AG  O.N.,Frankfurt
INH.DE,INDUS HOLDING AG,Frankfurt
CEA.DE,FRIWO AG O.N.,Frankfurt
SZG.DE,SALZGITTER AG O.N.,Frankfurt
KU2.DE,KUKA AG,Frankfurt
C1V.DE,MVISE AG O.N.,Frankfurt
IUR.DE,KAP AG  INH O.N.,Frankfurt
ABA.DE,ALBA SE O.N.,Frankfurt
MLL.DE,MUELLER-DIE LILA LOGISTIK SE,Frankfurt
JUN3.DE,JUNGHEINRICH AG O.N.VZO,Frankfurt
PCZ.DE,PROCREDIT HOLDING AG NA EO 5,Frankfurt
ITN.DE,INTERTAINMENT AG INH O.N.,Frankfurt
IFX.DE,INFINEON TECH.AG NA O.N.,Frankfurt
O4B.DE,OVB HOLDING AG,Frankfurt
KSB.DE,KSB SE+CO.KGAA  ST O.N.,Frankfurt
KSB3.DE,KSB SE+CO.KGAA VZO O.N.,Frankfurt
DEZ.DE,DEUTZ AG O.N.,Frankfurt
KRN.DE,KRONES AG O.N.,Frankfurt
LPK.DE,LPKF LASER+ELECTRONICS,Frankfurt
NEM.DE,NEMETSCHEK SE O.N.,Frankfurt
LEI.DE,LEIFHEIT AG O.N.,Frankfurt
LUM.DE,A.I.S. AG,Frankfurt
MNV6.DE,MAINOVA AG O.N.,Frankfurt
ALG.DE,ALBIS LEASING AG O.N.,Frankfurt
MLP.DE,MLP SE  INH. O.N.,Frankfurt
KWG.DE,KHD HUMBOLDT WEDAG O.N.,Frankfurt
MUM.DE,MENSCH UND MASCHINE SOFTWARE O.N.,Frankfurt
MED.DE,MEDICLIN AG,Frankfurt
MRK.DE,MERCK KGAA O.N.,Frankfurt
G1A.DE,GEA GROUP AG,Frankfurt
MDN.DE,MEDION AG O.N.,Frankfurt
SFX.DE,SOLAR-FABRIK AG O.N.,Frankfurt
MOR.DE,MORPHOSYS AG O.N.,Frankfurt
VQT.DE,VA-Q-TEC AG NA O.N.,Frankfurt
NDA.DE,AURUBIS AG,Frankfurt
NWX.DE,NORDWEST HANDEL AG,Frankfurt
OLG.DE,VERALLIA DEUTSCHLAND AG  O.N.,Frankfurt
PFV.DE,PFEIFFER VACUUM TECH.O.N.,Frankfurt
PIT.DE,PITTLER MASCHINENFABRIK AG,Frankfurt
PZS.DE,SCHERZER U. CO. AG O.N.,Frankfurt
PUZ.DE,PONGS + ZAHN AG O.N.,Frankfurt
PWO.DE,PROGRESS-WERK OBERKIRCH. O.N.,Frankfurt
PUM.DE,PUMA SE,Frankfurt
PBY.DE,PUBLITY AG NA O.N.,Frankfurt
RTC.DE,REALTECH AG O.N.,Frankfurt
RAA.DE,RATIONAL AG,Frankfurt
MSH.DE,WASGAU PRODUKTIONS & HANDELS NA O.N.,Frankfurt
RHM.DE,RHEINMETALL AG,Frankfurt
RWE.DE,RWE AG   INH O.N.,Frankfurt
RHK.DE,RHOEN-KLINIKUM O.N.,Frankfurt
KWS.DE,KWS SAAT KGAA  INH O.N.,Frankfurt
DAI.DE,DAIMLER AG NA O.N.,Frankfurt
SAP.DE,SAP SE O.N.,Frankfurt
SRT.DE,SARTORIUS AG O.N.,Frankfurt
SRT3.DE,SARTORIUS AG VZO O.N.,Frankfurt
SKB.DE,KOENIG + BAUER AG ST O.N.,Frankfurt
SIS.DE,FIRST SENSOR AG O.N.,Frankfurt
SHF.DE,SNP SCHNEIDER-NEUREITHER O.N.,Frankfurt
SCM.DE,SCHUMAG AG O.N.,Frankfurt
AAA.DE,A.A.A. AG ALLGEMEINE ANLAGEVERWALTUNG,Frankfurt
SWA.DE,SCHLOSS WACHENHEIM AG O.N,Frankfurt
SIX2.DE,SIXT SE ST O.N.,Frankfurt
SIX3.DE,SIXT SE VZO O.N.,Frankfurt
SGL.DE,SGL CARBON SE O.N.,Frankfurt
SIE.DE,SIEMENS AG  NA O.N.,Frankfurt
SIM.DE,SIMONA AG O.N.,Frankfurt
CEC.DE,CECONOMY AG  ST O.N.,Frankfurt
CEC1.DE,CECONOMY AG  VZO O.N.,Frankfurt
STO3.DE,STO SE+CO.KGAA VZO O.N.,Frankfurt
YSN.DE,SECUNET SECURITY AG O.N.,Frankfurt
SPM.DE,SPLENDID MEDIEN AG O.N.,Frankfurt
SZU.DE,SUEDZUCKER AG  O.N.,Frankfurt
HDD.DE,HEIDELBERGER DRUCKMASCHINEN .O.N.,Frankfurt
TTK.DE,TAKKT AG O.N.,Frankfurt
IVU.DE,IVU TRAFFIC TECHN.AG O.N.,Frankfurt
TCU.DE,TC UNTERHALTUNGSELEKTRONIK,Frankfurt
TIS.DE,TISCON AG O.N.,Frankfurt
TPE.DE,PVA TEPLA AG O.N.,Frankfurt
WDI.DE,WIRECARD AG,Frankfurt
WTB.DE,WALTER BAU-AG ST O.N.,Frankfurt
WTB3.DE,WALTER BAU-AG VZO O.N.,Frankfurt
DEQ.DE,DEUTSCHE EUROSHOP NA O.N.,Frankfurt
SAX.DE,STROEER SE + CO. KGAA,Frankfurt
TKA.DE,THYSSENKRUPP AG O.N.,Frankfurt
TTO.DE,TTL BETEILIGUNGS- UND GRUNDBESITZ AG INH ON,Frankfurt
WSU.DE,WASHTEC AG O.N.,Frankfurt
USE.DE,EROTIK-ABWICKLUNGSGESELLSCHAFT INH EO 1,Frankfurt
UZU.DE,UZIN UTZ AG O.N.,Frankfurt
F3C.DE,SFC ENERGY AG,Frankfurt
GKS.DE,GK SOFTWARE  INH O.N.,Frankfurt
VIB3.DE,VILLEROY + BOCH AG VZ,Frankfurt
VOW.DE,VOLKSWAGEN AG ST O.N.,Frankfurt
VOW3.DE,VOLKSWAGEN AG VZO O.N.,Frankfurt
VOS.DE,VOSSLOH AG O.N.,Frankfurt
WWG.DE,GELSENWASSER AG,Frankfurt
WUG.DE,Westag AG,Frankfurt
WUG3.DE,Westag AG,Frankfurt
4DS.DE,DALDRUP+SOEHNE AG,Frankfurt
V6C.DE,VISCOM AG O.N.,Frankfurt
YMO.DE,YMOS AG O.N.,Frankfurt
ZIL2.DE,ELRINGKLINGER AG NA O.N.,Frankfurt
KA8.DE,KLASSIK RADIO AG NA O.N.,Frankfurt
PBB.DE,DT.PFANDBRIEFBK AG,Frankfurt
WUW.DE,WUESTENROT+WUERTTEMBERGISCHE AG O.N.,Frankfurt
DRE2.DE,DEUTSCHE REAL ESTATE AG O.N.,Frankfurt
RKB.DE,WEBAC HOLDING AG,Frankfurt
LHA.DE,LUFTHANSA AG VNA O.N.,Frankfurt
TEG.DE,TAG IMMOBILIEN AG,Frankfurt
HNR1.DE,HANNOVER RUECK SE NA O.N.,Frankfurt
ALV.DE,ALLIANZ SE NA O.N.,Frankfurt
MUV2.DE,MUENCH.RUECKVERSICHERUNGS GESELLSCHAFT.VNA O.N.,Frankfurt
NBG6.DE,NUERNBERGER BETEILIGUNGS AG VNA,Frankfurt
OMR.DE,OMRON CORP. DZ/1 O.N.,Frankfurt
02P.DE,PEARL GOLD AG,Frankfurt
PA8.DE,PAION O.N,Frankfurt
A8A.DE,JDC GROUP AG O.N.,Frankfurt
V3V.DE,VITA 34 AG NA O.N.,Frankfurt
OSP2.DE,USU SOFTWARE AG,Frankfurt
HEMP.DE,DEUTSCHE CANNABIS AG   O.N.,Frankfurt
NDX1.DE,NORDEX SE O.N.,Frankfurt
MTX.DE,MTU AERO ENGINES NA O.N.,Frankfurt
S92.DE,SMA SOLAR TECHNOL.AG,Frankfurt
ACX.DE,BET-AT-HOME.COM AG O.N.,Frankfurt
LNSX.DE,Allane SE,Frankfurt
H5E.DE,HELMA EIGENHEIMBAU AG,Frankfurt
MBB.DE,MBB SE O.N.,Frankfurt
MVV1.DE,MVV ENERGIE AG NA O.N.,Frankfurt
MF6.DE,MAGFORCE AG,Frankfurt
CLIQ.DE,CLIQ DIGITAL AG  O.N.,Frankfurt
2GB.DE,2G ENERGY AG,Frankfurt
DWNI.DE,DEUTSCHE WOHNEN SE INH,Frankfurt
PNE3.DE,PNE AG  NA O.N.,Frankfurt
D6H.DE,DATAGROUP SE  INH. O.N.,Frankfurt
M0Y.DE,MYNARIC AG  INH O.N.,Frankfurt
GTY.DE,GATEWAY R.EST.AG O.N.,Frankfurt
G7B.DE,GWB IMMOBILIEN AG,Frankfurt
I7N.DE,ITN NANOVATION,Frankfurt
VBK.DE,VERBIO VER.BIOENERGIE  ON,Frankfurt
B7E.DE,BLUE CAP             O.N.,Frankfurt
M5Z.DE,MANZ AG,Frankfurt
V3S.DE,VECTRON SYSTEMS      O.N.,Frankfurt
H9Y.DE,HANSEYACHTS O.N.,Frankfurt
A4Y.DE,ACCENTRO REAL ESTATE AG  O.N.,Frankfurt
K1R.DE,KROMI LOGISTIK  INH. O.N.,Frankfurt
NTG.DE,NABALTEC AG INH.,Frankfurt
HPBK.DE,HELIAD EQUITY PARTNERS NA O.N.,Frankfurt
TVD6.DE,TRAVEL24.COM AG,Frankfurt
CE2.DE,CROPENERGIES AG,Frankfurt
M3V.DE,MEVIS MEDICAL SOLUTIONS NA O.N.,Frankfurt
AOX.DE,ALSTRIA OFFICE REIT-AG,Frankfurt
GXI.DE,GERRESHEIMER AG,Frankfurt
EXL.DE,EXASOL AG  NA O.N.,Frankfurt
M7U.DE,NYNOMIC AG  INH O.N.,Frankfurt
FVI.DE,FAIR VALUE REIT-AG INH.ON,Frankfurt
DLX.DE,DELIGNIT AG      INH.O.N.,Frankfurt
NFN.DE,NFON AG  INH O.N.,Frankfurt
HHFA.DE,HAMBURGER HAFEN UND LOGISTIK A-SP NA,Frankfurt
VAR1.DE,VARTA AG O.N.,Frankfurt
BNT1.DE,EYEMAXX REAL ESTATE AG,Frankfurt
DAR.DE,DATRON AG INH.O.N.,Frankfurt
ELN.DE,ELANIX BIOTECHNOLOGIES AG,Frankfurt
VAO.DE,VAPIANO SE  INH. O.N.,Frankfurt
AIXA.DE,AIXTRON SE NA O.N.,Frankfurt
DMRE.DE,DEMIRE DEUTSCHE MITTELSTAND REAL ESTATE AG,Frankfurt
DR0.DE,DEUTSCHE ROHSTOFF AG NA O.N.,Frankfurt
TTR1.DE,TECHNOTRANS SE NA O.N.,Frankfurt
IBU.DE,IBU-TEC ADVANCED MATERIALS INH.ON,Frankfurt
PSAN.DE,PSI SOFTWARE AG NA O.N.,Frankfurt
ADN1.DE,ADESSO SE  INH O.N.,Frankfurt
RIB.DE,RIB SOFTWARE SE  NA EO 1,Frankfurt
FNTN.DE,FREENET AG NA O.N.,Frankfurt
AM3D.DE,SLM SOLUTIONS GRP AG,Frankfurt
ELB.DE,ELUMEO SE,Frankfurt
WL6.DE,HEIDELBERG PHARMA AG O.N.,Frankfurt
HRPK.DE,7C SOLARPARKEN AG  O.N.,Frankfurt
TLG.DE,TLG IMMOBILIEN AG,Frankfurt
G24.DE,SCOUT24 AG NA O.N.,Frankfurt
L1OA.DE,LLOYD FONDS AG,Frankfurt
NC5A.DE,NORCOM INFORMATION TECHNOLOGY INH ON,Frankfurt
PAL.DE,PANTAFLIX AG  INH. O.N.,Frankfurt
HLE.DE,HELLA GMBH+CO. KGAA O.N.,Frankfurt
H24.DE,HOME24 SE  INH O.N.,Frankfurt
VSC.DE,4SC AG,Frankfurt
DKG.DE,DT.KONSUM REIT-AG,Frankfurt
HXCK.DE,ERNST RUSS AG NA O.N.,Frankfurt
HFG.DE,HELLOFRESH SE  INH O.N.,Frankfurt
RTV.DE,YOUR FAMILY ENTERTAINMENT AG NA,Frankfurt
TUF.DE,TUFF GROUP AG  O.N.,Frankfurt
GLJ.DE,GRENKE AG NA O.N.,Frankfurt
N4G.DE,THE NAGA GROUP AG NA O.N.,Frankfurt
AVES.DE,AVES ONE AG O.N.,Frankfurt
SNG.DE,SINGULUS TECHNOL. EO 1,Frankfurt
KSC.DE,KPS AG NA O.N.,Frankfurt
HBD1.DE,PHILOMAXCAP AG INH O.N.,Frankfurt
BNR.DE,BRENNTAG SE,Frankfurt
EXJ.DE,READCREST CAPITAL AG O.N.,Frankfurt
VG0K.DE,VIVANCO GRUPPE AG,Frankfurt
WIG1.DE,SPORTTOTAL AG  INH. O.N.,Frankfurt
FYB.DE,FORMYCON AG,Frankfurt
ADS.DE,ADIDAS AG NA O.N.,Frankfurt
NOEJ.DE,NORMA GROUP SE NA O.N.,Frankfurt
O2D.DE,TELEFONICA DEUTSCHLAND HOLDING NA,Frankfurt
GSC1.DE,GESCO AG NA O.N.,Frankfurt
CNWK.DE,CO.DON AG   INH. O.N.,Frankfurt
SMHN.DE,SUESS MICROTEC SE NA O.N.,Frankfurt
EUCA.DE,EUROMICRON AG NA O.N.,Frankfurt
ART.DE,ARTNET AG NA O.N.,Frankfurt
99SC.DE,NEXR TECHNOLOGIES SE  INH O.N.,Frankfurt
VNA.DE,VONOVIA SE NA O.N.,Frankfurt
ILM1.DE,MEDIOS AG  O.N.,Frankfurt
MPRK.DE,MAIER + PARTNER O.N.,Frankfurt
SGF.DE,SGT GERMAN PRIVATE EQUITY GMBH & CO KGAA,Frankfurt
RSL2.DE,R. STAHL AG NA O.N.,Frankfurt
8S9.DE,SNOWBIRD AG,Frankfurt
BOSS.DE,HUGO BOSS AG NA O.N.,Frankfurt
ICP.DE,PANAMAX AG,Frankfurt
VMR1.DE,VALUE MANAGEMENT&RESEARCH  INH.O.N.,Frankfurt
RCMN.DE,RCM BETEILIGUNGS NA. O.N.,Frankfurt
ACWN.DE,A.S.CREATION TAPETEN NA,Frankfurt
SF3.DE,STS GROUP AG  O.N.,Frankfurt
DBAN.DE,DT.BETEILIG.AG   NA O.N.,Frankfurt
MPCK.DE,MPC MUENCHMEYER PETERSEN CAPITAL ,Frankfurt
MDG1.DE,MEDIGENE AG NA O.N.,Frankfurt
HETA.DE,KHD HUMBOLDT WEDAG VV NA O.N.,Frankfurt
ERWE.DE,ERWE IMMOBILIEN AG INH O.N.,Frankfurt
WCMK.DE,WCM BETEILIGUNGS- UND GRUNDBESITZ AG  O.N.,Frankfurt
DIC.DE,DIC ASSET AG NA O.N.,Frankfurt
BST.DE,BASTEI LUEBBE AG  O.N.,Frankfurt
FC9.DE,FCR IMMOBILIEN AG NA O.N.,Frankfurt
333.DE,DECHENG TECHNOLOGY AG,Frankfurt
MPSC.DE,MUEHL PRODUCT + SERVICE  INH O.N,Frankfurt
ISH2.DE,INTERSHOP COMMUNICATIONS INH O.N.,Frankfurt
IPOK.DE,HEIDELBERGER BETEILIGUNGSHOLDING  O.N.,Frankfurt
M3BK.DE,MIC AG  INH O.N.,Frankfurt
VH2.DE,FRIEDRICH VORWERK GROUP SE,Frankfurt
H2O.DE,ENAPTER AG INH O.N. ,Frankfurt
GWI2.DE,GERRY WEBER INTERNATIONAL O.N.,Frankfurt
COP.DE,COMPUGROUP MED. NA O.N.,Frankfurt
TLIK.DE,TELES AG INFORMATIONSTECHNOLOGIEN ON,Frankfurt
DFTK.DE,DF DEUTSCHE FORFAIT AG  NA O.N.,Frankfurt
BSS.DE,BETA SYSTEMS SOFTWARE INH.O.N.,Frankfurt
CC1.DE,CONSUS REAL ESTATE AG  NA ON,Frankfurt
MXHN.DE,MAX AUTOMATION SE NA O.N.,Frankfurt
AAG.DE,AUMANN AG  INH O.N.,Frankfurt
BTBB.DE,SLEEPZ AG  INH. O.N.,Frankfurt
DHER.DE,DELIVERY HERO SE NA O.N.,Frankfurt
VBX.DE,VOLTABOX AG  INH. O.N.,Frankfurt
NUVA.DE,NORATIS AG  INH. O.N.,Frankfurt
CYR.DE,CYAN AG O.N.,Frankfurt
2HRA.DE,H+R KGAA  INH. O.N.,Frankfurt
SJJ.DE,SERVICEWARE SE  INH O.N.,Frankfurt
JB7.DE,DT.IND.REIT-AG INH O.N.,Frankfurt
CPX.DE,CAPSENSIXX AG  INH O.N.,Frankfurt
S9I.DE,STEMMER IMAGING AG INH ON,Frankfurt
SOW.DE,SOFTWARE AG  NA O.N.,Frankfurt
DMP.DE,DERMAPHARM HOLDING INH O.N.,Frankfurt
AEIN.DE,ALLGEIER SE  NA O.N.,Frankfurt
BKHT.DE,BROCKHAUS TECHNOLOGIES AG,Frankfurt
ASL.DE,AKASOL AG  INH. O.N.,Frankfurt
ML2.DE,MING LE SPORTS AG,Frankfurt
AG1.DE,AUTO1 GROUP SE,Frankfurt
CSQ.DE,CREDITSHELF AG  IA O.N.,Frankfurt
AMA1.DE,ALTECH ADVANCED MATERIALS NA O.N.,Frankfurt
MFL2.DE,MARUDAI FOOD DZ/1 O.N.,Frankfurt
WEW.DE,WESTWING GROUP  INH. O.N.,Frankfurt
JEN.DE,JENOPTIK AG  NA O.N.,Frankfurt
MUX.DE,MUTARES KGAA  NA O.N.,Frankfurt
SLT.DE,SCHALTBAU HOLDING NA O.N,Frankfurt
DFV.DE,DFV DEUTSCHE FAMILIENVERSICHERUNG  O.N.,Frankfurt
INS.DE,INSTONE REAL ESTATE GROUP SE,Frankfurt
PSG.DE,PHARMASGP HOLDING SE O.N.,Frankfurt
C0M.DE,COM.CHARG.SOL.AG INH.O.N.,Frankfurt
FSNT .DE,FASHIONETTE AG,Frankfurt
A2QRHL.DE,Linus Digital Finance AG,Frankfurt
SYAB.DE,Synlab AG,Frankfurt
FKEK.DE,VALENS HOLDING AG  INH O.N.,Frankfurt
KTEK.DE,KATEK SE,Frankfurt
WBAH.DE,WILD BUNCH AG O.N.,Frankfurt
KTA.DE,KNAUS TABBERT AG NA O.N.,Frankfurt
EMH.DE,PFERDEWETTEN.DE AG NA ON,Frankfurt
TMV.DE,TEAMVIEWER AG  INH O.N.,Frankfurt
ESY.DE,EASY SOFTWARE AG  NA O.N.,Frankfurt
ACT.DE,ALZCHEM GROUP AG INH O.N.,Frankfurt
APPH.DE,Apontis Pharma AG,Frankfurt
A3CMGN.DE,hGears AG,Frankfurt
YOU.DE,ABOUT YOU Holding SE,Frankfurt
BIKE.DE,BIKE24 HOLDING AG,Frankfurt
C3RY.DE,CHERRY AG,Frankfurt
MRX.DE,MISTER SPEX SE,Frankfurt
AAQ1.DE,AAP IMPLANTATE AG,Frankfurt
ECX.DE,EPIGENOMICS AG NA O.N.,Frankfurt
NA9.DE,NAGARRO SE  NA O.N.,Frankfurt
HAB.DE,HAMBORNER REIT AG O.N.,Frankfurt
2INV.DE,2INVEST AG  NA O.N.,Frankfurt
VTWR.DE,VANTAGE TOWERS AG,Frankfurt
BAS.DE,BASF SE NA O.N.,Frankfurt
BAYN.DE,BAYER AG NA O.N.,Frankfurt
B4B.DE,METRO AG   ST O.N.,Frankfurt
B4B3.DE,METRO AG   VZO O.N.,Frankfurt
CBK.DE,COMMERZBANK AG,Frankfurt
DWS.DE,DWS GROUP GMBH+CO.KGAA ON,Frankfurt
EOAN.DE,E.ON SE NA O.N.,Frankfurt
ENR.DE,SIEMENS ENERGY AG NA O.N.,Frankfurt
EVK.DE,EVONIK INDUSTRIES NA O.N.,Frankfurt
FPH.DE,FRANCOTYP-POSTALIA HLDG,Frankfurt
FTK.DE,FLATEXDEGIRO AG  NA O.N.,Frankfurt
GIB.DE,GSW IMMOBILIEN AG,Frankfurt
5UH.DE,HENSOLDT AG NA O.N.,Frankfurt
HLAG.DE,HAPAG-LLOYD AG NA O.N.,Frankfurt
RTML.DE,CAMERIT AG,Frankfurt
JST.DE,JOST WERKE AG INH.   O.N.,Frankfurt
KBX.DE,KNORR-BREMSE AG  INH O.N.,Frankfurt
KCO.DE,KLOECKNER + CO SE NA O.N.,Frankfurt
KGX.DE,KION GROUP AG,Frankfurt
SDF.DE,K+S AG NA O.N.,Frankfurt
LEG.DE,LEG IMMOBILIEN SE,Frankfurt
NWO.DE,NEW WORK SE  NA O.N.,Frankfurt
PAH3.DE,PORSCHE AUTOMOBIL HOLDING VZO,Frankfurt
PAT.DE,PATRIZIA AG NA ON,Frankfurt
PSM.DE,PROSIEBENSAT.1  NA O.N.,Frankfurt
RY8.DE,ROY ASSET HLDG INH O.N.,Frankfurt
SFQ.DE,SAF HOLLAND SE  INH EO 1,Frankfurt
SGU.DE,SINO-GERMAN UNITED AG O.N.,Frankfurt
SHA.DE,SCHAEFFLER AG INH. VZO,Frankfurt
SHL.DE,SIEMENS HEALTH.AG NA O.N.,Frankfurt
SBS.DE,STRATEC SE  NA O.N.,Frankfurt
SY1.DE,SYMRISE AG INH. O.N.,Frankfurt
TLX.DE,TALANX AG NA O.N.,Frankfurt
8TRA.DE,TRATON SE   INH O.N.,Frankfurt
UN01.DE,UNIPER SE  NA O.N.,Frankfurt
VTSC.DE,VITESCO TECHNOLOGIES GROUP AG,Frankfurt
WAC.DE,WACKER NEUSON SE NA O.N.,Frankfurt
WAF.DE,SILTRONIC AG NA O.N.,Frankfurt
WCH.DE,WACKER CHEMIE        O.N.,Frankfurt
WDL.DE,WINDELN.DE SE  INH O.N.,Frankfurt
ZAL.DE,ZALANDO SE,Frankfurt
ZEF.DE,ZHONGDE WASTE TECHNOLOGY,Frankfurt
TIMA.DE,ZEAL NETWORK SE NA O.N.,Frankfurt
FRU.DE,FERRATUM OYJ,Frankfurt
AB1.DE,"AIR BERLIN PLC    EO -,25",Frankfurt
LIN.DE,"LINDE PLC        EO 0,001",Frankfurt
CRIN.DE,UNICREDIT,Frankfurt
RRTL.DE,RTL GROUP,Frankfurt
O5G.DE,"CPI PROPERTY GRP   EO-,10",Frankfurt
EXC.DE,EXCEET GROUP SCA RED. A,Frankfurt
GYC.DE,"GRAND CITY PROPERT.EO-,10",Frankfurt
STM.DE,"STABILUS S.A. INH. EO-,01",Frankfurt
ADJ.DE,ADLER GROUP S.A.,Frankfurt
CCAP.DE,CORESTATE CAPITAL HLDG,Frankfurt
SEN.DE,"SENVION S.A.     EUR -,01",Frankfurt
TGHN.DE,LOGWIN AG NAM. O.N.,Frankfurt
AT1.DE,"AROUNDTOWN EO-,01",Frankfurt
BFSA.DE,BEFESA S.A. ORD. O.N.,Frankfurt
GFG.DE,"GLOBAL FASHION GRP EO-,01",Frankfurt
LRS1.DE,HomeToGo SE,Frankfurt
SUSE5A.DE,SUSE S.A.,Frankfurt
SPAC.DE,468 SPAC I SE,Frankfurt
OTA.DE,OboTech Acquisition SE,Frankfurt
NVM.DE,NOVEM GROUP S.A.,Frankfurt
M8G.DE,MEDIA AND GAMES INVEST EO 1,Frankfurt
AIR.DE,AIRBUS,Frankfurt
APM.DE,"AD PEPPER MEDIA   EO 0,05",Frankfurt
SNH.DE,"STEINHOFF INTERNATIONAL HLDG.EO-,50",Frankfurt
SAE.DE,SHOP APOTHEKE EUROPE INH.,Frankfurt
QIA.DE,"QIAGEN NV         EO -,01",Frankfurt
CHX.DE,CIECH S.A.           ZY 5,Frankfurt
OMAX.DE,"OASMIA PHARMACEUTICAL SK-,10",Frankfurt
DBD.DE,"DIEBOLD NIXDORF DL 1,25",Frankfurt
AAIT,iShares MSCI All Country Asia Information Technology Index Fund,Nasdaq
AAL,"American Airlines Group, Inc.",Nasdaq
AAME,Atlantic American Corporation,Nasdaq
AAOI,"Applied Optoelectronics, Inc.",Nasdaq
AAON,"AAON, Inc.",Nasdaq
AAPL,Apple Inc.,Nasdaq
AAVL,"Avalanche Biotechnologies, Inc.",Nasdaq
AAWW,Atlas Air Worldwide Holdings,Nasdaq
AAXJ,iShares MSCI All Country Asia ex Japan Index Fund,Nasdaq
ABAC,"Aoxin Tianli Group, Inc.",Nasdaq
ABAX,"ABAXIS, Inc.",Nasdaq
ABCB,Ameris Bancorp,Nasdaq
ABCD,"Cambium Learning Group, Inc.",Nasdaq
ABCO,The Advisory Board Company,Nasdaq
ABCW,Anchor BanCorp Wisconsin Inc.,Nasdaq
ABDC,Alcentra Capital Corp.,Nasdaq
ABGB,"Abengoa, S.A.",Nasdaq
ABIO,"ARCA biopharma, Inc.",Nasdaq
ABMD,"ABIOMED, Inc.",Nasdaq
ABTL,Autobytel Inc.,Nasdaq
ABY,Abengoa Yield plc,Nasdaq
ACAD,ACADIA Pharmaceuticals Inc.,Nasdaq
ACAS,"American Capital, Ltd.",Nasdaq
ACAT,Arctic Cat Inc.,Nasdaq
ACET,Aceto Corporation,Nasdaq
ACFC,Atlantic Coast Financial Corporation,Nasdaq
ACFN,"Acorn Energy, Inc.",Nasdaq
ACGL,Arch Capital Group Ltd.,Nasdaq
ACHC,"Acadia Healthcare Company, Inc.",Nasdaq
ACHN,"Achillion Pharmaceuticals, Inc.",Nasdaq
ACIW,"ACI Worldwide, Inc.",Nasdaq
ACLS,"Axcelis Technologies, Inc.",Nasdaq
ACNB,ACNB Corporation,Nasdaq
ACOR,"Acorda Therapeutics, Inc.",Nasdaq
ACPW,"Active Power, Inc.",Nasdaq
ACRX,"AcelRx Pharmaceuticals, Inc.",Nasdaq
ACSF,"American Capital Senior Floating, Ltd.",Nasdaq
ACST,"Acasti Pharma, Inc.",Nasdaq
ACTA,Actua Corporation,Nasdaq
ACTG,Acacia Research Corporation,Nasdaq
ACTS,"Actions Semiconductor Co., Ltd.",Nasdaq
ACUR,"Acura Pharmaceuticals, Inc.",Nasdaq
ACWI,iShares MSCI ACWI Index Fund,Nasdaq
ACWX,iShares MSCI ACWI ex US Index Fund,Nasdaq
ACXM,Acxiom Corporation,Nasdaq
ADAT,Authentidate Holding Corp.,Nasdaq
ADBE,Adobe Systems Incorporated,Nasdaq
ADEP,"Adept Technology, Inc.",Nasdaq
ADES,"Advanced Emissions Solutions, Inc.",Nasdaq
ADHD,Alcobra Ltd.,Nasdaq
ADI,"Analog Devices, Inc.",Nasdaq
ADMA,ADMA Biologics Inc,Nasdaq
ADMP,Adamis Pharmaceuticals Corporation,Nasdaq
ADMS,"Adamas Pharmaceuticals, Inc.",Nasdaq
ADNC,"Audience, Inc.",Nasdaq
ADP,"Automatic Data Processing, Inc.",Nasdaq
ADRA,BLDRS Asia 50 ADR Index Fund,Nasdaq
ADRD,BLDRS Developed Markets 100 ADR Index Fund,Nasdaq
ADRE,BLDRS Emerging Markets 50 ADR Index Fund,Nasdaq
ADRU,BLDRS Europe 100 ADR Index Fund,Nasdaq
ADSK,"Autodesk, Inc.",Nasdaq
ADTN,"ADTRAN, Inc.",Nasdaq
ADUS,Addus HomeCare Corporation,Nasdaq
ADVS,"Advent Software, Inc.",Nasdaq
ADXS,"Advaxis, Inc.",Nasdaq
ADXSW,"Advaxis, Inc.",Nasdaq
AEGN,Aegion Corp,Nasdaq
AEGR,"Aegerion Pharmaceuticals, Inc.",Nasdaq
AEHR,Aehr Test Systems,Nasdaq
AEIS,"Advanced Energy Industries, Inc.",Nasdaq
AEPI,AEP Industries Inc.,Nasdaq
AERI,"Aerie Pharmaceuticals, Inc.",Nasdaq
AETI,"American Electric Technologies, Inc.",Nasdaq
AEY,"ADDvantage Technologies Group, Inc.",Nasdaq
AEZS,AEterna Zentaris Inc.,Nasdaq
AFAM,Almost Family Inc,Nasdaq
AFCB,Athens Bancshares Corporation,Nasdaq
AFFX,"Affymetrix, Inc.",Nasdaq
AFH,"Atlas Financial Holdings, Inc.",Nasdaq
AFMD,Affimed N.V.,Nasdaq
AFOP,"Alliance Fiber Optic Products, Inc.",Nasdaq
AFSI,"AmTrust Financial Services, Inc.",Nasdaq
AGEN,Agenus Inc.,Nasdaq
AGII,"Argo Group International Holdings, Ltd.",Nasdaq
AGIIL,"Argo Group International Holdings, Ltd.",Nasdaq
AGIO,"Agios Pharmaceuticals, Inc.",Nasdaq
AGNC,American Capital Agency Corp.,Nasdaq
AGNCB,American Capital Agency Corp.,Nasdaq
AGNCP,American Capital Agency Corp.,Nasdaq
AGND,WisdomTree Barclays U.S. Aggregate Bond Negative Duration Fund,Nasdaq
AGRX,"Agile Therapeutics, Inc.",Nasdaq
AGTC,Applied Genetic Technologies Corporation,Nasdaq
AGYS,"Agilysys, Inc.",Nasdaq
AGZD,WisdomTree Barclays U.S. Aggregate Bond Zero Duration Fund,Nasdaq
AHGP,"Alliance Holdings GP, L.P.",Nasdaq
AHPI,"Allied Healthcare Products, Inc.",Nasdaq
AIMC,Altra Industrial Motion Corp.,Nasdaq
AINV,Apollo Investment Corporation,Nasdaq
AIQ,"Alliance HealthCare Services, Inc.",Nasdaq
AIRM,Air Methods Corporation,Nasdaq
AIRR,First Trust RBA American Industrial Renaissance ETF,Nasdaq
AIRT,"Air T, Inc.",Nasdaq
AIXG,Aixtron SE,Nasdaq
AKAM,"Akamai Technologies, Inc.",Nasdaq
AKAO,"Achaogen, Inc.",Nasdaq
AKBA,"Akebia Therapeutics, Inc.",Nasdaq
AKER,Akers Biosciences Inc,Nasdaq
AKRX,"Akorn, Inc.",Nasdaq
ALCO,"Alico, Inc.",Nasdaq
ALDR,"Alder BioPharmaceuticals, Inc.",Nasdaq
ALDX,"Aldeyra Therapeutics, Inc.",Nasdaq
ALGN,"Align Technology, Inc.",Nasdaq
ALGT,Allegiant Travel Company,Nasdaq
ALIM,"Alimera Sciences, Inc.",Nasdaq
ALKS,Alkermes plc,Nasdaq
ALLB,"Alliance Bancorp, Inc. of Pennsylvania",Nasdaq
ALLT,Allot Communications Ltd.,Nasdaq
ALNY,"Alnylam Pharmaceuticals, Inc.",Nasdaq
ALOG,Analogic Corporation,Nasdaq
ALOT,Astro,Nasdaq
ALQA,"Alliqua, Inc.",Nasdaq
ALSK,"Alaska Communications Systems Group, Inc.",Nasdaq
ALTR,Altera Corporation,Nasdaq
ALXA,"Alexza Pharmaceuticals, Inc.",Nasdaq
ALXN,"Alexion Pharmaceuticals, Inc.",Nasdaq
AMAG,"AMAG Pharmaceuticals, Inc.",Nasdaq
AMAT,"Applied Materials, Inc.",Nasdaq
AMBA,"Ambarella, Inc.",Nasdaq
AMBC,"Ambac Financial Group, Inc.",Nasdaq
AMBCW,"Ambac Financial Group, Inc.",Nasdaq
AMCC,Applied Micro Circuits Corporation,Nasdaq
AMCF,Andatee China Marine Fuel Services Corporation,Nasdaq
AMCN,AirMedia Group Inc,Nasdaq
AMCX,AMC Networks Inc.,Nasdaq
AMD,"Advanced Micro Devices, Inc.",Nasdaq
AMDA,Amedica Corporation,Nasdaq
AMED,Amedisys Inc,Nasdaq
AMGN,Amgen Inc.,Nasdaq
AMIC,American Independence Corp.,Nasdaq
AMKR,"Amkor Technology, Inc.",Nasdaq
AMNB,"American National Bankshares, Inc.",Nasdaq
AMOT,"Allied Motion Technologies, Inc.",Nasdaq
AMOV,"America Movil, S.A.B. de C.V.",Nasdaq
AMPH,"Amphastar Pharmaceuticals, Inc.",Nasdaq
AMRB,American River Bankshares,Nasdaq
AMRI,"Albany Molecular Research, Inc.",Nasdaq
AMRK,A,Nasdaq
AMRN,Amarin Corporation plc,Nasdaq
AMRS,"Amyris, Inc.",Nasdaq
AMSC,American Superconductor Corporation,Nasdaq
AMSF,"AMERISAFE, Inc.",Nasdaq
AMSG,Amsurg Corp.,Nasdaq
AMSGP,Amsurg Corp.,Nasdaq
AMSWA,"American Software, Inc.",Nasdaq
AMTX,"Aemetis, Inc",Nasdaq
AMWD,American Woodmark Corporation,Nasdaq
AMZN,"Amazon.com, Inc.",Nasdaq
ANAC,"Anacor Pharmaceuticals, Inc.",Nasdaq
ANAD,"ANADIGICS, Inc.",Nasdaq
ANAT,American National Insurance Company,Nasdaq
ANCB,Anchor Bancorp,Nasdaq
ANCI,American Caresource Holdings Inc,Nasdaq
ANCX,Access National Corporation,Nasdaq
ANDE,"The Andersons, Inc.",Nasdaq
ANGI,"Angie's List, Inc.",Nasdaq
ANGO,"AngioDynamics, Inc.",Nasdaq
ANIK,Anika Therapeutics Inc.,Nasdaq
ANIP,"ANI Pharmaceuticals, Inc.",Nasdaq
ANSS,"ANSYS, Inc.",Nasdaq
ANTH,"Anthera Pharmaceuticals, Inc.",Nasdaq
ANY,Sphere 3D Corp,Nasdaq
AOSL,Alpha and Omega Semiconductor Limited,Nasdaq
APAGF,Apco Oil and Gas International Inc.,Nasdaq
APDN,Applied DNA Sciences Inc,Nasdaq
APDNW,Applied DNA Sciences Inc,Nasdaq
APEI,"American Public Education, Inc.",Nasdaq
APOG,"Apogee Enterprises, Inc.",Nasdaq
APOL,"Apollo Education Group, Inc.",Nasdaq
APPY,"Venaxis, Inc.",Nasdaq
APRI,"Apricus Biosciences, Inc",Nasdaq
APSA,Alto Palermo S.A.,Nasdaq
APTO,"Aptose Biosciences, Inc.",Nasdaq
APWC,Asia Pacific Wire & Cable Corporation Limited,Nasdaq
AQXP,"Aquinox Pharmaceuticals, Inc.",Nasdaq
ARAY,Accuray Incorporated,Nasdaq
ARCB,ArcBest Corporation,Nasdaq
ARCC,Ares Capital Corporation,Nasdaq
ARCI,"Appliance Recycling Centers of America, Inc.",Nasdaq
ARCP,"American Realty Capital Properties, Inc.",Nasdaq
ARCPP,"American Realty Capital Properties, Inc.",Nasdaq
ARCW,"ARC Group Worldwide, Inc.",Nasdaq
ARDM,Aradigm Corporation,Nasdaq
ARDX,"Ardelyx, Inc.",Nasdaq
AREX,Approach Resources Inc.,Nasdaq
ARGS,"Argos Therapeutics, Inc.",Nasdaq
ARIA,"ARIAD Pharmaceuticals, Inc.",Nasdaq
ARII,"American Railcar Industries, Inc.",Nasdaq
ARIS,"ARI Network Services, Inc.",Nasdaq
ARKR,Ark Restaurants Corp.,Nasdaq
ARLP,"Alliance Resource Partners, L.P.",Nasdaq
ARMH,ARM Holdings plc,Nasdaq
ARNA,"Arena Pharmaceuticals, Inc.",Nasdaq
AROW,Arrow Financial Corporation,Nasdaq
ARQL,"ArQule, Inc.",Nasdaq
ARRS,"ARRIS Group, Inc.",Nasdaq
ARRY,Array BioPharma Inc.,Nasdaq
ARTNA,Artesian Resources Corporation,Nasdaq
ARTW,Art's,Nasdaq
ARTX,Arotech Corporation,Nasdaq
ARUN,"Aruba Networks, Inc.",Nasdaq
ARWR,Arrowhead Research Corporation,Nasdaq
ASBB,"ASB Bancorp, Inc.",Nasdaq
ASBI,Ameriana Bancorp,Nasdaq
ASCMA,"Ascent Capital Group, Inc.",Nasdaq
ASEI,"American Science and Engineering, Inc.",Nasdaq
ASFI,"Asta Funding, Inc.",Nasdaq
ASMB,"Assembly Biosciences, Inc.",Nasdaq
ASMI,ASM International N.V.,Nasdaq
ASML,ASML Holding N.V.,Nasdaq
ASNA,"Ascena Retail Group, Inc.",Nasdaq
ASPS,Altisource Portfolio Solutions S.A.,Nasdaq
ASPX,"Auspex Pharmaceuticals, Inc.",Nasdaq
ASRV,AmeriServ Financial Inc.,Nasdaq
ASRVP,AmeriServ Financial Inc.,Nasdaq
ASTC,Astrotech Corporation,Nasdaq
ASTE,"Astec Industries, Inc.",Nasdaq
ASTI,"Ascent Solar Technologies, Inc.",Nasdaq
ASUR,Asure Software Inc,Nasdaq
ASYS,"Amtech Systems, Inc.",Nasdaq
ATAI,ATA Inc.,Nasdaq
ATAX,"America First Multifamily Investors, L.P.",Nasdaq
ATEA,"Astea International, Inc.",Nasdaq
ATEC,"Alphatec Holdings, Inc.",Nasdaq
ATHN,"athenahealth, Inc.",Nasdaq
ATHX,"Athersys, Inc.",Nasdaq
ATLC,Atlanticus Holdings Corporation,Nasdaq
ATLO,Ames National Corporation,Nasdaq
ATML,Atmel Corporation,Nasdaq
ATNI,Atlantic Tele,Nasdaq
ATNY,API Technologies Corp.,Nasdaq
ATOS,Atossa Genetics Inc.,Nasdaq
ATRA,"Atara Biotherapeutics, Inc.",Nasdaq
ATRC,"AtriCure, Inc.",Nasdaq
ATRI,ATRION Corporation,Nasdaq
ATRM,"ATRM Holdings, Inc.",Nasdaq
ATRO,Astronics Corporation,Nasdaq
ATRS,"Antares Pharma, Inc.",Nasdaq
ATSG,"Air Transport Services Group, Inc",Nasdaq
ATTU,Attunity Ltd.,Nasdaq
ATVI,"Activision Blizzard, Inc",Nasdaq
AUBN,"Auburn National Bancorporation, Inc.",Nasdaq
AUDC,AudioCodes Ltd.,Nasdaq
AUMA,AR Capital Acquisition Corp.,Nasdaq
AUMAU,AR Capital Acquisition Corp.,Nasdaq
AUMAW,AR Capital Acquisition Corp.,Nasdaq
AUPH,Aurinia Pharmaceuticals Inc,Nasdaq
AUXL,"Auxilium Pharmaceuticals, Inc.",Nasdaq
AVAV,"AeroVironment, Inc.",Nasdaq
AVEO,"AVEO Pharmaceuticals, Inc.",Nasdaq
AVGO,Avago Technologies Limited,Nasdaq
AVHI,"A V Homes, Inc.",Nasdaq
AVID,"Avid Technology, Inc.",Nasdaq
AVNR,"Avanir Pharmaceuticals, Inc.",Nasdaq
AVNW,"Aviat Networks, Inc.",Nasdaq
AWAY,"HomeAway, Inc.",Nasdaq
AWRE,"Aware, Inc.",Nasdaq
AXAS,Abraxas Petroleum Corporation,Nasdaq
AXDX,"Accelerate Diagnostics, Inc.",Nasdaq
AXGN,"AxoGen, Inc.",Nasdaq
AXJS,iShares MSCI All Country Asia ex Japan Small Cap Index Fund,Nasdaq
AXPW,"Axion Power International, Inc.",Nasdaq
AXPWW,"Axion Power International, Inc.",Nasdaq
AXTI,AXT Inc,Nasdaq
AZPN,"Aspen Technology, Inc.",Nasdaq
BABY,Natus Medical Incorporated,Nasdaq
BAGR,"Diversified Restaurant Holdings, Inc.",Nasdaq
BAMM,Books,Nasdaq
BANF,BancFirst Corporation,Nasdaq
BANFP,BancFirst Corporation,Nasdaq
BANR,Banner Corporation,Nasdaq
BANX,StoneCastle Financial Corp,Nasdaq
BASI,"Bioanalytical Systems, Inc.",Nasdaq
BBBY,Bed Bath & Beyond Inc.,Nasdaq
BBC,BioShares Biotechnology Clinical Trials Fund,Nasdaq
BBCN,"BBCN Bancorp, Inc.",Nasdaq
BBEP,"BreitBurn Energy Partners, L.P.",Nasdaq
BBEPP,"BreitBurn Energy Partners, L.P.",Nasdaq
BBGI,"Beasley Broadcast Group, Inc.",Nasdaq
BBLU,"Blue Earth, Inc.",Nasdaq
BBNK,Bridge Capital Holdings,Nasdaq
BBOX,Black Box Corporation,Nasdaq
BBP,BioShares Biotechnology Products Fund,Nasdaq
BBRG,"Bravo Brio Restaurant Group, Inc.",Nasdaq
BBRY,BlackBerry Limited,Nasdaq
BBSI,"Barrett Business Services, Inc.",Nasdaq
BCBP,"BCB Bancorp, Inc. (NJ)",Nasdaq
BCLI,Brainstorm Cell Therapeutics Inc.,Nasdaq
BCOM,B Communications Ltd.,Nasdaq
BCOR,"Blucora, Inc.",Nasdaq
BCOV,Brightcove Inc.,Nasdaq
BCPC,Balchem Corporation,Nasdaq
BCRX,"BioCryst Pharmaceuticals, Inc.",Nasdaq
BDBD,"Boulder Brands, Inc.",Nasdaq
BDCV,"BDCA Venture, Inc.",Nasdaq
BDE,"Black Diamond, Inc.",Nasdaq
BDGE,"Bridge Bancorp, Inc.",Nasdaq
BDMS,"Birner Dental Management Services, Inc.",Nasdaq
BDSI,"BioDelivery Sciences International, Inc.",Nasdaq
BEAT,"BioTelemetry, Inc.",Nasdaq
BEAV,"B/E Aerospace, Inc.",Nasdaq
BEBE,"bebe stores, inc.",Nasdaq
BECN,"Beacon Roofing Supply, Inc.",Nasdaq
BELFA,Bel Fuse Inc.,Nasdaq
BELFB,Bel Fuse Inc.,Nasdaq
BFIN,BankFinancial Corporation,Nasdaq
BGCP,"BGC Partners, Inc.",Nasdaq
BGFV,Big 5 Sporting Goods Corporation,Nasdaq
BGMD,"BG Medicine, Inc.",Nasdaq
BHBK,"Blue Hills Bancorp, Inc.",Nasdaq
BIB,ProShares Ultra Nasdaq Biotechnology,Nasdaq
BICK,First Trust BICK Index Fund,Nasdaq
BIDU,"Baidu, Inc.",Nasdaq
BIIB,Biogen Idec Inc.,Nasdaq
BIND,"BIND Therapeutics, Inc.",Nasdaq
BIOC,"Biocept, Inc.",Nasdaq
BIOD,Biodel Inc.,Nasdaq
BIOL,"Biolase, Inc.",Nasdaq
BIOS,"BioScrip, Inc.",Nasdaq
BIRT,Actuate Corporation,Nasdaq
BIS,ProShares UltraShort Nasdaq Biotechnology,Nasdaq
BJRI,"BJ's Restaurants, Inc.",Nasdaq
BKCC,BlackRock Kelso Capital Corporation,Nasdaq
BKEP,"Blueknight Energy Partners L.P., L.L.C.",Nasdaq
BKEPP,"Blueknight Energy Partners L.P., L.L.C.",Nasdaq
BKMU,Bank Mutual Corporation,Nasdaq
BKSC,Bank of South Carolina Corp.,Nasdaq
BKYF,The Bank of Kentucky Financial Corp.,Nasdaq
BLCM,"Bellicum Pharmaceuticals, Inc.",Nasdaq
BLDP,"Ballard Power Systems, Inc.",Nasdaq
BLDR,"Builders FirstSource, Inc.",Nasdaq
BLFS,"BioLife Solutions, Inc.",Nasdaq
BLIN,"Bridgeline Digital, Inc.",Nasdaq
BLKB,"Blackbaud, Inc.",Nasdaq
BLMN,"Bloomin' Brands, Inc.",Nasdaq
BLMT,"BSB Bancorp, Inc.",Nasdaq
BLRX,BioLineRx Ltd.,Nasdaq
BLUE,"bluebird bio, Inc.",Nasdaq
BLVD,Boulevard Acquisition Corp.,Nasdaq
BLVDU,Boulevard Acquisition Corp.,Nasdaq
BLVDW,Boulevard Acquisition Corp.,Nasdaq
BMRC,Bank of Marin Bancorp,Nasdaq
BMRN,BioMarin Pharmaceutical Inc.,Nasdaq
BMTC,Bryn Mawr Bank Corporation,Nasdaq
BNCL,"Beneficial Mutual Bancorp, Inc.",Nasdaq
BNCN,BNC Bancorp,Nasdaq
BNDX,Vanguard Total International Bond ETF,Nasdaq
BNFT,"Benefitfocus, Inc.",Nasdaq
BNSO,"Bonso Electronics International, Inc.",Nasdaq
BOBE,"Bob Evans Farms, Inc.",Nasdaq
BOCH,Bank of Commerce Holdings (CA),Nasdaq
BOFI,"BofI Holding, Inc.",Nasdaq
BOKF,BOK Financial Corporation,Nasdaq
BONA,Bona Film Group Limited,Nasdaq
BONT,The Bon,Nasdaq
BOOM,Dynamic Materials Corporation,Nasdaq
BOSC,B.O.S. Better Online Solutions,Nasdaq
BOTA,"Biota Pharmaceuticals, Inc.",Nasdaq
BOTJ,"Bank of the James Financial Group, Inc.",Nasdaq
BPFH,"Boston Private Financial Holdings, Inc.",Nasdaq
BPFHP,"Boston Private Financial Holdings, Inc.",Nasdaq
BPFHW,"Boston Private Financial Holdings, Inc.",Nasdaq
BPOP,"Popular, Inc.",Nasdaq
BPOPM,"Popular, Inc.",Nasdaq
BPOPN,"Popular, Inc.",Nasdaq
BPTH,Bio,Nasdaq
BRCD,"Brocade Communications Systems, Inc.",Nasdaq
BRCM,Broadcom Corporation,Nasdaq
BRDR,"Borderfree, Inc.",Nasdaq
BREW,"Craft Brew Alliance, Inc.",Nasdaq
BRID,Bridgford Foods Corporation,Nasdaq
BRKL,"Brookline Bancorp, Inc.",Nasdaq
BRKR,Bruker Corporation,Nasdaq
BRKS,"Brooks Automation, Inc.",Nasdaq
BRLI,Bio,Nasdaq
BSDM,BSD Medical Corporation,Nasdaq
BSET,"Bassett Furniture Industries, Incorporated",Nasdaq
BSF,"Bear State Financial, Inc.",Nasdaq
BSFT,"BroadSoft, Inc.",Nasdaq
BSPM,"Biostar Pharmaceuticals, Inc.",Nasdaq
BSQR,BSQUARE Corporation,Nasdaq
BSRR,Sierra Bancorp,Nasdaq
BSTC,BioSpecifics Technologies Corp,Nasdaq
BTUI,"BTU International, Inc.",Nasdaq
BUR,Burcon NutraScience Corp,Nasdaq
BUSE,First Busey Corporation,Nasdaq
BV,"Bazaarvoice, Inc.",Nasdaq
BVA,Cordia Bancorp Inc.,Nasdaq
BVSN,"BroadVision, Inc.",Nasdaq
BWEN,"Broadwind Energy, Inc.",Nasdaq
BWFG,"Bankwell Financial Group, Inc.",Nasdaq
BWINA,"Baldwin & Lyons, Inc.",Nasdaq
BWINB,"Baldwin & Lyons, Inc.",Nasdaq
BWLD,"Buffalo Wild Wings, Inc.",Nasdaq
BYBK,"Bay Bancorp, Inc.",Nasdaq
BYFC,Broadway Financial Corporation,Nasdaq
BYLK,Baylake Corp,Nasdaq
CA,CA Inc.,Nasdaq
CAAS,"China Automotive Systems, Inc.",Nasdaq
CAC,Camden National Corporation,Nasdaq
CACB,Cascade Bancorp,Nasdaq
CACC,Credit Acceptance Corporation,Nasdaq
CACG,Chart Acquisition Corp.,Nasdaq
CACGU,Chart Acquisition Corp.,Nasdaq
CACGW,Chart Acquisition Corp.,Nasdaq
CACH,"Cache, Inc.",Nasdaq
CACQ,Caesars Acquisition Company,Nasdaq
CADC,"China Advanced Construction Materials Group, Inc.",Nasdaq
CADT,DT Asia Investments Limited,Nasdaq
CADTR,DT Asia Investments Limited,Nasdaq
CADTU,DT Asia Investments Limited,Nasdaq
CADTW,DT Asia Investments Limited,Nasdaq
CAKE,The Cheesecake Factory Incorporated,Nasdaq
CALA,"Calithera Biosciences, Inc.",Nasdaq
CALD,"Callidus Software, Inc.",Nasdaq
CALI,China Auto Logistics Inc.,Nasdaq
CALL,magicJack VocalTec Ltd,Nasdaq
CALM,Cal,Nasdaq
CAMB,Cambridge Capital Acquisition Corporation,Nasdaq
CAMBU,Cambridge Capital Acquisition Corporation,Nasdaq
CAMBW,Cambridge Capital Acquisition Corporation,Nasdaq
CAMP,CalAmp Corp.,Nasdaq
CAMT,Camtek Ltd.,Nasdaq
CAPN,"Capnia, Inc.",Nasdaq
CAPNW,"Capnia, Inc.",Nasdaq
CAR,"Avis Budget Group, Inc.",Nasdaq
CARA,"Cara Therapeutics, Inc.",Nasdaq
CARB,"Carbonite, Inc.",Nasdaq
CARO,Carolina Financial Corporation,Nasdaq
CART,Carolina Trust Bank,Nasdaq
CARV,"Carver Bancorp, Inc.",Nasdaq
CARZ,First Trust NASDAQ Global Auto Index Fund,Nasdaq
CASH,"Meta Financial Group, Inc.",Nasdaq
CASI,"CASI Pharmaceuticals, Inc.",Nasdaq
CASM,"CAS Medical Systems, Inc.",Nasdaq
CASS,"Cass Information Systems, Inc",Nasdaq
CASY,"Caseys General Stores, Inc.",Nasdaq
CATM,"Cardtronics, Inc.",Nasdaq
CATY,Cathay General Bancorp,Nasdaq
CATYW,Cathay General Bancorp,Nasdaq
CAVM,"Cavium, Inc.",Nasdaq
CBAK,"China BAK Battery, Inc.",Nasdaq
CBAN,"Colony Bankcorp, Inc.",Nasdaq
CBAY,CymaBay Therapeutics Inc.,Nasdaq
CBDE,CBD Energy Limited,Nasdaq
CBF,Capital Bank Financial Corp.,Nasdaq
CBFV,"CB Financial Services, Inc.",Nasdaq
CBIN,"Community Bank Shares of Indiana, Inc.",Nasdaq
CBLI,"Cleveland BioLabs, Inc.",Nasdaq
CBMG,"Cellular Biomedicine Group, Inc.",Nasdaq
CBMX,CombiMatrix Corporation,Nasdaq
CBNJ,"Cape Bancorp, Inc.",Nasdaq
CBNK,"Chicopee Bancorp, Inc.",Nasdaq
CBOE,"CBOE Holdings, Inc.",Nasdaq
CBPO,"China Biologic Products, Inc.",Nasdaq
CBRL,"Cracker Barrel Old Country Store, Inc.",Nasdaq
CBRX,"Columbia Laboratories, Inc.",Nasdaq
CBSH,"Commerce Bancshares, Inc.",Nasdaq
CBSHP,"Commerce Bancshares, Inc.",Nasdaq
CBST,"Cubist Pharmaceuticals, Inc.",Nasdaq
CBSTZ,"Cubist Pharmaceuticals, Inc.",Nasdaq
CCBG,Capital City Bank Group,Nasdaq
CCCL,"China Ceramics Co., Ltd.",Nasdaq
CCCR,"China Commercial Credit, Inc.",Nasdaq
CCIH,ChinaCache International Holdings Ltd.,Nasdaq
CCLP,CSI Compressco LP,Nasdaq
CCMP,Cabot Microelectronics Corporation,Nasdaq
CCNE,CNB Financial Corporation,Nasdaq
CCOI,"Cogent Communications Holdings, Inc.",Nasdaq
CCRN,"Cross Country Healthcare, Inc.",Nasdaq
CCUR,Concurrent Computer Corporation,Nasdaq
CCXI,"ChemoCentryx, Inc.",Nasdaq
CDC,Compass EMP U S EQ Income 100 Enhanced Volatility Weighted Fund,Nasdaq
CDK,"CDK Global, Inc.",Nasdaq
CDNA,"CareDx, Inc.",Nasdaq
CDNS,"Cadence Design Systems, Inc.",Nasdaq
CDTI,"Clean Diesel Technologies, Inc.",Nasdaq
CDW,CDW Corporation,Nasdaq
CDXS,"Codexis, Inc.",Nasdaq
CDZI,"Cadiz, Inc.",Nasdaq
CECE,CECO Environmental Corp.,Nasdaq
CECO,Career Education Corporation,Nasdaq
CELG,Celgene Corporation,Nasdaq
CELGZ,Celgene Corporation,Nasdaq
CEMI,"Chembio Diagnostics, Inc.",Nasdaq
CEMP,"Cempra, Inc.",Nasdaq
CENT,Central Garden & Pet Company,Nasdaq
CENTA,Central Garden & Pet Company,Nasdaq
CENX,Century Aluminum Company,Nasdaq
CERE,"Ceres, Inc.",Nasdaq
CERN,Cerner Corporation,Nasdaq
CERS,Cerus Corporation,Nasdaq
CERU,Cerulean Pharma Inc.,Nasdaq
CETV,Central European Media Enterprises Ltd.,Nasdaq
CEVA,"CEVA, Inc.",Nasdaq
CFA,Compass EMP US 500 Volatility Weighted Index ETF,Nasdaq
CFBK,Central Federal Corporation,Nasdaq
CFFI,C&F Financial Corporation,Nasdaq
CFFN,"Capitol Federal Financial, Inc.",Nasdaq
CFGE,Calamos Focus Growth ETF,Nasdaq
CFNB,California First National Bancorp,Nasdaq
CFNL,Cardinal Financial Corporation,Nasdaq
CFO,Compass EMP US 500 Enhanced Volatility Weighted Index ETF,Nasdaq
CFRX,ContraFect Corporation,Nasdaq
CFRXW,ContraFect Corporation,Nasdaq
CFRXZ,ContraFect Corporation,Nasdaq
CG,The Carlyle Group L.P.,Nasdaq
CGEN,Compugen Ltd.,Nasdaq
CGIX,"Cancer Genetics, Inc.",Nasdaq
CGNX,Cognex Corporation,Nasdaq
CGO,Calamos Global Total Return Fund,Nasdaq
CHCI,"Comstock Holding Companies, Inc.",Nasdaq
CHCO,City Holding Company,Nasdaq
CHDN,"Churchill Downs, Incorporated",Nasdaq
CHEF,"The Chefs' Warehouse, Inc.",Nasdaq
CHEV,Cheviot Financial Corp,Nasdaq
CHFC,Chemical Financial Corporation,Nasdaq
CHFN,Charter Financial Corp.,Nasdaq
CHI,Calamos Convertible Opportunities and Income Fund,Nasdaq
CHKE,Cherokee Inc.,Nasdaq
CHKP,Check Point Software Technologies Ltd.,Nasdaq
CHLN,"China Housing & Land Development, Inc.",Nasdaq
CHMG,Chemung Financial Corp,Nasdaq
CHNR,"China Natural Resources, Inc.",Nasdaq
CHOP,China Gerui Advanced Materials Group Limited,Nasdaq
CHRS,"Coherus BioSciences, Inc.",Nasdaq
CHRW,"C.H. Robinson Worldwide, Inc.",Nasdaq
CHSCM,CHS Inc,Nasdaq
CHSCN,CHS Inc,Nasdaq
CHSCO,CHS Inc,Nasdaq
CHSCP,CHS Inc,Nasdaq
CHTR,"Charter Communications, Inc.",Nasdaq
CHUY,"Chuy's Holdings, Inc.",Nasdaq
CHW,Calamos Global Dynamic Income Fund,Nasdaq
CHXF,WisdomTree China Dividend Ex,Nasdaq
CHY,Calamos Convertible and High Income Fund,Nasdaq
CHYR,ChyronHego Corporation,Nasdaq
CIDM,Cinedigm Corp,Nasdaq
CIFC,CIFC Corp.,Nasdaq
CIMT,"Cimatron, Limited",Nasdaq
CINF,Cincinnati Financial Corporation,Nasdaq
CISAW,CIS Acquisition Ltd.,Nasdaq
CISG,CNinsure Inc.,Nasdaq
CIZ,Compass EMP Developed 500 Enhanced Volatility Weighted Index ETF,Nasdaq
CIZN,Citizens Holding Company,Nasdaq
CJJD,China Jo,Nasdaq
CKEC,"Carmike Cinemas, Inc.",Nasdaq
CKSW,ClickSoftware Technologies Ltd.,Nasdaq
CLAC,Capitol Acquisition Corp. II,Nasdaq
CLACU,Capitol Acquisition Corp. II,Nasdaq
CLACW,Capitol Acquisition Corp. II,Nasdaq
CLBH,Carolina Bank Holdings Inc.,Nasdaq
CLCT,"Collectors Universe, Inc.",Nasdaq
CLDN,Celladon Corporation,Nasdaq
CLDX,"Celldex Therapeutics, Inc.",Nasdaq
CLFD,"Clearfield, Inc.",Nasdaq
CLIR,ClearSign Combustion Corporation,Nasdaq
CLMS,"Calamos Asset Management, Inc.",Nasdaq
CLMT,"Calumet Specialty Products Partners, L.P.",Nasdaq
CLNE,Clean Energy Fuels Corp.,Nasdaq
CLNT,"Cleantech Solutions International, Inc.",Nasdaq
CLRB,"Cellectar Biosciences, Inc.",Nasdaq
CLRBW,"Cellectar Biosciences, Inc.",Nasdaq
CLRO,"ClearOne, Inc.",Nasdaq
CLRX,"CollabRx, Inc.",Nasdaq
CLSN,Celsion Corporation,Nasdaq
CLTX,Celsus Therapeutics Plc,Nasdaq
CLUB,"Town Sports International Holdings, Inc.",Nasdaq
CLVS,"Clovis Oncology, Inc.",Nasdaq
CLWT,Euro Tech Holdings Company Limited,Nasdaq
CMCO,Columbus McKinnon Corporation,Nasdaq
CMCSA,Comcast Corporation,Nasdaq
CMCSK,Comcast Corporation,Nasdaq
CMCT,CIM Commercial Trust Corporation,Nasdaq
CME,CME Group Inc.,Nasdaq
CMFN,CM Finance Inc,Nasdaq
CMGE,China Mobile Games and Entertainment Group Limited,Nasdaq
CMLS,Cumulus Media Inc.,Nasdaq
CMPR,Cimpress N.V,Nasdaq
CMRX,"Chimerix, Inc.",Nasdaq
CMSB,"CMS Bancorp, Inc.",Nasdaq
CMTL,Comtech Telecommunications Corp.,Nasdaq
CNAT,Conatus Pharmaceuticals Inc.,Nasdaq
CNBKA,"Century Bancorp, Inc.",Nasdaq
CNCE,"Concert Pharmaceuticals, Inc.",Nasdaq
CNDO,"Coronado Biosciences, Inc.",Nasdaq
CNET,"ChinaNet Online Holdings, Inc.",Nasdaq
CNIT,"China Information Technology, Inc.",Nasdaq
CNLM,CB Pharma Acquisition Corp.,Nasdaq
CNLMR,CB Pharma Acquisition Corp.,Nasdaq
CNLMU,CB Pharma Acquisition Corp.,Nasdaq
CNLMW,CB Pharma Acquisition Corp.,Nasdaq
CNMD,CONMED Corporation,Nasdaq
CNOB,"ConnectOne Bancorp, Inc.",Nasdaq
CNSI,Comverse Inc.,Nasdaq
CNSL,"Consolidated Communications Holdings, Inc.",Nasdaq
CNTF,China TechFaith Wireless Communication Technology Limited,Nasdaq
CNTY,"Century Casinos, Inc.",Nasdaq
CNV,Cnova N.V.,Nasdaq
CNXR,"Connecture, Inc.",Nasdaq
CNYD,"China Yida Holding, Co.",Nasdaq
COB,CommunityOne Bancorp,Nasdaq
COBK,"Colonial Financial Services, Inc.",Nasdaq
COBZ,CoBiz Financial Inc.,Nasdaq
COCO,"Corinthian Colleges, Inc.",Nasdaq
COHR,"Coherent, Inc.",Nasdaq
COHU,"Cohu, Inc.",Nasdaq
COKE,Coca,Nasdaq
COLB,"Columbia Banking System, Inc.",Nasdaq
COLM,Columbia Sportswear Company,Nasdaq
COMM,"CommScope Holding Company, Inc.",Nasdaq
COMT,iShares Commodities Select Strategy ETF,Nasdaq
CONE,CyrusOne Inc,Nasdaq
CONN,"Conn's, Inc.",Nasdaq
COOL,Majesco Entertainment Company,Nasdaq
CORE,Core,Nasdaq
CORI,"Corium International, Inc.",Nasdaq
CORT,Corcept Therapeutics Incorporated,Nasdaq
COSI,"Cosi, Inc.",Nasdaq
COST,Costco Wholesale Corporation,Nasdaq
COVS,Covisint Corporation,Nasdaq
COWN,"Cowen Group, Inc.",Nasdaq
COWNL,"Cowen Group, Inc.",Nasdaq
CPAH,CounterPath Corporation,Nasdaq
CPGI,"China Shengda Packaging Group, Inc.",Nasdaq
CPHC,Canterbury Park Holding Corporation,Nasdaq
CPHD,CEPHEID,Nasdaq
CPHR,Cipher Pharmaceuticals Inc.,Nasdaq
CPIX,Cumberland Pharmaceuticals Inc.,Nasdaq
CPLA,Capella Education Company,Nasdaq
CPLP,Capital Product Partners L.P.,Nasdaq
CPRT,"Copart, Inc.",Nasdaq
CPRX,"Catalyst Pharmaceutical Partners, Inc.",Nasdaq
CPSI,"Computer Programs and Systems, Inc.",Nasdaq
CPSS,"Consumer Portfolio Services, Inc.",Nasdaq
CPST,Capstone Turbine Corporation,Nasdaq
CPTA,Capitala Finance Corp.,Nasdaq
CPXX,Celator Pharmaceuticals Inc.,Nasdaq
CRAI,"CRA International,Inc.",Nasdaq
CRAY,Cray Inc,Nasdaq
CRDC,"Cardica, Inc.",Nasdaq
CRDS,"Crossroads Systems, Inc.",Nasdaq
CRDT,WisdomTree Strategic Corporate Bond Fund,Nasdaq
CREE,"Cree, Inc.",Nasdaq
CREG,China Recycling Energy Corporation,Nasdaq
CRESW,Cresud S.A.C.I.F. y A.,Nasdaq
CRESY,Cresud S.A.C.I.F. y A.,Nasdaq
CRIS,"Curis, Inc.",Nasdaq
CRME,Cardiome Pharma Corporation,Nasdaq
CRMT,America's Car,Nasdaq
CRNT,Ceragon Networks Ltd.,Nasdaq
CROX,"Crocs, Inc.",Nasdaq
CRRC,Courier Corporation,Nasdaq
CRRS,"Corporate Resource Services, Inc.",Nasdaq
CRTN,"Cartesian, Inc.",Nasdaq
CRTO,Criteo S.A.,Nasdaq
CRUS,"Cirrus Logic, Inc.",Nasdaq
CRVL,CorVel Corp.,Nasdaq
CRWN,"Crown Media Holdings, Inc.",Nasdaq
CRWS,"Crown Crafts, Inc.",Nasdaq
CRZO,"Carrizo Oil & Gas, Inc.",Nasdaq
CSBK,Clifton Bancorp Inc.,Nasdaq
CSCD,"Cascade Microtech, Inc.",Nasdaq
CSCO,"Cisco Systems, Inc.",Nasdaq
CSF,Compass EMP U.S. Discovery 500 Enhanced Volatility Weighted Fund,Nasdaq
CSFL,"CenterState Banks, Inc.",Nasdaq
CSGP,"CoStar Group, Inc.",Nasdaq
CSGS,"CSG Systems International, Inc.",Nasdaq
CSII,"Cardiovascular Systems, Inc.",Nasdaq
CSIQ,Canadian Solar Inc.,Nasdaq
CSOD,"Cornerstone OnDemand, Inc.",Nasdaq
CSPI,CSP Inc.,Nasdaq
CSQ,Calamos Strategic Total Return Fund,Nasdaq
CSRE,CSR plc,Nasdaq
CSTE,CaesarStone Sdot,Nasdaq
CSUN,"China Sunergy Co., Ltd.",Nasdaq
CSWC,Capital Southwest Corporation,Nasdaq
CTAS,Cintas Corporation,Nasdaq
CTBI,"Community Trust Bancorp, Inc.",Nasdaq
CTCM,"CTC Media, Inc.",Nasdaq
CTCT,"Constant Contact, Inc.",Nasdaq
CTG,"Computer Task Group, Incorporated",Nasdaq
CTHR,Charles & Colvard Ltd,Nasdaq
CTIB,CTI Industries Corporation,Nasdaq
CTIC,CTI BioPharma Corp.,Nasdaq
CTRE,"CareTrust REIT, Inc.",Nasdaq
CTRL,Control4 Corporation,Nasdaq
CTRN,"Citi Trends, Inc.",Nasdaq
CTRP,"Ctrip.com International, Ltd.",Nasdaq
CTRX,Catamaran Corporation,Nasdaq
CTSH,Cognizant Technology Solutions Corporation,Nasdaq
CTSO,Cytosorbents Corporation,Nasdaq
CTWS,"Connecticut Water Service, Inc.",Nasdaq
CTXS,"Citrix Systems, Inc.",Nasdaq
CU,First Trust ISE Global Copper Index Fund,Nasdaq
CUBA,"The Herzfeld Caribbean Basin Fund, Inc.",Nasdaq
CUI,"CUI Global, Inc.",Nasdaq
CUNB,CU Bancorp (CA),Nasdaq
CUTR,"Cutera, Inc.",Nasdaq
CVBF,CVB Financial Corporation,Nasdaq
CVCO,"Cavco Industries, Inc.",Nasdaq
CVCY,Central Valley Community Bancorp,Nasdaq
CVGI,"Commercial Vehicle Group, Inc.",Nasdaq
CVGW,"Calavo Growers, Inc.",Nasdaq
CVLT,"CommVault Systems, Inc.",Nasdaq
CVLY,"Codorus Valley Bancorp, Inc",Nasdaq
CVTI,"Covenant Transportation Group, Inc.",Nasdaq
CVV,CVD Equipment Corporation,Nasdaq
CWAY,"Coastway Bancorp, Inc.",Nasdaq
CWBC,Community West Bancshares,Nasdaq
CWCO,Consolidated Water Co. Ltd.,Nasdaq
CWST,"Casella Waste Systems, Inc.",Nasdaq
CXDC,China XD Plastics Company Limited,Nasdaq
CY,Cypress Semiconductor Corporation,Nasdaq
CYAN,Cyanotech Corporation,Nasdaq
CYBE,CyberOptics Corporation,Nasdaq
CYBR,CyberArk Software Ltd.,Nasdaq
CYBX,"Cyberonics, Inc.",Nasdaq
CYCC,"Cyclacel Pharmaceuticals, Inc.",Nasdaq
CYCCP,"Cyclacel Pharmaceuticals, Inc.",Nasdaq
CYHHZ,"Community Health Systems, Inc.",Nasdaq
CYNO,"Cynosure, Inc.",Nasdaq
CYOU,Changyou.com Limited,Nasdaq
CYRN,CYREN Ltd.,Nasdaq
CYTK,"Cytokinetics, Incorporated",Nasdaq
CYTR,CytRx Corporation,Nasdaq
CYTX,Cytori Therapeutics Inc,Nasdaq
CZFC,Citizens First Corporation,Nasdaq
CZNC,Citizens & Northern Corp,Nasdaq
CZR,Caesars Entertainment Corporation,Nasdaq
CZWI,"Citizens Community Bancorp, Inc.",Nasdaq
DAEG,Daegis Inc,Nasdaq
DAIO,Data I/O Corporation,Nasdaq
DAKT,"Daktronics, Inc.",Nasdaq
DARA,"DARA Biosciences, Inc.",Nasdaq
DATE,Jiayuan.com International Ltd.,Nasdaq
DAVE,"Famous Dave's of America, Inc.",Nasdaq
DAX,Recon Capital DAX Germany ETF,Nasdaq
DBVT,DBV Technologies S.A.,Nasdaq
DCIX,Diana Containerships Inc.,Nasdaq
DCOM,"Dime Community Bancshares, Inc.",Nasdaq
DCTH,"Delcath Systems, Inc.",Nasdaq
DENN,Denny's Corporation,Nasdaq
DEPO,"Depomed, Inc.",Nasdaq
DERM,"Dermira, Inc.",Nasdaq
DEST,Destination Maternity Corporation,Nasdaq
DFRG,"Del Frisco's Restaurant Group, Inc.",Nasdaq
DFVL,Barclays PLC,Nasdaq
DFVS,Barclays PLC,Nasdaq
DGAS,"Delta Natural Gas Company, Inc.",Nasdaq
DGICA,"Donegal Group, Inc.",Nasdaq
DGICB,"Donegal Group, Inc.",Nasdaq
DGII,Digi International Inc.,Nasdaq
DGLD,Credit Suisse AG,Nasdaq
DGLY,"Digital Ally, Inc.",Nasdaq
DGRE,WisdomTree Emerging Markets Dividend Growth Fund,Nasdaq
DGRS,WisdomTree U.S. SmallCap Dividend Growth Fund,Nasdaq
DGRW,WisdomTree U.S. Dividend Growth Fund,Nasdaq
DHIL,"Diamond Hill Investment Group, Inc.",Nasdaq
DHRM,Dehaier Medical Systems Limited,Nasdaq
DIOD,Diodes Incorporated,Nasdaq
DISCA,"Discovery Communications, Inc.",Nasdaq
DISCB,"Discovery Communications, Inc.",Nasdaq
DISCK,"Discovery Communications, Inc.",Nasdaq
DISH,DISH Network Corporation,Nasdaq
DJCO,Daily Journal Corp. (S.C.),Nasdaq
DLBL,Barclays PLC,Nasdaq
DLBS,Barclays PLC,Nasdaq
DLHC,DLH Holdings Corp.,Nasdaq
DLTR,"Dollar Tree, Inc.",Nasdaq
DMLP,"Dorchester Minerals, L.P.",Nasdaq
DMND,"Diamond Foods, Inc.",Nasdaq
DMRC,Digimarc Corporation,Nasdaq
DNBF,DNB Financial Corp,Nasdaq
DNKN,"Dunkin' Brands Group, Inc.",Nasdaq
DORM,"Dorman Products, Inc.",Nasdaq
DOVR,"Dover Saddlery, Inc.",Nasdaq
DOX,Amdocs Limited,Nasdaq
DPRX,"Dipexium Pharmaceuticals, Inc.",Nasdaq
DRAD,Digirad Corporation,Nasdaq
DRAM,Dataram Corporation,Nasdaq
DRIV,"Digital River, Inc.",Nasdaq
DRNA,"Dicerna Pharmaceuticals, Inc.",Nasdaq
DRRX,DURECT Corporation,Nasdaq
DRWI,DragonWave Inc,Nasdaq
DRWIW,DragonWave Inc,Nasdaq
DRYS,DryShips Inc.,Nasdaq
DSCI,"Derma Sciences, Inc.",Nasdaq
DSCO,"Discovery Laboratories, Inc.",Nasdaq
DSGX,The Descartes Systems Group Inc.,Nasdaq
DSKX,"DS Healthcare Group, Inc.",Nasdaq
DSKY,iDreamSky Technology Limited,Nasdaq
DSLV,Credit Suisse AG,Nasdaq
DSPG,"DSP Group, Inc.",Nasdaq
DSWL,"Deswell Industries, Inc.",Nasdaq
DTLK,Datalink Corporation,Nasdaq
DTSI,"DTS, Inc.",Nasdaq
DTUL,Barclays PLC,Nasdaq
DTUS,Barclays PLC,Nasdaq
DTV,DIRECTV,Nasdaq
DTYL,Barclays PLC,Nasdaq
DTYS,Barclays PLC,Nasdaq
DVAX,Dynavax Technologies Corporation,Nasdaq
DVCR,Diversicare Healthcare Services Inc.,Nasdaq
DWA,"Dreamworks Animation SKG, Inc.",Nasdaq
DWAT,Arrow DWA Tactical ETF,Nasdaq
DWCH,Datawatch Corporation,Nasdaq
DWSN,Dawson Geophysical Company,Nasdaq
DXCM,"DexCom, Inc.",Nasdaq
DXGE,WisdomTree Germany Hedged Equity Fund,Nasdaq
DXJS,WisdomTree Japan Hedged SmallCap Equity Fund,Nasdaq
DXKW,WisdomTree Korea Hedged Equity Fund,Nasdaq
DXLG,"Destination XL Group, Inc.",Nasdaq
DXM,"Dex Media, Inc.",Nasdaq
DXPE,"DXP Enterprises, Inc.",Nasdaq
DXPS,WisdomTree United Kingdom Hedged Equity Fund,Nasdaq
DXYN,"The Dixie Group, Inc.",Nasdaq
DYAX,Dyax Corp.,Nasdaq
DYNT,Dynatronics Corporation,Nasdaq
DYSL,Dynasil Corporation of America,Nasdaq
EA,Electronic Arts Inc.,Nasdaq
EAC,Erickson Incorporated,Nasdaq
EARS,Auris Medical Holding AG,Nasdaq
EBAY,eBay Inc.,Nasdaq
EBIO,"Eleven Biotherapeutics, Inc.",Nasdaq
EBIX,"Ebix, Inc.",Nasdaq
EBMT,"Eagle Bancorp Montana, Inc.",Nasdaq
EBSB,"Meridian Bancorp, Inc.",Nasdaq
EBTC,Enterprise Bancorp Inc,Nasdaq
ECHO,"Echo Global Logistics, Inc.",Nasdaq
ECOL,"US Ecology, Inc.",Nasdaq
ECPG,Encore Capital Group Inc,Nasdaq
ECTE,"Echo Therapeutics, Inc.",Nasdaq
ECYT,"Endocyte, Inc.",Nasdaq
EDAP,EDAP TMS S.A.,Nasdaq
EDGW,"Edgewater Technology, Inc.",Nasdaq
EDS,Exceed Company Ltd.,Nasdaq
EDUC,Educational Development Corporation,Nasdaq
EEFT,"Euronet Worldwide, Inc.",Nasdaq
EEI,"Ecology and Environment, Inc.",Nasdaq
EEMA,iShares MSCI Emerging Markets Asia Index Fund,Nasdaq
EEME,iShares MSCI Emerging Markets EMEA Index Fund,Nasdaq
EEML,iShares MSCI Emerging Markets Latin America Index Fund,Nasdaq
EFII,"Electronics for Imaging, Inc.",Nasdaq
EFOI,"Energy Focus, Inc.",Nasdaq
EFSC,Enterprise Financial Services Corporation,Nasdaq
EFUT,eFuture Information Technology Inc.,Nasdaq
EGAN,eGain Corporation,Nasdaq
EGBN,"Eagle Bancorp, Inc.",Nasdaq
EGHT,8x8 Inc,Nasdaq
EGLE,Eagle Bulk Shipping Inc.,Nasdaq
EGLT,Egalet Corporation,Nasdaq
EGOV,NIC Inc.,Nasdaq
EGRW,iShares MSCI Emerging Markets Growth Index Fund,Nasdaq
EGRX,"Eagle Pharmaceuticals, Inc.",Nasdaq
EGT,Entertainment Gaming Asia Incorporated,Nasdaq
EHTH,"eHealth, Inc.",Nasdaq
EIGI,"Endurance International Group Holdings, Inc.",Nasdaq
ELGX,"Endologix, Inc.",Nasdaq
ELNK,EarthLink Holdings Corp.,Nasdaq
ELON,Echelon Corporation,Nasdaq
ELOS,Syneron Medical Ltd.,Nasdaq
ELRC,Electro Rent Corporation,Nasdaq
ELSE,Electro,Nasdaq
ELTK,Eltek Ltd.,Nasdaq
EMCB,WisdomTree Emerging Markets Corporate Bond Fund,Nasdaq
EMCF,Emclaire Financial Corp,Nasdaq
EMCG,WisdomTree Emerging Markets Consumer Growth Fund,Nasdaq
EMCI,EMC Insurance Group Inc.,Nasdaq
EMDI,iShares MSCI Emerging Markets Consumer Discrectionary Sector Index Fund,Nasdaq
EMEY,iShares MSCI Emerging Markets Energy Sector Capped Index Fund,Nasdaq
EMIF,iShares S&P Emerging Markets Infrastructure Index Fund,Nasdaq
EMITF,Elbit Imaging Ltd.,Nasdaq
EMKR,EMCORE Corporation,Nasdaq
EML,Eastern Company (The),Nasdaq
EMMS,Emmis Communications Corporation,Nasdaq
EMMSP,Emmis Communications Corporation,Nasdaq
ENDP,Endo International plc,Nasdaq
ENFC,Entegra Financial Corp.,Nasdaq
ENG,ENGlobal Corporation,Nasdaq
ENOC,"EnerNOC, Inc.",Nasdaq
ENPH,"Enphase Energy, Inc.",Nasdaq
ENSG,"The Ensign Group, Inc.",Nasdaq
ENT,Global Eagle Entertainment Inc.,Nasdaq
ENTA,"Enanta Pharmaceuticals, Inc.",Nasdaq
ENTG,"Entegris, Inc.",Nasdaq
ENTR,"Entropic Communications, Inc.",Nasdaq
ENVI,"Envivio, Inc.",Nasdaq
ENZN,"Enzon Pharmaceuticals, Inc.",Nasdaq
ENZY,Enzymotec Ltd.,Nasdaq
EOPN,"E2open, Inc.",Nasdaq
EPAX,"Ambassadors Group, Inc.",Nasdaq
EPAY,"Bottomline Technologies, Inc.",Nasdaq
EPIQ,"EPIQ Systems, Inc.",Nasdaq
EPRS,"EPIRUS Biopharmaceuticals, Inc.",Nasdaq
EPZM,"Epizyme, Inc.",Nasdaq
EQIX,"Equinix, Inc.",Nasdaq
ERI,"Eldorado Resorts, Inc.",Nasdaq
ERIC,Ericsson,Nasdaq
ERIE,Erie Indemnity Company,Nasdaq
ERII,"Energy Recovery, Inc.",Nasdaq
EROC,"Eagle Rock Energy Partners, L.P.",Nasdaq
ERS,"Empire Resources, Inc.",Nasdaq
ERW,VelocityShares Equal Risk Weighted Large Cap ETF,Nasdaq
ESBF,ESB Financial Corporation,Nasdaq
ESBK,Elmira Savings Bank NY (The),Nasdaq
ESCA,"Escalade, Incorporated",Nasdaq
ESCR,Escalera Resources Co.,Nasdaq
ESCRP,Escalera Resources Co.,Nasdaq
ESEA,Euroseas Ltd.,Nasdaq
ESGR,Enstar Group Limited,Nasdaq
ESIO,"Electro Scientific Industries, Inc.",Nasdaq
ESLT,Elbit Systems Ltd.,Nasdaq
ESMC,Escalon Medical Corp.,Nasdaq
ESPR,"Esperion Therapeutics, Inc.",Nasdaq
ESRX,Express Scripts Holding Company,Nasdaq
ESSA,"ESSA Bancorp, Inc.",Nasdaq
ESSX,Essex Rental Corporation,Nasdaq
ESXB,Community Bankers Trust Corporation.,Nasdaq
ESYS,Elecsys Corporation,Nasdaq
ETFC,E*TRADE Financial Corporation,Nasdaq
ETRM,EnteroMedics Inc.,Nasdaq
EUFN,iShares MSCI Europe Financials Sector Index Fund,Nasdaq
EVAL,iShares MSCI Emerging Markets Value Index Fund,Nasdaq
EVAR,"Lombard Medical, Inc.",Nasdaq
EVBS,"Eastern Virginia Bankshares, Inc.",Nasdaq
EVEP,"EV Energy Partners, L.P.",Nasdaq
EVK,Ever,Nasdaq
EVLV,EVINE Live Inc.,Nasdaq
EVOK,"Evoke Pharma, Inc.",Nasdaq
EVOL,"Evolving Systems, Inc.",Nasdaq
EVRY,"EveryWare Global, Inc.",Nasdaq
EWBC,"East West Bancorp, Inc.",Nasdaq
EXA,Exa Corporation,Nasdaq
EXAC,"Exactech, Inc.",Nasdaq
EXAS,Exact Sciences Corporation,Nasdaq
EXEL,"Exelixis, Inc.",Nasdaq
EXFO,EXFO Inc,Nasdaq
EXLP,"Exterran Partners, L.P.",Nasdaq
EXLS,"ExlService Holdings, Inc.",Nasdaq
EXPD,"Expeditors International of Washington, Inc.",Nasdaq
EXPE,"Expedia, Inc.",Nasdaq
EXPO,"Exponent, Inc.",Nasdaq
EXTR,"Extreme Networks, Inc.",Nasdaq
EXXI,Energy XXI Ltd.,Nasdaq
EYES,"Second Sight Medical Products, Inc.",Nasdaq
EZCH,EZchip Semiconductor Limited,Nasdaq
EZPW,"EZCORP, Inc.",Nasdaq
FALC,"FalconStor Software, Inc.",Nasdaq
FANG,"Diamondback Energy, Inc.",Nasdaq
FARM,Farmer Brothers Company,Nasdaq
FARO,"FARO Technologies, Inc.",Nasdaq
FAST,Fastenal Company,Nasdaq
FATE,"Fate Therapeutics, Inc.",Nasdaq
FB,"Facebook, Inc.",Nasdaq
FBIZ,"First Business Financial Services, Inc.",Nasdaq
FBMS,"The First Bancshares, Inc.",Nasdaq
FBNC,First Bancorp,Nasdaq
FBNK,"First Connecticut Bancorp, Inc.",Nasdaq
FBRC,FBR & Co,Nasdaq
FBSS,"Fauquier Bankshares, Inc.",Nasdaq
FCAP,"First Capital, Inc.",Nasdaq
FCBC,"First Community Bancshares, Inc.",Nasdaq
FCCO,First Community Corporation,Nasdaq
FCCY,1st Constitution Bancorp (NJ),Nasdaq
FCEL,"FuelCell Energy, Inc.",Nasdaq
FCFS,"First Cash Financial Services, Inc.",Nasdaq
FCHI,iShares FTSE China (HK Listed) Index Fund,Nasdaq
FCLF,First Clover Leaf Financial Corp.,Nasdaq
FCNCA,"First Citizens BancShares, Inc.",Nasdaq
FCS,"Fairchild Semiconductor International, Inc.",Nasdaq
FCSC,Fibrocell Science Inc,Nasdaq
FCTY,"1st Century Bancshares, Inc",Nasdaq
FCVA,"First Capital Bancorp, Inc. (VA)",Nasdaq
FCZA,First Citizens Banc Corp.,Nasdaq
FCZAP,First Citizens Banc Corp.,Nasdaq
FDEF,First Defiance Financial Corp.,Nasdaq
FDIV,First Trust Strategic Income ETF,Nasdaq
FDML,Federal,Nasdaq
FDUS,Fidus Investment Corporation,Nasdaq
FEIC,FEI Company,Nasdaq
FEIM,"Frequency Electronics, Inc.",Nasdaq
FELE,"Franklin Electric Co., Inc.",Nasdaq
FEMB,First Trust Emerging Markets Local Currency Bond ETF,Nasdaq
FES,Forbes Energy Services Ltd,Nasdaq
FEUZ,First Trust Eurozone AlphaDEX ETF,Nasdaq
FEYE,"FireEye, Inc.",Nasdaq
FFBC,First Financial Bancorp.,Nasdaq
FFBCW,First Financial Bancorp.,Nasdaq
FFHL,"Fuwei Films (Holdings) Co., Ltd.",Nasdaq
FFIC,Flushing Financial Corporation,Nasdaq
FFIN,"First Financial Bankshares, Inc.",Nasdaq
FFIV,"F5 Networks, Inc.",Nasdaq
FFKT,Farmers Capital Bank Corporation,Nasdaq
FFNM,"First Federal of Northern Michigan Bancorp, Inc.",Nasdaq
FFNW,"First Financial Northwest, Inc.",Nasdaq
FFWM,First Foundation Inc.,Nasdaq
FGEN,"FibroGen, Inc",Nasdaq
FHCO,Female Health Company (The),Nasdaq
FIBK,"First Interstate BancSystem, Inc.",Nasdaq
FINL,"The Finish Line, Inc.",Nasdaq
FISH,"Marlin Midstream Partners, LP",Nasdaq
FISI,"Financial Institutions, Inc.",Nasdaq
FISV,"Fiserv, Inc.",Nasdaq
FITB,Fifth Third Bancorp,Nasdaq
FITBI,Fifth Third Bancorp,Nasdaq
FIVE,"Five Below, Inc.",Nasdaq
FIVN,"Five9, Inc.",Nasdaq
FIZZ,National Beverage Corp.,Nasdaq
FLAT,Barclays PLC,Nasdaq
FLDM,Fluidigm Corporation,Nasdaq
FLEX,Flextronics International Ltd.,Nasdaq
FLIC,The First of Long Island Corporation,Nasdaq
FLIR,"FLIR Systems, Inc.",Nasdaq
FLL,"Full House Resorts, Inc.",Nasdaq
FLML,Flamel Technologies S.A.,Nasdaq
FLWS,1,Nasdaq
FLXN,"Flexion Therapeutics, Inc.",Nasdaq
FLXS,"Flexsteel Industries, Inc.",Nasdaq
FMB,First Trust Managed Municipal ETF,Nasdaq
FMBH,First Mid,Nasdaq
FMBI,"First Midwest Bancorp, Inc.",Nasdaq
FMER,FirstMerit Corporation,Nasdaq
FMI,"Foundation Medicine, Inc.",Nasdaq
FMNB,Farmers National Banc Corp.,Nasdaq
FNBC,First NBC Bank Holding Company,Nasdaq
FNFG,First Niagara Financial Group Inc.,Nasdaq
FNGN,"Financial Engines, Inc.",Nasdaq
FNHC,Federated National Holding Company,Nasdaq
FNJN,"Finjan Holdings, Inc.",Nasdaq
FNLC,"First Bancorp, Inc (ME)",Nasdaq
FNRG,ForceField Energy Inc.,Nasdaq
FNSR,Finisar Corporation,Nasdaq
FOLD,"Amicus Therapeutics, Inc.",Nasdaq
FOMX,Foamix Pharmaceuticals Ltd.,Nasdaq
FONE,First Trust NASDAQ CEA Smartphone Index Fund,Nasdaq
FONR,Fonar Corporation,Nasdaq
FORD,"Forward Industries, Inc.",Nasdaq
FORM,"FormFactor, Inc.",Nasdaq
FORR,"Forrester Research, Inc.",Nasdaq
FORTY,Formula Systems (1985) Ltd.,Nasdaq
FOSL,"Fossil Group, Inc.",Nasdaq
FOX,Twenty,Nasdaq
FOXA,Twenty,Nasdaq
FOXF,Fox Factory Holding Corp.,Nasdaq
FPRX,"Five Prime Therapeutics, Inc.",Nasdaq
FPXI,First Trust International IPO ETF,Nasdaq
FRAN,Francesca's Holdings Corporation,Nasdaq
FRBA,First Bank,Nasdaq
FRBK,"Republic First Bancorp, Inc.",Nasdaq
FRED,"Fred's, Inc.",Nasdaq
FREE,FreeSeas Inc.,Nasdaq
FRGI,"Fiesta Restaurant Group, Inc.",Nasdaq
FRME,First Merchants Corporation,Nasdaq
FRP,"FairPoint Communications, Inc.",Nasdaq
FRPH,"FRP Holdings, Inc.",Nasdaq
FRPHV,"FRP Holdings, Inc.",Nasdaq
FRPT,"Freshpet, Inc.",Nasdaq
FRSH,"Papa Murphy's Holdings, Inc.",Nasdaq
FSAM,Fifth Street Asset Management Inc.,Nasdaq
FSBK,First South Bancorp Inc,Nasdaq
FSBW,"FS Bancorp, Inc.",Nasdaq
FSC,Fifth Street Finance Corp.,Nasdaq
FSCFL,Fifth Street Finance Corp.,Nasdaq
FSFG,"First Savings Financial Group, Inc.",Nasdaq
FSFR,Fifth Street Senior Floating Rate Corp.,Nasdaq
FSGI,"First Security Group, Inc.",Nasdaq
FSLR,"First Solar, Inc.",Nasdaq
FSNN,"Fusion Telecommunications International, Inc.",Nasdaq
FSRV,FirstService Corporation,Nasdaq
FSTR,L.B. Foster Company,Nasdaq
FSYS,"Fuel Systems Solutions, Inc.",Nasdaq
FTCS,First Trust Capital Strength ETF,Nasdaq
FTD,"FTD Companies, Inc.",Nasdaq
FTEK,"Fuel Tech, Inc.",Nasdaq
FTGC,First Trust Global Tactical Commodity Strategy Fund,Nasdaq
FTHI,First Trust High Income ETF,Nasdaq
FTLB,First Trust Low Beta Income ETF,Nasdaq
FTNT,"Fortinet, Inc.",Nasdaq
FTR,Frontier Communications Corporation,Nasdaq
FTSL,First Trust Senior Loan Fund ETF,Nasdaq
FTSM,First Trust Enhanced Short Maturity ETF,Nasdaq
FUEL,Rocket Fuel Inc.,Nasdaq
FULL,Full Circle Capital Corporation,Nasdaq
FULLL,Full Circle Capital Corporation,Nasdaq
FULT,Fulton Financial Corporation,Nasdaq
FUNC,First United Corporation,Nasdaq
FUND,"Royce Focus Trust, Inc.",Nasdaq
FV,First Trust Dorsey Wright Focus 5 ETF,Nasdaq
FWM,Fairway Group Holdings Corp.,Nasdaq
FWP,Forward Pharma A/S,Nasdaq
FWRD,Forward Air Corporation,Nasdaq
FXCB,"Fox Chase Bancorp, Inc.",Nasdaq
FXEN,"FX Energy, Inc.",Nasdaq
FXENP,"FX Energy, Inc.",Nasdaq
GABC,"German American Bancorp, Inc.",Nasdaq
GAI,Global,Nasdaq
GAIA,"Gaiam, Inc.",Nasdaq
GAIN,Gladstone Investment Corporation,Nasdaq
GAINO,Gladstone Investment Corporation,Nasdaq
GAINP,Gladstone Investment Corporation,Nasdaq
GALE,"Galena Biopharma, Inc.",Nasdaq
GALT,Galectin Therapeutics Inc.,Nasdaq
GALTU,Galectin Therapeutics Inc.,Nasdaq
GALTW,Galectin Therapeutics Inc.,Nasdaq
GAME,Shanda Games Limited,Nasdaq
GARS,Garrison Capital Inc.,Nasdaq
GASS,"StealthGas, Inc.",Nasdaq
GBCI,"Glacier Bancorp, Inc.",Nasdaq
GBDC,"Golub Capital BDC, Inc.",Nasdaq
GBIM,"GlobeImmune, Inc.",Nasdaq
GBLI,Global Indemnity plc,Nasdaq
GBNK,Guaranty Bancorp,Nasdaq
GBSN,"Great Basin Scientific, Inc.",Nasdaq
GCBC,"Greene County Bancorp, Inc.",Nasdaq
GCVRZ,Sanofi,Nasdaq
GDEF,"Global Defense & National Security Systems, Inc.",Nasdaq
GENC,Gencor Industries Inc.,Nasdaq
GENE,Genetic Technologies Ltd,Nasdaq
GEOS,Geospace Technologies Corporation,Nasdaq
GERN,Geron Corporation,Nasdaq
GEVA,Synageva BioPharma Corp.,Nasdaq
GEVO,"Gevo, Inc.",Nasdaq
GFED,"Guaranty Federal Bancshares, Inc.",Nasdaq
GFN,General Finance Corporation,Nasdaq
GFNCP,General Finance Corporation,Nasdaq
GFNSL,General Finance Corporation,Nasdaq
GGAC,Garnero Group Acquisition Company,Nasdaq
GGACR,Garnero Group Acquisition Company,Nasdaq
GGACU,Garnero Group Acquisition Company,Nasdaq
GGACW,Garnero Group Acquisition Company,Nasdaq
GGAL,Grupo Financiero Galicia S.A.,Nasdaq
GHDX,"Genomic Health, Inc.",Nasdaq
GIFI,"Gulf Island Fabrication, Inc.",Nasdaq
GIGA,Giga,Nasdaq
GIGM,GigaMedia Limited,Nasdaq
GIII,G,Nasdaq
GILD,"Gilead Sciences, Inc.",Nasdaq
GILT,Gilat Satellite Networks Ltd.,Nasdaq
GK,"G&K Services, Inc.",Nasdaq
GKNT,"Geeknet, Inc.",Nasdaq
GLAD,Gladstone Capital Corporation,Nasdaq
GLADO,Gladstone Capital Corporation,Nasdaq
GLBS,Globus Maritime Limited,Nasdaq
GLBZ,Glen Burnie Bancorp,Nasdaq
GLDC,"Golden Enterprises, Inc.",Nasdaq
GLDD,Great Lakes Dredge & Dock Corporation,Nasdaq
GLDI,Credit Suisse AG,Nasdaq
GLMD,Galmed Pharmaceuticals Ltd.,Nasdaq
GLNG,Golar LNG Limited,Nasdaq
GLPI,"Gaming and Leisure Properties, Inc.",Nasdaq
GLRE,"Greenlight Reinsurance, Ltd.",Nasdaq
GLRI,Glori Energy Inc,Nasdaq
GLUU,Glu Mobile Inc.,Nasdaq
GLYC,"GlycoMimetics, Inc.",Nasdaq
GMAN,"Gordmans Stores, Inc.",Nasdaq
GMCR,"Keurig Green Mountain, Inc.",Nasdaq
GMLP,Golar LNG Partners LP,Nasdaq
GNBC,"Green Bancorp, Inc.",Nasdaq
GNCA,"Genocea Biosciences, Inc.",Nasdaq
GNCMA,"General Communication, Inc.",Nasdaq
GNMA,iShares Core GNMA Bond ETF,Nasdaq
GNMK,"GenMark Diagnostics, Inc.",Nasdaq
GNTX,Gentex Corporation,Nasdaq
GNVC,"GenVec, Inc.",Nasdaq
GOGO,Gogo Inc.,Nasdaq
GOLD,Randgold Resources Limited,Nasdaq
GOMO,Sungy Mobile Limited,Nasdaq
GOOD,Gladstone Commercial Corporation,Nasdaq
GOODN,Gladstone Commercial Corporation,Nasdaq
GOODO,Gladstone Commercial Corporation,Nasdaq
GOODP,Gladstone Commercial Corporation,Nasdaq
GOOG,Google Inc.,Nasdaq
GOOGL,Google Inc.,Nasdaq
GPIC,Gaming Partners International Corporation,Nasdaq
GPOR,Gulfport Energy Corporation,Nasdaq
GPRE,"Green Plains, Inc.",Nasdaq
GPRO,"GoPro, Inc.",Nasdaq
GRBK,"Green Brick Partners, Inc.",Nasdaq
GRFS,"Grifols, S.A.",Nasdaq
GRID,First Trust NASDAQ Clean Edge Smart Grid Infrastructure Index Fund,Nasdaq
GRIF,"Griffin Land & Nurseries, Inc.",Nasdaq
GRMN,Garmin Ltd.,Nasdaq
GROW,"U.S. Global Investors, Inc.",Nasdaq
GRPN,"Groupon, Inc.",Nasdaq
GRVY,"GRAVITY Co., Ltd.",Nasdaq
GSBC,"Great Southern Bancorp, Inc.",Nasdaq
GSIG,"GSI Group, Inc.",Nasdaq
GSIT,"GSI Technology, Inc.",Nasdaq
GSM,Globe Specialty Metals Inc.,Nasdaq
GSOL,Global Sources Ltd.,Nasdaq
GSVC,GSV Capital Corp,Nasdaq
GT,The Goodyear Tire & Rubber Company,Nasdaq
GTIM,Good Times Restaurants Inc.,Nasdaq
GTIV,"Gentiva Health Services, Inc.",Nasdaq
GTLS,"Chart Industries, Inc.",Nasdaq
GTWN,"Georgetown Bancorp, Inc.",Nasdaq
GTXI,"GTx, Inc.",Nasdaq
GUID,"Guidance Software, Inc.",Nasdaq
GULF,WisdomTree Middle East Dividend Fund,Nasdaq
GULTU,Gulf Coast Ultra Deep Royalty Trust,Nasdaq
GURE,"Gulf Resources, Inc.",Nasdaq
GWGH,"GWG Holdings, Inc",Nasdaq
GWPH,GW Pharmaceuticals Plc,Nasdaq
GYRO,"Gyrodyne Company of America, Inc.",Nasdaq
HA,"Hawaiian Holdings, Inc.",Nasdaq
HABT,"The Habit Restaurants, Inc.",Nasdaq
HAFC,Hanmi Financial Corporation,Nasdaq
HAIN,"The Hain Celestial Group, Inc.",Nasdaq
HALL,"Hallmark Financial Services, Inc.",Nasdaq
HALO,"Halozyme Therapeutics, Inc.",Nasdaq
HART,"Harvard Apparatus Regenerative Technology, Inc.",Nasdaq
HAS,"Hasbro, Inc.",Nasdaq
HAWK,"Blackhawk Network Holdings, Inc.",Nasdaq
HAWKB,"Blackhawk Network Holdings, Inc.",Nasdaq
HAYN,"Haynes International, Inc.",Nasdaq
HBAN,Huntington Bancshares Incorporated,Nasdaq
HBANP,Huntington Bancshares Incorporated,Nasdaq
HBCP,"Home Bancorp, Inc.",Nasdaq
HBHC,Hancock Holding Company,Nasdaq
HBIO,"Harvard Bioscience, Inc.",Nasdaq
HBK,"Hamilton Bancorp, Inc.",Nasdaq
HBMD,"Howard Bancorp, Inc.",Nasdaq
HBNC,Horizon Bancorp (IN),Nasdaq
HBNK,"Hampden Bancorp, Inc.",Nasdaq
HBOS,Heritage Financial Group,Nasdaq
HBP,"Huttig Building Products, Inc.",Nasdaq
HCAC,Hennessy Capital Acquisition Corp.,Nasdaq
HCACU,Hennessy Capital Acquisition Corp.,Nasdaq
HCACW,Hennessy Capital Acquisition Corp.,Nasdaq
HCAP,Harvest Capital Credit Corporation,Nasdaq
HCBK,"Hudson City Bancorp, Inc.",Nasdaq
HCCI,Heritage,Nasdaq
HCKT,"The Hackett Group, Inc.",Nasdaq
HCOM,"Hawaiian Telcom Holdco, Inc.",Nasdaq
HCSG,"Healthcare Services Group, Inc.",Nasdaq
HCT,"American Realty Capital Healthcare Trust, Inc.",Nasdaq
HDNG,"Hardinge, Inc.",Nasdaq
HDP,"Hortonworks, Inc.",Nasdaq
HDRA,Hydra Industries Acquisition Corp.,Nasdaq
HDRAR,Hydra Industries Acquisition Corp.,Nasdaq
HDRAU,Hydra Industries Acquisition Corp.,Nasdaq
HDRAW,Hydra Industries Acquisition Corp.,Nasdaq
HDS,"HD Supply Holdings, Inc.",Nasdaq
HDSN,"Hudson Technologies, Inc.",Nasdaq
HEAR,Turtle Beach Corporation,Nasdaq
HEES,"H&E Equipment Services, Inc.",Nasdaq
HELE,Helen of Troy Limited,Nasdaq
HEOP,Heritage Oaks Bancorp,Nasdaq
HERO,"Hercules Offshore, Inc.",Nasdaq
HFBC,"HopFed Bancorp, Inc.",Nasdaq
HFBL,"Home Federal Bancorp, Inc. of Louisiana",Nasdaq
HFFC,HF Financial Corp.,Nasdaq
HFWA,Heritage Financial Corporation,Nasdaq
HGSH,"China HGS Real Estate, Inc.",Nasdaq
HIBB,"Hibbett Sports, Inc.",Nasdaq
HIFS,Hingham Institution for Savings,Nasdaq
HIHO,Highway Holdings Limited,Nasdaq
HIIQ,"Health Insurance Innovations, Inc.",Nasdaq
HILL,Dot Hill Systems Corporation,Nasdaq
HIMX,"Himax Technologies, Inc.",Nasdaq
HKTV,Hong Kong Television Network Limited,Nasdaq
HLIT,Harmonic Inc.,Nasdaq
HLSS,"Home Loan Servicing Solutions, Ltd.",Nasdaq
HMHC,Houghton Mifflin Harcourt Company,Nasdaq
HMIN,Homeinns Hotel Group,Nasdaq
HMNF,"HMN Financial, Inc.",Nasdaq
HMNY,Helios and Matheson Analytics Inc,Nasdaq
HMPR,Hampton Roads Bankshares Inc,Nasdaq
HMST,"HomeStreet, Inc.",Nasdaq
HMSY,HMS Holdings Corp,Nasdaq
HMTV,"Hemisphere Media Group, Inc.",Nasdaq
HNH,Handy & Harman Ltd.,Nasdaq
HNNA,"Hennessy Advisors, Inc.",Nasdaq
HNRG,Hallador Energy Company,Nasdaq
HNSN,"Hansen Medical, Inc.",Nasdaq
HOFT,Hooker Furniture Corporation,Nasdaq
HOLI,"Hollysys Automation Technologies, Ltd.",Nasdaq
HOLX,"Hologic, Inc.",Nasdaq
HOMB,"Home BancShares, Inc.",Nasdaq
HOTR,"Chanticleer Holdings, Inc.",Nasdaq
HOTRW,"Chanticleer Holdings, Inc.",Nasdaq
HOVNP,Hovnanian Enterprises Inc,Nasdaq
HPJ,Highpower International Inc,Nasdaq
HPTX,"Hyperion Therapeutics, Inc.",Nasdaq
HQY,"HealthEquity, Inc.",Nasdaq
HRTX,"Heron Therapeutics, Inc.",Nasdaq
HRZN,Horizon Technology Finance Corporation,Nasdaq
HSGX,Histogenics Corporation,Nasdaq
HSIC,"Henry Schein, Inc.",Nasdaq
HSII,"Heidrick & Struggles International, Inc.",Nasdaq
HSKA,Heska Corporation,Nasdaq
HSNI,"HSN, Inc.",Nasdaq
HSOL,"Hanwha SolarOne Co., Ltd.",Nasdaq
HSON,"Hudson Global, Inc.",Nasdaq
HSTM,"HealthStream, Inc.",Nasdaq
HTBI,"HomeTrust Bancshares, Inc.",Nasdaq
HTBK,Heritage Commerce Corp,Nasdaq
HTBX,"Heat Biologics, Inc.",Nasdaq
HTCH,Hutchinson Technology Incorporated,Nasdaq
HTHT,"China Lodging Group, Limited",Nasdaq
HTLD,"Heartland Express, Inc.",Nasdaq
HTLF,"Heartland Financial USA, Inc.",Nasdaq
HTWO,HF2 Financial Management Inc.,Nasdaq
HTWR,"Heartware International, Inc.",Nasdaq
HUBG,"Hub Group, Inc.",Nasdaq
HURC,"Hurco Companies, Inc.",Nasdaq
HURN,Huron Consulting Group Inc.,Nasdaq
HWAY,"Healthways, Inc.",Nasdaq
HWBK,"Hawthorn Bancshares, Inc.",Nasdaq
HWCC,Houston Wire & Cable Company,Nasdaq
HWKN,"Hawkins, Inc.",Nasdaq
HYGS,Hydrogenics Corporation,Nasdaq
HYLS,First Trust High Yield Long/Short ETF,Nasdaq
HYND,WisdomTree BofA Merrill Lynch High Yield Bond Negative Duration Fund,Nasdaq
HYZD,WisdomTree BofA Merrill Lynch High Yield Bond Zero Duration Fund,Nasdaq
HZNP,Horizon Pharma plc,Nasdaq
IACI,IAC/InterActiveCorp,Nasdaq
IART,Integra LifeSciences Holdings Corporation,Nasdaq
IBB,iShares Nasdaq Biotechnology Index Fund,Nasdaq
IBCA,Intervest Bancshares Corp.,Nasdaq
IBCP,Independent Bank Corporation,Nasdaq
IBKC,IBERIABANK Corporation,Nasdaq
IBKR,"Interactive Brokers Group, Inc.",Nasdaq
IBOC,International Bancshares Corporation,Nasdaq
IBTX,"Independent Bank Group, Inc",Nasdaq
ICAD,icad inc.,Nasdaq
ICCC,ImmuCell Corporation,Nasdaq
ICEL,"Cellular Dynamics International, Inc.",Nasdaq
ICFI,"ICF International, Inc.",Nasdaq
ICLD,"InterCloud Systems, Inc",Nasdaq
ICLDW,"InterCloud Systems, Inc",Nasdaq
ICLN,iShares S&P Global Clean Energy Index Fund,Nasdaq
ICLR,ICON plc,Nasdaq
ICON,"Iconix Brand Group, Inc.",Nasdaq
ICPT,"Intercept Pharmaceuticals, Inc.",Nasdaq
ICUI,"ICU Medical, Inc.",Nasdaq
IDCC,"InterDigital, Inc.",Nasdaq
IDRA,"Idera Pharmaceuticals, Inc.",Nasdaq
IDSA,"Industrial Services of America, Inc.",Nasdaq
IDSY,"I.D. Systems, Inc.",Nasdaq
IDTI,"Integrated Device Technology, Inc.",Nasdaq
IDXX,"IDEXX Laboratories, Inc.",Nasdaq
IEP,Icahn Enterprises L.P.,Nasdaq
IESC,"Integrated Electrical Services, Inc.",Nasdaq
IEUS,iShares MSCI Europe Small,Nasdaq
IFAS,iShares FTSE EPRA/NAREIT Asia Index Fund,Nasdaq
IFEU,iShares FTSE EPRA/NAREIT Europe Index Fund,Nasdaq
IFGL,iShares FTSE EPRA/NAREIT Global Real Estate ex,Nasdaq
IFNA,iShares FTSE EPRA/NAREIT North America Index Fund,Nasdaq
IFON,InfoSonics Corp,Nasdaq
IFV,First Trust Dorsey Wright International Focus 5 ETF,Nasdaq
IGLD,Internet Gold Golden Lines Ltd.,Nasdaq
IGOV,iShares S&P/Citigroup International Treasury Bond Fund,Nasdaq
IGTE,iGATE Corporation,Nasdaq
III,"Information Services Group, Inc.",Nasdaq
IIIN,"Insteel Industries, Inc.",Nasdaq
IIJI,"Internet Initiative Japan, Inc.",Nasdaq
IILG,"Interval Leisure Group, Inc.",Nasdaq
IIN,IntriCon Corporation,Nasdaq
IIVI,II,Nasdaq
IKAN,"Ikanos Communications, Inc.",Nasdaq
IKGH,Iao Kun Group Holding Company Limited,Nasdaq
IKNX,Ikonics Corporation,Nasdaq
ILMN,"Illumina, Inc.",Nasdaq
IMDZ,Immune Design Corp.,Nasdaq
IMGN,"ImmunoGen, Inc.",Nasdaq
IMI,"Intermolecular, Inc.",Nasdaq
IMKTA,"Ingles Markets, Incorporated",Nasdaq
IMMR,Immersion Corporation,Nasdaq
IMMU,"Immunomedics, Inc.",Nasdaq
IMMY,"Imprimis Pharmaceuticals, Inc.",Nasdaq
IMNP,Immune Pharmaceuticals Inc.,Nasdaq
IMOS,ChipMOS TECHNOLOGIES (Bermuda) LTD.,Nasdaq
IMRS,Imris Inc,Nasdaq
INAP,Internap Corporation,Nasdaq
INBK,First Internet Bancorp,Nasdaq
INCR,"INC Research Holdings, Inc.",Nasdaq
INCY,Incyte Corporation,Nasdaq
INDB,Independent Bank Corp.,Nasdaq
INDY,iShares S&P India Nifty 50 Index Fund,Nasdaq
INFA,Informatica Corporation,Nasdaq
INFI,"Infinity Pharmaceuticals, Inc.",Nasdaq
INFN,Infinera Corporation,Nasdaq
INGN,"Inogen, Inc",Nasdaq
ININ,"Interactive Intelligence Group, Inc.",Nasdaq
INNL,Innocoll AG,Nasdaq
INO,"Inovio Pharmaceuticals, Inc.",Nasdaq
INOD,Innodata Inc.,Nasdaq
INPH,Interphase Corporation,Nasdaq
INSM,"Insmed, Inc.",Nasdaq
INSY,"Insys Therapeutics, Inc.",Nasdaq
INTC,Intel Corporation,Nasdaq
INTG,The Intergroup Corporation,Nasdaq
INTL,INTL FCStone Inc.,Nasdaq
INTLL,INTL FCStone Inc.,Nasdaq
INTU,Intuit Inc.,Nasdaq
INTX,"Intersections, Inc.",Nasdaq
INVE,"Identiv, Inc.",Nasdaq
INVT,"Inventergy Global, Inc.",Nasdaq
INWK,"InnerWorkings, Inc.",Nasdaq
IOSP,Innospec Inc.,Nasdaq
IPAR,"Inter Parfums, Inc.",Nasdaq
IPAS,iPass Inc.,Nasdaq
IPCC,Infinity Property and Casualty Corporation,Nasdaq
IPCI,Intellipharmaceutics International Inc.,Nasdaq
IPCM,"IPC Healthcare, Inc.",Nasdaq
IPDN,"Professional Diversity Network, Inc.",Nasdaq
IPGP,IPG Photonics Corporation,Nasdaq
IPHS,"Innophos Holdings, Inc.",Nasdaq
IPKW,PowerShares International BuyBack Achievers Portfolio,Nasdaq
IPWR,Ideal Power Inc.,Nasdaq
IPXL,"Impax Laboratories, Inc.",Nasdaq
IQNT,"Inteliquent, Inc.",Nasdaq
IRBT,iRobot Corporation,Nasdaq
IRDM,Iridium Communications Inc,Nasdaq
IRDMB,Iridium Communications Inc,Nasdaq
IRDMZ,Iridium Communications Inc,Nasdaq
IRG,"Ignite Restaurant Group, Inc.",Nasdaq
IRIX,IRIDEX Corporation,Nasdaq
IRMD,iRadimed Corporation,Nasdaq
IROQ,"IF Bancorp, Inc.",Nasdaq
IRWD,"Ironwood Pharmaceuticals, Inc.",Nasdaq
ISBC,"Investors Bancorp, Inc.",Nasdaq
ISCA,International Speedway Corporation,Nasdaq
ISHG,iShares S&P/Citigroup 1,Nasdaq
ISIG,"Insignia Systems, Inc.",Nasdaq
ISIL,Intersil Corporation,Nasdaq
ISIS,"Isis Pharmaceuticals, Inc.",Nasdaq
ISLE,"Isle of Capri Casinos, Inc.",Nasdaq
ISM,SLM Corporation,Nasdaq
ISNS,"Image Sensing Systems, Inc.",Nasdaq
ISRG,"Intuitive Surgical, Inc.",Nasdaq
ISRL,"Isramco, Inc.",Nasdaq
ISSC,"Innovative Solutions and Support, Inc.",Nasdaq
ISSI,"Integrated Silicon Solution, Inc.",Nasdaq
ISTR,Investar Holding Corporation,Nasdaq
ITCI,Intra,Nasdaq
ITIC,Investors Title Company,Nasdaq
ITRI,"Itron, Inc.",Nasdaq
ITRN,Ituran Location and Control Ltd.,Nasdaq
IVAC,"Intevac, Inc.",Nasdaq
IVAN,"Ivanhoe Energy, Inc.",Nasdaq
IXYS,IXYS Corporation,Nasdaq
JACK,Jack In The Box Inc.,Nasdaq
JACQ,Collabrium Japan Acquisition Corporation,Nasdaq
JACQU,Collabrium Japan Acquisition Corporation,Nasdaq
JACQW,Collabrium Japan Acquisition Corporation,Nasdaq
JAKK,"JAKKS Pacific, Inc.",Nasdaq
JASN,"Jason Industries, Inc.",Nasdaq
JASNW,"Jason Industries, Inc.",Nasdaq
JASO,"JA Solar Holdings, Co., Ltd.",Nasdaq
JAXB,"Jacksonville Bancorp, Inc.",Nasdaq
JAZZ,Jazz Pharmaceuticals plc,Nasdaq
JBHT,"J.B. Hunt Transport Services, Inc.",Nasdaq
JBLU,JetBlue Airways Corporation,Nasdaq
JBSS,"John B. Sanfilippo & Son, Inc.",Nasdaq
JCOM,"j2 Global, Inc.",Nasdaq
JCS,"Communications Systems, Inc.",Nasdaq
JCTCF,Jewett,Nasdaq
JD,"JD.com, Inc.",Nasdaq
JDSU,JDS Uniphase Corporation,Nasdaq
JGBB,WisdomTree Japan Interest Rate Strategy Fund,Nasdaq
JIVE,"Jive Software, Inc.",Nasdaq
JJSF,J & J Snack Foods Corp.,Nasdaq
JKHY,"Jack Henry & Associates, Inc.",Nasdaq
JMBA,"Jamba, Inc.",Nasdaq
JOBS,"51job, Inc.",Nasdaq
JOEZ,Joe's Jeans Inc.,Nasdaq
JOUT,Johnson Outdoors Inc.,Nasdaq
JRJC,China Finance Online Co. Limited,Nasdaq
JRVR,"James River Group Holdings, Ltd.",Nasdaq
JSM,SLM Corporation,Nasdaq
JST,Jinpan International Limited,Nasdaq
JTPY,JetPay Corporation,Nasdaq
JUNO,"Juno Therapeutics, Inc.",Nasdaq
JVA,"Coffee Holding Co., Inc.",Nasdaq
JXSB,Jacksonville Bancorp Inc.,Nasdaq
JYNT,The Joint Corp.,Nasdaq
KALU,Kaiser Aluminum Corporation,Nasdaq
KANG,"iKang Healthcare Group, Inc.",Nasdaq
KBAL,"Kimball International, Inc.",Nasdaq
KBIO,"KaloBios Pharmaceuticals, Inc.",Nasdaq
KBSF,KBS Fashion Group Limited,Nasdaq
KCAP,"KCAP Financial, Inc.",Nasdaq
KCLI,Kansas City Life Insurance Company,Nasdaq
KE,"Kimball Electronics, Inc.",Nasdaq
KELYA,"Kelly Services, Inc.",Nasdaq
KELYB,"Kelly Services, Inc.",Nasdaq
KEQU,Kewaunee Scientific Corporation,Nasdaq
KERX,"Keryx Biopharmaceuticals, Inc.",Nasdaq
KEYW,The KEYW Holding Corporation,Nasdaq
KFFB,Kentucky First Federal Bancorp,Nasdaq
KFRC,"Kforce, Inc.",Nasdaq
KFX,Kofax Limited,Nasdaq
KGJI,Kingold Jewelry Inc.,Nasdaq
KIN,"Kindred Biosciences, Inc.",Nasdaq
KINS,"Kingstone Companies, Inc",Nasdaq
KIRK,"Kirkland's, Inc.",Nasdaq
KITE,"Kite Pharma, Inc.",Nasdaq
KLAC,KLA,Nasdaq
KLIC,"Kulicke and Soffa Industries, Inc.",Nasdaq
KLXI,KLX Inc.,Nasdaq
KMDA,Kamada Ltd.,Nasdaq
KNDI,"Kandi Technologies Group, Inc.",Nasdaq
KONA,"Kona Grill, Inc.",Nasdaq
KONE,Kingtone Wirelessinfo Solution Holding Ltd,Nasdaq
KOOL,Cesca Therapeutics Inc.,Nasdaq
KOPN,Kopin Corporation,Nasdaq
KOSS,Koss Corporation,Nasdaq
KPTI,Karyopharm Therapeutics Inc.,Nasdaq
KRFT,"Kraft Foods Group, Inc.",Nasdaq
KRNY,Kearny Financial,Nasdaq
KTCC,Key Tronic Corporation,Nasdaq
KTEC,"Key Technology, Inc.",Nasdaq
KTOS,"Kratos Defense & Security Solutions, Inc.",Nasdaq
KTWO,"K2M Group Holdings, Inc.",Nasdaq
KUTV,"Ku6 Media Co., Ltd.",Nasdaq
KVHI,"KVH Industries, Inc.",Nasdaq
KWEB,KraneShares CSI China Internet ETF,Nasdaq
KYTH,"Kythera Biopharmaceuticals, Inc.",Nasdaq
KZ,KongZhong Corporation,Nasdaq
LABC,"Louisiana Bancorp, Inc.",Nasdaq
LABL,Multi,Nasdaq
LACO,"Lakes Entertainment, Inc.",Nasdaq
LAKE,"Lakeland Industries, Inc.",Nasdaq
LALT,PowerShares Actively Managed Exchange,Nasdaq
LAMR,Lamar Advertising Company,Nasdaq
LANC,Lancaster Colony Corporation,Nasdaq
LAND,Gladstone Land Corporation,Nasdaq
LARK,Landmark Bancorp Inc.,Nasdaq
LAWS,"Lawson Products, Inc.",Nasdaq
LAYN,Layne Christensen Company,Nasdaq
LBAI,"Lakeland Bancorp, Inc.",Nasdaq
LBIX,Leading Brands Inc,Nasdaq
LBRDA,Liberty Broadband Corporation,Nasdaq
LBRDK,Liberty Broadband Corporation,Nasdaq
LBRKR,Liberty Broadband Corporation,Nasdaq
LBTYA,Liberty Global plc,Nasdaq
LBTYB,Liberty Global plc,Nasdaq
LBTYK,Liberty Global plc,Nasdaq
LCNB,LCNB Corporation,Nasdaq
LCUT,"Lifetime Brands, Inc.",Nasdaq
LDRH,LDR Holding Corporation,Nasdaq
LDRI,PowerShares LadderRite 0,Nasdaq
LE,"Lands' End, Inc.",Nasdaq
LECO,"Lincoln Electric Holdings, Inc.",Nasdaq
LEDS,SemiLEDS Corporation,Nasdaq
LEVY,Levy Acquisition Corp.,Nasdaq
LEVYU,Levy Acquisition Corp.,Nasdaq
LEVYW,Levy Acquisition Corp.,Nasdaq
LFUS,"Littelfuse, Inc.",Nasdaq
LFVN,Lifevantage Corporation,Nasdaq
LGCY,Legacy Reserves LP,Nasdaq
LGCYO,Legacy Reserves LP,Nasdaq
LGCYP,Legacy Reserves LP,Nasdaq
LGIH,"LGI Homes, Inc.",Nasdaq
LGND,Ligand Pharmaceuticals Incorporated,Nasdaq
LHCG,LHC Group,Nasdaq
LIME,Lime Energy Co.,Nasdaq
LINC,Lincoln Educational Services Corporation,Nasdaq
LINE,"Linn Energy, LLC",Nasdaq
LION,Fidelity Southern Corporation,Nasdaq
LIOX,"Lionbridge Technologies, Inc.",Nasdaq
LIQD,"Liquid Holdings Group, Inc.",Nasdaq
LIVE,"LiveDeal, Inc.",Nasdaq
LJPC,La Jolla Pharmaceutical Company,Nasdaq
LKFN,Lakeland Financial Corporation,Nasdaq
LKQ,LKQ Corporation,Nasdaq
LLEX,"Lilis Energy, Inc.",Nasdaq
LLNW,"Limelight Networks, Inc.",Nasdaq
LLTC,Linear Technology Corporation,Nasdaq
LMAT,"LeMaitre Vascular, Inc.",Nasdaq
LMBS,First Trust Low Duration Mortgage Opportunities ETF,Nasdaq
LMCA,Liberty Media Corporation,Nasdaq
LMCB,Liberty Media Corporation,Nasdaq
LMCK,Liberty Media Corporation,Nasdaq
LMIA,"LMI Aerospace, Inc.",Nasdaq
LMNR,Limoneira Co,Nasdaq
LMNS,Lumenis Ltd.,Nasdaq
LMNX,Luminex Corporation,Nasdaq
LMOS,Lumos Networks Corp.,Nasdaq
LMRK,Landmark Infrastructure Partners LP,Nasdaq
LNBB,"LNB Bancorp, Inc.",Nasdaq
LNCE,Snyder's,Nasdaq
LNCO,"Linn Co, LLC",Nasdaq
LNDC,Landec Corporation,Nasdaq
LOAN,"Manhattan Bridge Capital, Inc",Nasdaq
LOCM,Local Corporation,Nasdaq
LOCO,"El Pollo Loco Holdings, Inc.",Nasdaq
LOGI,Logitech International S.A.,Nasdaq
LOGM,"LogMein, Inc.",Nasdaq
LOJN,LoJack Corporation,Nasdaq
LONG,"eLong, Inc.",Nasdaq
LOOK,"LookSmart, Ltd.",Nasdaq
LOPE,"Grand Canyon Education, Inc.",Nasdaq
LORL,"Loral Space and Communications, Inc.",Nasdaq
LOXO,"Loxo Oncology, Inc.",Nasdaq
LPCN,Lipocine Inc.,Nasdaq
LPHI,Life Partners Holdings Inc,Nasdaq
LPLA,LPL Financial Holdings Inc.,Nasdaq
LPNT,"LifePoint Hospitals, Inc.",Nasdaq
LPSB,"LaPorte Bancorp, Inc.",Nasdaq
LPSN,"LivePerson, Inc.",Nasdaq
LPTH,"LightPath Technologies, Inc.",Nasdaq
LPTN,"Lpath, Inc.",Nasdaq
LQDT,"Liquidity Services, Inc.",Nasdaq
LRAD,LRAD Corporation,Nasdaq
LRCX,Lam Research Corporation,Nasdaq
LSBK,"Lake Shore Bancorp, Inc.",Nasdaq
LSCC,Lattice Semiconductor Corporation,Nasdaq
LSTR,"Landstar System, Inc.",Nasdaq
LTBR,Lightbridge Corporation,Nasdaq
LTRE,"Learning Tree International, Inc.",Nasdaq
LTRPA,"Liberty TripAdvisor Holdings, Inc.",Nasdaq
LTRPB,"Liberty TripAdvisor Holdings, Inc.",Nasdaq
LTRX,"Lantronix, Inc.",Nasdaq
LTXB,"LegacyTexas Financial Group, Inc.",Nasdaq
LULU,lululemon athletica inc.,Nasdaq
LUNA,Luna Innovations Incorporated,Nasdaq
LVNTA,Liberty Interactive Corporation,Nasdaq
LVNTB,Liberty Interactive Corporation,Nasdaq
LWAY,"Lifeway Foods, Inc.",Nasdaq
LXRX,"Lexicon Pharmaceuticals, Inc.",Nasdaq
LYTS,LSI Industries Inc.,Nasdaq
MACK,"Merrimack Pharmaceuticals, Inc.",Nasdaq
MAG,"Magnetek, Inc.",Nasdaq
MAGS,Magal Security Systems Ltd.,Nasdaq
MAMS,"MAM Software Group, Inc.",Nasdaq
MANH,"Manhattan Associates, Inc.",Nasdaq
MANT,ManTech International Corporation,Nasdaq
MAR,Marriott International,Nasdaq
MARA,"Marathon Patent Group, Inc.",Nasdaq
MARK,"Remark Media, Inc.",Nasdaq
MARPS,Marine Petroleum Trust,Nasdaq
MASI,Masimo Corporation,Nasdaq
MAT,"Mattel, Inc.",Nasdaq
MATR,Mattersight Corporation,Nasdaq
MATW,Matthews International Corporation,Nasdaq
MAYS,"J. W. Mays, Inc.",Nasdaq
MBCN,Middlefield Banc Corp.,Nasdaq
MBFI,MB Financial Inc.,Nasdaq
MBFIP,MB Financial Inc.,Nasdaq
MBII,"Marrone Bio Innovations, Inc.",Nasdaq
MBLX,"Metabolix, Inc.",Nasdaq
MBRG,Middleburg Financial Corporation,Nasdaq
MBSD,FlexShares Disciplined Duration MBS Index Fund,Nasdaq
MBTF,M B T Financial Corp,Nasdaq
MBUU,"Malibu Boats, Inc.",Nasdaq
MBVT,"Merchants Bancshares, Inc.",Nasdaq
MBWM,Mercantile Bank Corporation,Nasdaq
MCBC,Macatawa Bank Corporation,Nasdaq
MCBK,"Madison County Financial, Inc.",Nasdaq
MCEP,Mid,Nasdaq
MCGC,MCG Capital Corporation,Nasdaq
MCHP,Microchip Technology Incorporated,Nasdaq
MCHX,"Marchex, Inc.",Nasdaq
MCOX,Mecox Lane Limited,Nasdaq
MCRI,"Monarch Casino & Resort, Inc.",Nasdaq
MCRL,"Micrel, Incorporated",Nasdaq
MCUR,Macrocure Ltd.,Nasdaq
MDAS,"MedAssets, Inc.",Nasdaq
MDCA,MDC Partners Inc.,Nasdaq
MDCO,The Medicines Company,Nasdaq
MDIV,First Trust Exchange,Nasdaq
MDLZ,"Mondelez International, Inc.",Nasdaq
MDM,Mountain Province Diamonds Inc.,Nasdaq
MDRX,"Allscripts Healthcare Solutions, Inc.",Nasdaq
MDSO,"Medidata Solutions, Inc.",Nasdaq
MDSY,"BluePhoenix Solutions, Ltd.",Nasdaq
MDVN,"Medivation, Inc.",Nasdaq
MDVXU,Medovex Corp.,Nasdaq
MDWD,MediWound Ltd.,Nasdaq
MDXG,"MiMedx Group, Inc",Nasdaq
MEET,"MeetMe, Inc.",Nasdaq
MEIL,Methes Energies International Ltd,Nasdaq
MEILW,Methes Energies International Ltd,Nasdaq
MEILZ,Methes Energies International Ltd,Nasdaq
MEIP,"MEI Pharma, Inc.",Nasdaq
MELA,"MELA Sciences, Inc",Nasdaq
MELI,"MercadoLibre, Inc.",Nasdaq
MELR,"Melrose Bancorp, Inc.",Nasdaq
MEMP,Memorial Production Partners LP,Nasdaq
MENT,Mentor Graphics Corporation,Nasdaq
MEOH,Methanex Corporation,Nasdaq
MERC,Mercer International Inc.,Nasdaq
MERU,"Meru Networks, Inc.",Nasdaq
METR,"Metro Bancorp, Inc",Nasdaq
MFI,MicroFinancial Incorporated,Nasdaq
MFLX,Multi,Nasdaq
MFNC,Mackinac Financial Corporation,Nasdaq
MFRI,"MFRI, Inc.",Nasdaq
MFRM,Mattress Firm Holding Corp.,Nasdaq
MFSF,MutualFirst Financial Inc.,Nasdaq
MGCD,MGC Diagnostics Corporation,Nasdaq
MGEE,MGE Energy Inc.,Nasdaq
MGI,"Moneygram International, Inc.",Nasdaq
MGIC,Magic Software Enterprises Ltd.,Nasdaq
MGLN,"Magellan Health, Inc.",Nasdaq
MGNX,"MacroGenics, Inc.",Nasdaq
MGPI,"MGP Ingredients, Inc.",Nasdaq
MGRC,McGrath RentCorp,Nasdaq
MGYR,"Magyar Bancorp, Inc.",Nasdaq
MHGC,Morgans Hotel Group Co.,Nasdaq
MHLD,"Maiden Holdings, Ltd.",Nasdaq
MHLDO,"Maiden Holdings, Ltd.",Nasdaq
MICT,"Micronet Enertec Technologies, Inc.",Nasdaq
MICTW,"Micronet Enertec Technologies, Inc.",Nasdaq
MIDD,The Middleby Corporation,Nasdaq
MIFI,"Novatel Wireless, Inc.",Nasdaq
MIK,"The Michaels Companies, Inc.",Nasdaq
MIND,"Mitcham Industries, Inc.",Nasdaq
MINI,"Mobile Mini, Inc.",Nasdaq
MITK,"Mitek Systems, Inc.",Nasdaq
MITL,Mitel Networks Corporation,Nasdaq
MKSI,"MKS Instruments, Inc.",Nasdaq
MKTO,"Marketo, Inc.",Nasdaq
MKTX,"MarketAxess Holdings, Inc.",Nasdaq
MLAB,"Mesa Laboratories, Inc.",Nasdaq
MLHR,"Herman Miller, Inc.",Nasdaq
MLNK,"ModusLink Global Solutions, Inc",Nasdaq
MLNX,"Mellanox Technologies, Ltd.",Nasdaq
MLVF,"Malvern Bancorp, Inc.",Nasdaq
MMAC,"MMA Capital Management, LLC",Nasdaq
MMLP,Martin Midstream Partners L.P.,Nasdaq
MMSI,"Merit Medical Systems, Inc.",Nasdaq
MMYT,MakeMyTrip Limited,Nasdaq
MNDL,"Mandalay Digital Group, Inc",Nasdaq
MNDO,MIND C.T.I. Ltd.,Nasdaq
MNGA,MagneGas Corporation,Nasdaq
MNKD,MannKind Corporation,Nasdaq
MNOV,"MediciNova, Inc.",Nasdaq
MNRK,"Monarch Financial Holdings, Inc.",Nasdaq
MNRO,"Monro Muffler Brake, Inc.",Nasdaq
MNST,Monster Beverage Corporation,Nasdaq
MNTA,"Momenta Pharmaceuticals, Inc.",Nasdaq
MNTX,"Manitex International, Inc.",Nasdaq
MOBI,Sky,Nasdaq
MOBL,"MobileIron, Inc.",Nasdaq
MOCO,"MOCON, Inc.",Nasdaq
MOFG,"MidWestOne Financial Group, Inc.",Nasdaq
MOKO,MOKO Social Media Ltd.,Nasdaq
MOLG,"MOL Global, Inc.",Nasdaq
MOMO,Momo Inc.,Nasdaq
MORN,"Morningstar, Inc.",Nasdaq
MOSY,"MoSys, Inc.",Nasdaq
MPAA,"Motorcar Parts of America, Inc.",Nasdaq
MPB,Mid Penn Bancorp,Nasdaq
MPEL,Melco Crown Entertainment Limited,Nasdaq
MPET,Magellan Petroleum Corporation,Nasdaq
MPWR,"Monolithic Power Systems, Inc.",Nasdaq
MRCC,Monroe Capital Corporation,Nasdaq
MRCY,Mercury Systems Inc,Nasdaq
MRD,Memorial Resource Development Corp.,Nasdaq
MRGE,Merge Healthcare Incorporated.,Nasdaq
MRKT,Markit Ltd.,Nasdaq
MRLN,Marlin Business Services Corp.,Nasdaq
MRNS,"Marinus Pharmaceuticals, Inc.",Nasdaq
MRTN,"Marten Transport, Ltd.",Nasdaq
MRTX,"Mirati Therapeutics, Inc.",Nasdaq
MRVC,"MRV Communications, Inc.",Nasdaq
MRVL,Marvell Technology Group Ltd.,Nasdaq
MSBF,MSB Financial Corp.,Nasdaq
MSCC,Microsemi Corporation,Nasdaq
MSEX,Middlesex Water Company,Nasdaq
MSFG,"MainSource Financial Group, Inc.",Nasdaq
MSFT,Microsoft Corporation,Nasdaq
MSG,The Madison Square Garden Company,Nasdaq
MSLI,Merus Labs International Inc.,Nasdaq
MSON,"MISONIX, Inc.",Nasdaq
MSTR,MicroStrategy Incorporated,Nasdaq
MTBC,"Medical Transcription Billing, Corp.",Nasdaq
MTEX,"Mannatech, Incorporated",Nasdaq
MTGE,American Capital Mortgage Investment Corp.,Nasdaq
MTGEP,American Capital Mortgage Investment Corp.,Nasdaq
MTLS,Materialise NV,Nasdaq
MTRX,Matrix Service Company,Nasdaq
MTSC,MTS Systems Corporation,Nasdaq
MTSI,M/A,Nasdaq
MTSL,MER Telemanagement Solutions Ltd.,Nasdaq
MTSN,"Mattson Technology, Inc.",Nasdaq
MU,"Micron Technology, Inc.",Nasdaq
MULT,AdvisorShares Sunrise Global Multi,Nasdaq
MVIS,"Microvision, Inc.",Nasdaq
MWIV,"MWI Veterinary Supply, Inc.",Nasdaq
MXIM,"Maxim Integrated Products, Inc.",Nasdaq
MXWL,"Maxwell Technologies, Inc.",Nasdaq
MYGN,"Myriad Genetics, Inc.",Nasdaq
MYL,Mylan Inc.,Nasdaq
MYOS,MYOS Corporation,Nasdaq
MYRG,"MYR Group, Inc.",Nasdaq
MZOR,Mazor Robotics Ltd.,Nasdaq
NAII,"Natural Alternatives International, Inc.",Nasdaq
NAME,"Rightside Group, Ltd.",Nasdaq
NANO,Nanometrics Incorporated,Nasdaq
NATH,"Nathan's Famous, Inc.",Nasdaq
NATI,National Instruments Corporation,Nasdaq
NATL,National Interstate Corporation,Nasdaq
NATR,"Nature's Sunshine Products, Inc.",Nasdaq
NAUH,"National American University Holdings, Inc.",Nasdaq
NAVG,"The Navigators Group, Inc.",Nasdaq
NAVI,Navient Corporation,Nasdaq
NBBC,NewBridge Bancorp,Nasdaq
NBIX,"Neurocrine Biosciences, Inc.",Nasdaq
NBN,Northeast Bancorp,Nasdaq
NBS,"Neostem, Inc.",Nasdaq
NBTB,NBT Bancorp Inc.,Nasdaq
NBTF,NB&T FINANCIAL GROUP INC,Nasdaq
NCIT,"NCI, Inc.",Nasdaq
NCLH,Norwegian Cruise Line Holdings Ltd.,Nasdaq
NCMI,"National CineMedia, Inc.",Nasdaq
NCTY,The9 Limited,Nasdaq
NDAQ,"The NASDAQ OMX Group, Inc.",Nasdaq
NDLS,Noodles & Company,Nasdaq
NDRM,NeuroDerm Ltd.,Nasdaq
NDSN,Nordson Corporation,Nasdaq
NECB,"Northeast Community Bancorp, Inc.",Nasdaq
NEO,"NeoGenomics, Inc.",Nasdaq
NEOG,Neogen Corporation,Nasdaq
NEON,Neonode Inc.,Nasdaq
NEOT,"Neothetics, Inc.",Nasdaq
NEPT,Neptune Technologies & Bioresources Inc,Nasdaq
NERV,"Minerva Neurosciences, Inc",Nasdaq
NETE,"Net Element, Inc.",Nasdaq
NEWP,Newport Corporation,Nasdaq
NEWS,"NewStar Financial, Inc.",Nasdaq
NEWT,Newtek Business Services Corp.,Nasdaq
NFBK,"Northfield Bancorp, Inc.",Nasdaq
NFEC,NF Energy Saving Corporation,Nasdaq
NFLX,"Netflix, Inc.",Nasdaq
NGHC,National General Holdings Corp,Nasdaq
NGHCP,National General Holdings Corp,Nasdaq
NHTB,"New Hampshire Thrift Bancshares, Inc.",Nasdaq
NICE,NICE,Nasdaq
NICK,"Nicholas Financial, Inc.",Nasdaq
NILE,"Blue Nile, Inc.",Nasdaq
NKSH,"National Bankshares, Inc.",Nasdaq
NKTR,Nektar Therapeutics,Nasdaq
NLNK,NewLink Genetics Corporation,Nasdaq
NLST,"Netlist, Inc.",Nasdaq
NMIH,NMI Holdings Inc,Nasdaq
NMRX,Numerex Corp.,Nasdaq
NNBR,"NN, Inc.",Nasdaq
NPBC,"National Penn Bancshares, Inc.",Nasdaq
NPSP,"NPS Pharmaceuticals, Inc.",Nasdaq
NRCIA,National Research Corporation,Nasdaq
NRCIB,National Research Corporation,Nasdaq
NRIM,Northrim BanCorp Inc,Nasdaq
NRX,"NephroGenex, Inc.",Nasdaq
NSEC,"National Security Group, Inc.",Nasdaq
NSIT,"Insight Enterprises, Inc.",Nasdaq
NSPH,"Nanosphere, Inc.",Nasdaq
NSSC,"NAPCO Security Technologies, Inc.",Nasdaq
NSTG,"NanoString Technologies, Inc.",Nasdaq
NSYS,Nortech Systems Incorporated,Nasdaq
NTAP,"NetApp, Inc.",Nasdaq
NTCT,"NetScout Systems, Inc.",Nasdaq
NTES,"NetEase, Inc.",Nasdaq
NTGR,"NETGEAR, Inc.",Nasdaq
NTIC,Northern Technologies International Corporation,Nasdaq
NTK,Nortek Inc.,Nasdaq
NTLS,NTELOS Holdings Corp.,Nasdaq
NTRI,NutriSystem Inc,Nasdaq
NTRS,Northern Trust Corporation,Nasdaq
NTRSP,Northern Trust Corporation,Nasdaq
NTWK,NetSol Technologies Inc.,Nasdaq
NUAN,"Nuance Communications, Inc.",Nasdaq
NURO,"NeuroMetrix, Inc.",Nasdaq
NUTR,Nutraceutical International Corporation,Nasdaq
NUVA,"NuVasive, Inc.",Nasdaq
NVAX,"Novavax, Inc.",Nasdaq
NVCN,Neovasc Inc.,Nasdaq
NVDA,NVIDIA Corporation,Nasdaq
NVDQ,Novadaq Technologies Inc,Nasdaq
NVEC,NVE Corporation,Nasdaq
NVEE,"NV5 Holdings, Inc.",Nasdaq
NVEEW,"NV5 Holdings, Inc.",Nasdaq
NVFY,"Nova Lifestyle, Inc",Nasdaq
NVGN,Novogen Limited,Nasdaq
NVMI,Nova Measuring Instruments Ltd.,Nasdaq
NVSL,Naugatuck Valley Financial Corporation,Nasdaq
NWBI,"Northwest Bancshares, Inc.",Nasdaq
NWBO,"Northwest Biotherapeutics, Inc.",Nasdaq
NWBOW,"Northwest Biotherapeutics, Inc.",Nasdaq
NWFL,Norwood Financial Corp.,Nasdaq
NWLI,National Western Life Insurance Company,Nasdaq
NWPX,Northwest Pipe Company,Nasdaq
NWS,News Corporation,Nasdaq
NWSA,News Corporation,Nasdaq
NXPI,NXP Semiconductors N.V.,Nasdaq
NXST,"Nexstar Broadcasting Group, Inc.",Nasdaq
NXTD,NXT,Nasdaq
NXTDW,NXT,Nasdaq
NXTM,"NxStage Medical, Inc.",Nasdaq
NYMT,"New York Mortgage Trust, Inc.",Nasdaq
NYMTP,"New York Mortgage Trust, Inc.",Nasdaq
NYMX,Nymox Pharmaceutical Corporation,Nasdaq
NYNY,"Empire Resorts, Inc.",Nasdaq
OBAS,Optibase Ltd.,Nasdaq
OBCI,Ocean Bio,Nasdaq
OCC,Optical Cable Corporation,Nasdaq
OCFC,OceanFirst Financial Corp.,Nasdaq
OCLR,"Oclaro, Inc.",Nasdaq
OCLS,"Oculus Innovative Sciences, Inc.",Nasdaq
OCRX,"Ocera Therapeutics, Inc.",Nasdaq
OCUL,"Ocular Therapeutix, Inc.",Nasdaq
ODFL,"Old Dominion Freight Line, Inc.",Nasdaq
ODP,"Office Depot, Inc.",Nasdaq
OFED,Oconee Federal Financial Corp.,Nasdaq
OFIX,Orthofix International N.V.,Nasdaq
OFLX,"Omega Flex, Inc.",Nasdaq
OFS,OFS Capital Corporation,Nasdaq
OGXI,OncoGenex Pharmaceuticals Inc.,Nasdaq
OHAI,OHA Investment Corporation,Nasdaq
OHGI,"One Horizon Group, Inc.",Nasdaq
OHRP,"Ohr Pharmaceuticals, Inc.",Nasdaq
OIIM,O2Micro International Limited,Nasdaq
OKSB,"Southwest Bancorp, Inc.",Nasdaq
OLBK,"Old Line Bancshares, Inc.",Nasdaq
OLED,Universal Display Corporation,Nasdaq
OMAB,Grupo Aeroportuario del Centro Norte S.A.B. de C.V.,Nasdaq
OMCL,"Omnicell, Inc.",Nasdaq
OMED,"OncoMed Pharmaceuticals, Inc.",Nasdaq
OMER,Omeros Corporation,Nasdaq
OMEX,"Odyssey Marine Exploration, Inc.",Nasdaq
ONB,Old National Bancorp,Nasdaq
ONCY,"Oncolytics Biotech, Inc.",Nasdaq
ONEQ,Fidelity Nasdaq Composite Index Tracking Stock,Nasdaq
ONFC,Oneida Financial Corp.,Nasdaq
ONNN,ON Semiconductor Corporation,Nasdaq
ONTX,"Onconova Therapeutics, Inc.",Nasdaq
ONTY,Oncothyreon Inc.,Nasdaq
ONVI,"Onvia, Inc.",Nasdaq
OPB,Opus Bank,Nasdaq
OPHC,"OptimumBank Holdings, Inc.",Nasdaq
OPHT,Ophthotech Corporation,Nasdaq
OPOF,Old Point Financial Corporation,Nasdaq
OPTT,"Ocean Power Technologies, Inc.",Nasdaq
OPXA,"Opexa Therapeutics, Inc.",Nasdaq
ORBC,ORBCOMM Inc.,Nasdaq
ORBK,Orbotech Ltd.,Nasdaq
OREX,"Orexigen Therapeutics, Inc.",Nasdaq
ORIG,Ocean Rig UDW Inc.,Nasdaq
ORIT,Oritani Financial Corp.,Nasdaq
ORLY,"O'Reilly Automotive, Inc.",Nasdaq
ORMP,Oramed Pharmaceuticals Inc.,Nasdaq
ORPN,Bio Blast Pharma Ltd.,Nasdaq
ORRF,Orrstown Financial Services Inc,Nasdaq
OSBC,"Old Second Bancorp, Inc.",Nasdaq
OSBCP,"Old Second Bancorp, Inc.",Nasdaq
OSHC,Ocean Shore Holding Co.,Nasdaq
OSIR,"Osiris Therapeutics, Inc.",Nasdaq
OSIS,"OSI Systems, Inc.",Nasdaq
OSM,SLM Corporation,Nasdaq
OSN,"Ossen Innovation Co., Ltd.",Nasdaq
OSTK,"Overstock.com, Inc.",Nasdaq
OSUR,"OraSure Technologies, Inc.",Nasdaq
OTEL,Otelco Inc.,Nasdaq
OTEX,Open Text Corporation,Nasdaq
OTIC,"Otonomy, Inc.",Nasdaq
OTIV,On Track Innovations Ltd,Nasdaq
OTTR,Otter Tail Corporation,Nasdaq
OUTR,Outerwall Inc.,Nasdaq
OVAS,OvaScience Inc.,Nasdaq
OVBC,Ohio Valley Banc Corp.,Nasdaq
OVLY,Oak Valley Bancorp (CA),Nasdaq
OVTI,"OmniVision Technologies, Inc.",Nasdaq
OXBR,Oxbridge Re Holdings Limited,Nasdaq
OXBRW,Oxbridge Re Holdings Limited,Nasdaq
OXFD,Oxford Immunotec Global PLC,Nasdaq
OXGN,"OXiGENE, Inc.",Nasdaq
OXLC,Oxford Lane Capital Corp.,Nasdaq
OXLCN,Oxford Lane Capital Corp.,Nasdaq
OXLCO,Oxford Lane Capital Corp.,Nasdaq
OXLCP,Oxford Lane Capital Corp.,Nasdaq
OZRK,Bank of the Ozarks,Nasdaq
PAAS,Pan American Silver Corp.,Nasdaq
PACB,"Pacific Biosciences of California, Inc.",Nasdaq
PACW,PacWest Bancorp,Nasdaq
PAGG,PowerShares Global Agriculture Portfolio,Nasdaq
PAHC,Phibro Animal Health Corporation,Nasdaq
PANL,Pangaea Logistics Solutions Ltd.,Nasdaq
PARN,Parnell Pharmaceuticals Holdings Ltd,Nasdaq
PATIV,"New Patriot Transportation Holding, Inc.",Nasdaq
PATK,"Patrick Industries, Inc.",Nasdaq
PAYX,"Paychex, Inc.",Nasdaq
PBCP,"Polonia Bancorp, Inc.",Nasdaq
PBCT,"People's United Financial, Inc.",Nasdaq
PBHC,"Pathfinder Bancorp, Inc.",Nasdaq
PBIB,"Porter Bancorp, Inc.",Nasdaq
PBIP,"Prudential Bancorp, Inc.",Nasdaq
PBMD,Prima BioMed Ltd,Nasdaq
PBPB,Potbelly Corporation,Nasdaq
PBSK,"Poage Bankshares, Inc.",Nasdaq
PCAR,PACCAR Inc.,Nasdaq
PCBK,Pacific Continental Corporation (Ore),Nasdaq
PCCC,"PC Connection, Inc.",Nasdaq
PCH,Potlatch Corporation,Nasdaq
PCLN,The Priceline Group Inc.,Nasdaq
PCMI,"PCM, Inc.",Nasdaq
PCO,Pendrell Corporation,Nasdaq
PCOM,"Points International, Ltd.",Nasdaq
PCRX,"Pacira Pharmaceuticals, Inc.",Nasdaq
PCTI,PC,Nasdaq
PCTY,Paylocity Holding Corporation,Nasdaq
PCYC,"Pharmacyclics, Inc.",Nasdaq
PCYG,"Park City Group, Inc.",Nasdaq
PCYO,Pure Cycle Corporation,Nasdaq
PDBC,PowerShares DB Optimum Yield Diversified Commodity Strategy Portfolio,Nasdaq
PDCE,"PDC Energy, Inc.",Nasdaq
PDCO,"Patterson Companies, Inc.",Nasdaq
PDEX,Pro,Nasdaq
PDFS,"PDF Solutions, Inc.",Nasdaq
PDII,"PDI, Inc.",Nasdaq
PDLI,"PDL BioPharma, Inc.",Nasdaq
PEBK,"Peoples Bancorp of North Carolina, Inc.",Nasdaq
PEBO,Peoples Bancorp Inc.,Nasdaq
PEGA,Pegasystems Inc.,Nasdaq
PEGI,Pattern Energy Group Inc.,Nasdaq
PEIX,"Pacific Ethanol, Inc.",Nasdaq
PENN,"Penn National Gaming, Inc.",Nasdaq
PENX,Penford Corporation,Nasdaq
PEOP,"Peoples Federal Bancshares, Inc.",Nasdaq
PERF,"Perfumania Holdings, Inc",Nasdaq
PERI,Perion Network Ltd,Nasdaq
PERY,Perry Ellis International Inc.,Nasdaq
PESI,Perma,Nasdaq
PETM,"PetSmart, Inc",Nasdaq
PETS,"PetMed Express, Inc.",Nasdaq
PETX,"Aratana Therapeutics, Inc.",Nasdaq
PFBC,Preferred Bank,Nasdaq
PFBI,"Premier Financial Bancorp, Inc.",Nasdaq
PFBX,Peoples Financial Corporation,Nasdaq
PFIE,"Profire Energy, Inc.",Nasdaq
PFIN,"P & F Industries, Inc.",Nasdaq
PFIS,Peoples Financial Services Corp.,Nasdaq
PFLT,PennantPark Floating Rate Capital Ltd.,Nasdaq
PFMT,Performant Financial Corporation,Nasdaq
PFPT,"Proofpoint, Inc.",Nasdaq
PFSW,"PFSweb, Inc.",Nasdaq
PGC,Peapack,Nasdaq
PGNX,Progenics Pharmaceuticals Inc.,Nasdaq
PGTI,"PGT, Inc.",Nasdaq
PHII,"PHI, Inc.",Nasdaq
PHIIK,"PHI, Inc.",Nasdaq
PHMD,"PhotoMedex, Inc.",Nasdaq
PICO,PICO Holdings Inc.,Nasdaq
PIH,"1347 Property Insurance Holdings, Inc.",Nasdaq
PINC,"Premier, Inc.",Nasdaq
PKBK,"Parke Bancorp, Inc.",Nasdaq
PKOH,Park,Nasdaq
PKT,"Procera Networks, Inc.",Nasdaq
PLAB,"Photronics, Inc.",Nasdaq
PLAY,"Dave & Buster's Entertainment, Inc.",Nasdaq
PLBC,Plumas Bancorp,Nasdaq
PLCE,"Children's Place, Inc. (The)",Nasdaq
PLCM,"Polycom, Inc.",Nasdaq
PLKI,"Popeyes Louisiana Kitchen, Inc.",Nasdaq
PLMT,"Palmetto Bancshares, Inc. (SC)",Nasdaq
PLNR,"Planar Systems, Inc.",Nasdaq
PLPC,Preformed Line Products Company,Nasdaq
PLPM,"Planet Payment, Inc.",Nasdaq
PLTM,First Trust ISE Global Platinum Index Fund,Nasdaq
PLUG,"Plug Power, Inc.",Nasdaq
PLUS,ePlus inc.,Nasdaq
PLXS,Plexus Corp.,Nasdaq
PMBC,Pacific Mercantile Bancorp,Nasdaq
PMCS,PMC,Nasdaq
PMD,Psychemedics Corporation,Nasdaq
PME,Pingtan Marine Enterprise Ltd.,Nasdaq
PMFG,"PMFG, Inc.",Nasdaq
PNBK,Patriot National Bancorp Inc.,Nasdaq
PNFP,"Pinnacle Financial Partners, Inc.",Nasdaq
PNNT,PennantPark Investment Corporation,Nasdaq
PNQI,PowerShares Nasdaq Internet Portfolio,Nasdaq
PNRA,Panera Bread Company,Nasdaq
PNRG,PrimeEnergy Corporation,Nasdaq
PNTR,Pointer Telocation Ltd.,Nasdaq
PODD,Insulet Corporation,Nasdaq
POOL,Pool Corporation,Nasdaq
POPE,Pope Resources,Nasdaq
POWI,"Power Integrations, Inc.",Nasdaq
POWL,"Powell Industries, Inc.",Nasdaq
POZN,"Pozen, Inc.",Nasdaq
PPBI,Pacific Premier Bancorp Inc,Nasdaq
PPC,Pilgrim's Pride Corporation,Nasdaq
PPHM,Peregrine Pharmaceuticals Inc.,Nasdaq
PPHMP,Peregrine Pharmaceuticals Inc.,Nasdaq
PPSI,"Pioneer Power Solutions, Inc.",Nasdaq
PRAA,"PRA Group, Inc.",Nasdaq
PRAH,"PRA Health Sciences, Inc.",Nasdaq
PRAN,Prana Biotechnology Ltd,Nasdaq
PRCP,"Perceptron, Inc.",Nasdaq
PRFT,"Perficient, Inc.",Nasdaq
PRFZ,PowerShares FTSE RAFI US 1500 Small,Nasdaq
PRGN,Paragon Shipping Inc.,Nasdaq
PRGNL,Paragon Shipping Inc.,Nasdaq
PRGS,Progress Software Corporation,Nasdaq
PRGX,"PRGX Global, Inc.",Nasdaq
PRIM,Primoris Services Corporation,Nasdaq
PRKR,"ParkerVision, Inc.",Nasdaq
PRLS,Peerless Systems Corporation,Nasdaq
PRMW,Primo Water Corporation,Nasdaq
PROV,"Provident Financial Holdings, Inc.",Nasdaq
PRPH,"ProPhase Labs, Inc.",Nasdaq
PRQR,ProQR Therapeutics N.V.,Nasdaq
PRSC,The Providence Service Corporation,Nasdaq
PRSS,CafePress Inc.,Nasdaq
PRTA,Prothena Corporation plc,Nasdaq
PRTK,"Paratek Pharmaceuticals, Inc.",Nasdaq
PRTO,"Proteon Therapeutics, Inc.",Nasdaq
PRTS,"U.S. Auto Parts Network, Inc.",Nasdaq
PRXI,"Premier Exhibitions, Inc.",Nasdaq
PRXL,PAREXEL International Corporation,Nasdaq
PSAU,PowerShares Global Gold & Precious Metals Portfolio,Nasdaq
PSBH,"PSB Holdings, Inc.",Nasdaq
PSCC,PowerShares S&P SmallCap Consumer Staples Portfolio,Nasdaq
PSCD,PowerShares S&P SmallCap Consumer Discretionary Portfolio,Nasdaq
PSCE,PowerShares S&P SmallCap Energy Portfolio,Nasdaq
PSCF,PowerShares S&P SmallCap Financials Portfolio,Nasdaq
PSCH,PowerShares S&P SmallCap Health Care Portfolio,Nasdaq
PSCI,PowerShares S&P SmallCap Industrials Portfolio,Nasdaq
PSCM,PowerShares S&P SmallCap Materials Portfolio,Nasdaq
PSCT,PowerShares S&P SmallCap Information Technology Portfolio,Nasdaq
PSCU,PowerShares S&P SmallCap Utilities Portfolio,Nasdaq
PSDV,pSivida Corp.,Nasdaq
PSEC,Prospect Capital Corporation,Nasdaq
PSEM,Pericom Semiconductor Corporation,Nasdaq
PSIX,"Power Solutions International, Inc.",Nasdaq
PSMT,"PriceSmart, Inc.",Nasdaq
PSTB,Park Sterling Corporation,Nasdaq
PSTI,"Pluristem Therapeutics, Inc.",Nasdaq
PSTR,PostRock Energy Corporation,Nasdaq
PSUN,"Pacific Sunwear of California, Inc.",Nasdaq
PTBI,"PlasmaTech Biopharmaceuticals, Inc.",Nasdaq
PTBIW,"PlasmaTech Biopharmaceuticals, Inc.",Nasdaq
PTC,PTC Inc.,Nasdaq
PTCT,"PTC Therapeutics, Inc.",Nasdaq
PTEN,Patterson,Nasdaq
PTIE,Pain Therapeutics,Nasdaq
PTLA,"Portola Pharmaceuticals, Inc.",Nasdaq
PTNR,Partner Communications Company Ltd.,Nasdaq
PTNT,Internet Patents Corporation,Nasdaq
PTRY,"The Pantry, Inc.",Nasdaq
PTSI,"P.A.M. Transportation Services, Inc.",Nasdaq
PTX,"Pernix Therapeutics Holdings, Inc.",Nasdaq
PULB,Pulaski Financial Corp.,Nasdaq
PVTB,"PrivateBancorp, Inc.",Nasdaq
PVTBP,"PrivateBancorp, Inc.",Nasdaq
PWOD,"Penns Woods Bancorp, Inc.",Nasdaq
PWRD,"Perfect World Co., Ltd.",Nasdaq
PWX,Providence and Worcester Railroad Company,Nasdaq
PXLW,"Pixelworks, Inc.",Nasdaq
PZZA,"Papa John'S International, Inc.",Nasdaq
QABA,First Trust NASDAQ ABA Community Bank Index Fund,Nasdaq
QADA,QAD Inc.,Nasdaq
QADB,QAD Inc.,Nasdaq
QAT,iShares MSCI Qatar Capped ETF,Nasdaq
QBAK,Qualstar Corporation,Nasdaq
QCCO,"QC Holdings, Inc.",Nasdaq
QCLN,First Trust NASDAQ Clean Edge Green Energy Index Fund,Nasdaq
QCOM,QUALCOMM Incorporated,Nasdaq
QCRH,"QCR Holdings, Inc.",Nasdaq
QDEL,Quidel Corporation,Nasdaq
QGEN,Qiagen N.V.,Nasdaq
QINC,First Trust RBA Quality Income ETF,Nasdaq
QIWI,QIWI plc,Nasdaq
QKLS,"QKL Stores, Inc.",Nasdaq
QLGC,QLogic Corporation,Nasdaq
QLIK,Qlik Technologies Inc.,Nasdaq
QLTI,QLT Inc.,Nasdaq
QLTY,"Quality Distribution, Inc.",Nasdaq
QLYS,"Qualys, Inc.",Nasdaq
QNST,"QuinStreet, Inc.",Nasdaq
QQEW,First Trust NASDAQ,Nasdaq
QQQ,"PowerShares QQQ Trust, Series 1",Nasdaq
QQQC,Global X NASDAQ China Technology ETF,Nasdaq
QQQX,Nuveen NASDAQ 100 Dynamic Overwrite Fund,Nasdaq
QQXT,First Trust NASDAQ,Nasdaq
QRHC,Quest Resource Holding Corporation.,Nasdaq
QRVO,"Qorvo, Inc.",Nasdaq
QSII,"Quality Systems, Inc.",Nasdaq
QTEC,First Trust NASDAQ,Nasdaq
QTNT,Quotient Limited,Nasdaq
QTNTW,Quotient Limited,Nasdaq
QTWW,"Quantum Fuel Systems Technologies Worldwide, Inc.",Nasdaq
QUIK,QuickLogic Corporation,Nasdaq
QUMU,Qumu Corporation,Nasdaq
QUNR,Qunar Cayman Islands Limited,Nasdaq
QURE,uniQure N.V.,Nasdaq
QVCA,Liberty Interactive Corporation,Nasdaq
QVCB,Liberty Interactive Corporation,Nasdaq
QYLD,Recon Capital NASDAQ,Nasdaq
RADA,Rada Electronics Industries Limited,Nasdaq
RAIL,"Freightcar America, Inc.",Nasdaq
RAND,Rand Capital Corporation,Nasdaq
RARE,Ultragenyx Pharmaceutical Inc.,Nasdaq
RAVE,"Rave Restaurant Group, Inc.",Nasdaq
RAVN,"Raven Industries, Inc.",Nasdaq
RBCAA,"Republic Bancorp, Inc.",Nasdaq
RBCN,"Rubicon Technology, Inc.",Nasdaq
RBPAA,"Royal Bancshares of Pennsylvania, Inc.",Nasdaq
RCII,Rent,Nasdaq
RCKY,"Rocky Brands, Inc.",Nasdaq
RCMT,"RCM Technologies, Inc.",Nasdaq
RCON,"Recon Technology, Ltd.",Nasdaq
RCPI,"Rock Creek Pharmaceuticals, Inc.",Nasdaq
RCPT,"Receptos, Inc.",Nasdaq
RDCM,Radcom Ltd.,Nasdaq
RDEN,"Elizabeth Arden, Inc.",Nasdaq
RDHL,Redhill Biopharma Ltd.,Nasdaq
RDI,Reading International Inc,Nasdaq
RDIB,Reading International Inc,Nasdaq
RDNT,"RadNet, Inc.",Nasdaq
RDUS,"Radius Health, Inc.",Nasdaq
RDVY,First Trust NASDAQ Rising Dividend Achievers ETF,Nasdaq
RDWR,Radware Ltd.,Nasdaq
RECN,"Resources Connection, Inc.",Nasdaq
REDF,Rediff.com India Limited,Nasdaq
REFR,Research Frontiers Incorporated,Nasdaq
REGI,"Renewable Energy Group, Inc.",Nasdaq
REGN,"Regeneron Pharmaceuticals, Inc.",Nasdaq
REIS,"Reis, Inc",Nasdaq
RELL,"Richardson Electronics, Ltd.",Nasdaq
RELV,"Reliv' International, Inc.",Nasdaq
REMY,"Remy International, Inc.",Nasdaq
RENT,Rentrak Corporation,Nasdaq
REPH,"Recro Pharma, Inc.",Nasdaq
RESN,Resonant Inc.,Nasdaq
REXI,"Resource America, Inc.",Nasdaq
REXX,Rex Energy Corporation,Nasdaq
RFIL,"RF Industries, Ltd.",Nasdaq
RGCO,RGC Resources Inc.,Nasdaq
RGDO,"Regado BioSciences, Inc.",Nasdaq
RGDX,"Response Genetics, Inc.",Nasdaq
RGEN,Repligen Corporation,Nasdaq
RGLD,"Royal Gold, Inc.",Nasdaq
RGLS,Regulus Therapeutics Inc.,Nasdaq
RGSE,"Real Goods Solar, Inc.",Nasdaq
RIBT,RiceBran Technologies,Nasdaq
RIBTW,RiceBran Technologies,Nasdaq
RICK,"RCI Hospitality Holdings, Inc.",Nasdaq
RIGL,"Rigel Pharmaceuticals, Inc.",Nasdaq
RITT,RIT Technologies Ltd.,Nasdaq
RITTW,RIT Technologies Ltd.,Nasdaq
RIVR,River Valley Bancorp.,Nasdaq
RJET,"Republic Airways Holdings, Inc.",Nasdaq
RLJE,"RLJ Entertainment, Inc.",Nasdaq
RLOC,"ReachLocal, Inc.",Nasdaq
RLOG,"Rand Logistics, Inc.",Nasdaq
RLYP,"Relypsa, Inc.",Nasdaq
RMBS,"Rambus, Inc.",Nasdaq
RMCF,"Rocky Mountain Chocolate Factory, Inc.",Nasdaq
RMGN,RMG Networks Holding Corporation,Nasdaq
RMTI,"Rockwell Medical, Inc.",Nasdaq
RNA,Prosensa Holding N.V.,Nasdaq
RNET,"RigNet, Inc.",Nasdaq
RNST,Renasant Corporation,Nasdaq
RNWK,"RealNetworks, Inc.",Nasdaq
ROBO,Robo,Nasdaq
ROCK,"Gibraltar Industries, Inc.",Nasdaq
ROIA,"Radio One, Inc.",Nasdaq
ROIAK,"Radio One, Inc.",Nasdaq
ROIC,Retail Opportunity Investments Corp.,Nasdaq
ROIQ,ROI Acquisition Corp. II,Nasdaq
ROIQU,ROI Acquisition Corp. II,Nasdaq
ROIQW,ROI Acquisition Corp. II,Nasdaq
ROKA,"Roka Bioscience, Inc.",Nasdaq
ROLL,RBC Bearings Incorporated,Nasdaq
ROSE,Rosetta Resources Inc.,Nasdaq
ROSG,Rosetta Genomics Ltd.,Nasdaq
ROST,"Ross Stores, Inc.",Nasdaq
ROVI,Rovi Corporation,Nasdaq
ROYL,"Royale Energy, Inc.",Nasdaq
RP,"RealPage, Inc.",Nasdaq
RPRX,Repros Therapeutics Inc.,Nasdaq
RPRXW,Repros Therapeutics Inc.,Nasdaq
RPRXZ,Repros Therapeutics Inc.,Nasdaq
RPTP,Raptor Pharmaceutical Corp.,Nasdaq
RPXC,RPX Corporation,Nasdaq
RRD,R.R. Donnelley & Sons Company,Nasdaq
RRGB,"Red Robin Gourmet Burgers, Inc.",Nasdaq
RRST,RRSat Global Communications Network Ltd.,Nasdaq
RSTI,Rofin,Nasdaq
RSYS,RadiSys Corporation,Nasdaq
RTGN,"Ruthigen, Inc.",Nasdaq
RTIX,"RTI Surgical, Inc.",Nasdaq
RTK,"Rentech, Inc.",Nasdaq
RTRX,"Retrophin, Inc.",Nasdaq
RUSHA,"Rush Enterprises, Inc.",Nasdaq
RUSHB,"Rush Enterprises, Inc.",Nasdaq
RUTH,"Ruth's Hospitality Group, Inc.",Nasdaq
RVBD,"Riverbed Technology, Inc.",Nasdaq
RVLT,"Revolution Lighting Technologies, Inc.",Nasdaq
RVNC,"Revance Therapeutics, Inc.",Nasdaq
RVSB,Riverview Bancorp Inc,Nasdaq
RWLK,ReWalk Robotics Ltd,Nasdaq
RXDX,"Ignyta, Inc.",Nasdaq
RXII,RXi Pharmaceuticals Corporation,Nasdaq
RYAAY,Ryanair Holdings plc,Nasdaq
SAAS,"inContact, Inc.",Nasdaq
SABR,Sabre Corporation,Nasdaq
SAEX,"SAExploration Holdings, Inc.",Nasdaq
SAFM,"Sanderson Farms, Inc.",Nasdaq
SAFT,"Safety Insurance Group, Inc.",Nasdaq
SAGE,"Sage Therapeutics, Inc.",Nasdaq
SAIA,"Saia, Inc.",Nasdaq
SAJA,"Sajan, Inc.",Nasdaq
SAL,"Salisbury Bancorp, Inc.",Nasdaq
SALE,"RetailMeNot, Inc.",Nasdaq
SALM,Salem Communications Corporation,Nasdaq
SAMG,Silvercrest Asset Management Group Inc.,Nasdaq
SANM,Sanmina Corporation,Nasdaq
SANW,S&W Seed Company,Nasdaq
SANWZ,S&W Seed Company,Nasdaq
SAPE,Sapient Corporation,Nasdaq
SASR,"Sandy Spring Bancorp, Inc.",Nasdaq
SATS,EchoStar Corporation,Nasdaq
SAVE,"Spirit Airlines, Inc.",Nasdaq
SBAC,SBA Communications Corporation,Nasdaq
SBBX,Sussex Bancorp,Nasdaq
SBCF,Seacoast Banking Corporation of Florida,Nasdaq
SBCP,"Sunshine Bancorp, Inc.",Nasdaq
SBFG,"SB Financial Group, Inc.",Nasdaq
SBGI,"Sinclair Broadcast Group, Inc.",Nasdaq
SBLK,Star Bulk Carriers Corp.,Nasdaq
SBLKL,Star Bulk Carriers Corp.,Nasdaq
SBNY,Signature Bank,Nasdaq
SBNYW,Signature Bank,Nasdaq
SBRA,"Sabra Healthcare REIT, Inc.",Nasdaq
SBRAP,"Sabra Healthcare REIT, Inc.",Nasdaq
SBSA,"Spanish Broadcasting System, Inc.",Nasdaq
SBSI,"Southside Bancshares, Inc.",Nasdaq
SBUX,Starbucks Corporation,Nasdaq
SCAI,"Surgical Care Affiliates, Inc.",Nasdaq
SCHL,Scholastic Corporation,Nasdaq
SCHN,"Schnitzer Steel Industries, Inc.",Nasdaq
SCLN,"SciClone Pharmaceuticals, Inc.",Nasdaq
SCMP,"Sucampo Pharmaceuticals, Inc.",Nasdaq
SCOK,"SinoCoking Coal and Coke Chemical Industries, Inc",Nasdaq
SCON,Superconductor Technologies Inc.,Nasdaq
SCOR,"comScore, Inc.",Nasdaq
SCSC,"ScanSource, Inc.",Nasdaq
SCSS,Select Comfort Corporation,Nasdaq
SCTY,SolarCity Corporation,Nasdaq
SCVL,"Shoe Carnival, Inc.",Nasdaq
SCYX,"SCYNEXIS, Inc.",Nasdaq
SEAC,"SeaChange International, Inc.",Nasdaq
SEED,Origin Agritech Limited,Nasdaq
SEIC,SEI Investments Company,Nasdaq
SEMI,SunEdison Semiconductor Limited,Nasdaq
SENEA,Seneca Foods Corp.,Nasdaq
SENEB,Seneca Foods Corp.,Nasdaq
SEV,"Sevcon, Inc.",Nasdaq
SFBC,"Sound Financial Bancorp, Inc.",Nasdaq
SFBS,"ServisFirst Bancshares, Inc.",Nasdaq
SFLY,"Shutterfly, Inc.",Nasdaq
SFM,"Sprouts Farmers Market, Inc.",Nasdaq
SFNC,Simmons First National Corporation,Nasdaq
SFST,"Southern First Bancshares, Inc.",Nasdaq
SFXE,"SFX Entertainment, Inc.",Nasdaq
SGBK,Stonegate Bank,Nasdaq
SGC,"Superior Uniform Group, Inc.",Nasdaq
SGEN,"Seattle Genetics, Inc.",Nasdaq
SGI,Silicon Graphics International Corp,Nasdaq
SGMA,"SigmaTron International, Inc.",Nasdaq
SGMO,"Sangamo BioSciences, Inc.",Nasdaq
SGMS,Scientific Games Corp,Nasdaq
SGNL,"Signal Genetics, Inc.",Nasdaq
SGNT,"Sagent Pharmaceuticals, Inc.",Nasdaq
SGOC,"SGOCO Group, Ltd",Nasdaq
SGRP,"SPAR Group, Inc.",Nasdaq
SGYP,"Synergy Pharmaceuticals, Inc.",Nasdaq
SGYPU,"Synergy Pharmaceuticals, Inc.",Nasdaq
SGYPW,"Synergy Pharmaceuticals, Inc.",Nasdaq
SHBI,Shore Bancshares Inc,Nasdaq
SHEN,Shenandoah Telecommunications Co,Nasdaq
SHIP,Seanergy Maritime Holdings Corp,Nasdaq
SHLD,Sears Holdings Corporation,Nasdaq
SHLDW,Sears Holdings Corporation,Nasdaq
SHLM,"A. Schulman, Inc.",Nasdaq
SHLO,"Shiloh Industries, Inc.",Nasdaq
SHOO,"Steven Madden, Ltd.",Nasdaq
SHOR,"ShoreTel, Inc.",Nasdaq
SHOS,"Sears Hometown and Outlet Stores, Inc.",Nasdaq
SHPG,Shire plc,Nasdaq
SIAL,Sigma,Nasdaq
SIBC,"State Investors Bancorp, Inc.",Nasdaq
SIEB,Siebert Financial Corp.,Nasdaq
SIEN,"Sientra, Inc.",Nasdaq
SIFI,"SI Financial Group, Inc.",Nasdaq
SIFY,Sify Technologies Limited,Nasdaq
SIGA,SIGA Technologies Inc.,Nasdaq
SIGI,"Selective Insurance Group, Inc.",Nasdaq
SIGM,"Sigma Designs, Inc.",Nasdaq
SILC,Silicom Ltd,Nasdaq
SIMG,"Silicon Image, Inc.",Nasdaq
SIMO,Silicon Motion Technology Corporation,Nasdaq
SINA,Sina Corporation,Nasdaq
SINO,Sino,Nasdaq
SIRI,Sirius XM Holdings Inc.,Nasdaq
SIRO,"Sirona Dental Systems, Inc.",Nasdaq
SIVB,SVB Financial Group,Nasdaq
SIVBO,SVB Financial Group,Nasdaq
SIXD,"6D Global Technologies, Inc.",Nasdaq
SKBI,Skystar Bio,Nasdaq
SKIS,"Peak Resorts, Inc.",Nasdaq
SKOR,FlexShares Credit,Nasdaq
SKUL,"Skullcandy, Inc.",Nasdaq
SKYS,"Sky Solar Holdings, Ltd.",Nasdaq
SKYW,"SkyWest, Inc.",Nasdaq
SKYY,First Trust ISE Cloud Computing Index Fund,Nasdaq
SLAB,"Silicon Laboratories, Inc.",Nasdaq
SLCT,"Select Bancorp, Inc.",Nasdaq
SLGN,Silgan Holdings Inc.,Nasdaq
SLM,SLM Corporation,Nasdaq
SLMAP,SLM Corporation,Nasdaq
SLMBP,SLM Corporation,Nasdaq
SLP,"Simulations Plus, Inc.",Nasdaq
SLRC,Solar Capital Ltd.,Nasdaq
SLTC,"Selectica, Inc.",Nasdaq
SLVO,Credit Suisse AG,Nasdaq
SLXP,"Salix Pharmaceuticals, Ltd.",Nasdaq
SMAC,Sino Mercury Acquisition Corp.,Nasdaq
SMACR,Sino Mercury Acquisition Corp.,Nasdaq
SMACU,Sino Mercury Acquisition Corp.,Nasdaq
SMBC,"Southern Missouri Bancorp, Inc.",Nasdaq
SMCI,"Super Micro Computer, Inc.",Nasdaq
SMED,Sharps Compliance Corp,Nasdaq
SMIT,"Schmitt Industries, Inc.",Nasdaq
SMLR,"Semler Scientific, Inc.",Nasdaq
SMMF,"Summit Financial Group, Inc.",Nasdaq
SMPL,Simplicity Bancorp Inc.,Nasdaq
SMRT,"Stein Mart, Inc.",Nasdaq
SMSI,"Smith Micro Software, Inc.",Nasdaq
SMT,SMART Technologies Inc.,Nasdaq
SMTC,Semtech Corporation,Nasdaq
SMTP,"SMTP, Inc.",Nasdaq
SMTX,SMTC Corporation,Nasdaq
SNAK,"Inventure Foods, Inc.",Nasdaq
SNBC,"Sun Bancorp, Inc.",Nasdaq
SNC,"State National Companies, Inc.",Nasdaq
SNCR,"Synchronoss Technologies, Inc.",Nasdaq
SNDK,SanDisk Corporation,Nasdaq
SNFCA,Security National Financial Corporation,Nasdaq
SNHY,Sun Hydraulics Corporation,Nasdaq
SNMX,"Senomyx, Inc.",Nasdaq
SNPS,"Synopsys, Inc.",Nasdaq
SNSS,"Sunesis Pharmaceuticals, Inc.",Nasdaq
SNTA,Synta Pharmaceuticals Corp.,Nasdaq
SOCB,Southcoast Financial Corporation,Nasdaq
SOCL,Global X Social Media Index ETF,Nasdaq
SODA,SodaStream International Ltd.,Nasdaq
SOFO,"Sonic Foundry, Inc.",Nasdaq
SOHO,Sotherly Hotels Inc.,Nasdaq
SOHOL,Sotherly Hotels LP,Nasdaq
SOHOM,Sotherly Hotels LP,Nasdaq
SOHU,Sohu.com Inc.,Nasdaq
SONA,"Southern National Bancorp of Virginia, Inc.",Nasdaq
SONC,Sonic Corp.,Nasdaq
SONS,"Sonus Networks, Inc.",Nasdaq
SORL,"SORL Auto Parts, Inc.",Nasdaq
SOXX,iShares PHLX SOX Semiconductor Sector Index Fund,Nasdaq
SP,SP Plus Corporation,Nasdaq
SPAN,Span,Nasdaq
SPAR,"Spartan Motors, Inc.",Nasdaq
SPCB,"SuperCom, Ltd.",Nasdaq
SPDC,"Speed Commerce, Inc.",Nasdaq
SPEX,Spherix Incorporated,Nasdaq
SPHS,"Sophiris Bio, Inc.",Nasdaq
SPIL,"Siliconware Precision Industries Company, Ltd.",Nasdaq
SPKE,"Spark Energy, Inc.",Nasdaq
SPLK,Splunk Inc.,Nasdaq
SPLS,"Staples, Inc.",Nasdaq
SPNC,The Spectranetics Corporation,Nasdaq
SPNS,Sapiens International Corporation N.V.,Nasdaq
SPOK,"Spok Holdings, Inc.",Nasdaq
SPPI,"Spectrum Pharmaceuticals, Inc.",Nasdaq
SPPR,"Supertel Hospitality, Inc.",Nasdaq
SPPRO,"Supertel Hospitality, Inc.",Nasdaq
SPPRP,"Supertel Hospitality, Inc.",Nasdaq
SPRO,SmartPros Ltd.,Nasdaq
SPRT,"support.com, Inc.",Nasdaq
SPSC,"SPS Commerce, Inc.",Nasdaq
SPTN,SpartanNash Company,Nasdaq
SPU,"SkyPeople Fruit Juice, Inc.",Nasdaq
SPWH,"Sportsman's Warehouse Holdings, Inc.",Nasdaq
SPWR,SunPower Corporation,Nasdaq
SQBG,"Sequential Brands Group, Inc.",Nasdaq
SQBK,"Square 1 Financial, Inc.",Nasdaq
SQI,"SciQuest, Inc.",Nasdaq
SQNM,"Sequenom, Inc.",Nasdaq
SQQQ,ProShares UltraPro Short QQQ,Nasdaq
SRCE,1st Source Corporation,Nasdaq
SRCL,"Stericycle, Inc.",Nasdaq
SRDX,"SurModics, Inc.",Nasdaq
SREV,"ServiceSource International, Inc.",Nasdaq
SRNE,"Sorrento Therapeutics, Inc.",Nasdaq
SRPT,"Sarepta Therapeutics, Inc.",Nasdaq
SRSC,Sears Canada Inc.,Nasdaq
SSB,South State Corporation,Nasdaq
SSBI,Summit State Bank,Nasdaq
SSFN,Stewardship Financial Corp,Nasdaq
SSH,Sunshine Heart Inc,Nasdaq
SSNC,"SS&C Technologies Holdings, Inc.",Nasdaq
SSRG,Symmetry Surgical Inc.,Nasdaq
SSRI,Silver Standard Resources Inc.,Nasdaq
SSYS,"Stratasys, Ltd.",Nasdaq
STAA,STAAR Surgical Company,Nasdaq
STB,Student Transportation Inc,Nasdaq
STBA,"S&T Bancorp, Inc.",Nasdaq
STBZ,State Bank Financial Corporation.,Nasdaq
STCK,"Stock Building Supply Holdings, Inc.",Nasdaq
STEM,"StemCells, Inc.",Nasdaq
STFC,State Auto Financial Corporation,Nasdaq
STKL,"SunOpta, Inc.",Nasdaq
STLD,"Steel Dynamics, Inc.",Nasdaq
STLY,"Stanley Furniture Company, Inc.",Nasdaq
STML,"Stemline Therapeutics, Inc.",Nasdaq
STMP,Stamps.com Inc.,Nasdaq
STNR,Steiner Leisure Limited,Nasdaq
STPP,Barclays PLC,Nasdaq
STRA,"Strayer Education, Inc.",Nasdaq
STRL,Sterling Construction Company Inc,Nasdaq
STRM,"Streamline Health Solutions, Inc.",Nasdaq
STRN,Sutron Corporation,Nasdaq
STRS,"Stratus Properties, Inc.",Nasdaq
STRT,Strattec Security Corporation,Nasdaq
STRZA,Starz,Nasdaq
STRZB,Starz,Nasdaq
STX,Seagate Technology.,Nasdaq
STXS,"Stereotaxis, Inc.",Nasdaq
SUBK,Suffolk Bancorp,Nasdaq
SUMR,"Summer Infant, Inc.",Nasdaq
SUNS,Solar Senior Capital Ltd.,Nasdaq
SUPN,"Supernus Pharmaceuticals, Inc.",Nasdaq
SURG,"Synergetics USA, Inc.",Nasdaq
SUSQ,"Susquehanna Bancshares, Inc.",Nasdaq
SUTR,Sutor Technology Group Limited,Nasdaq
SVA,"Sinovac Biotech, Ltd.",Nasdaq
SVBI,Severn Bancorp Inc,Nasdaq
SVVC,"Firsthand Technology Value Fund, Inc.",Nasdaq
SWHC,Smith & Wesson Holding Corporation,Nasdaq
SWIR,"Sierra Wireless, Inc.",Nasdaq
SWKS,"Skyworks Solutions, Inc.",Nasdaq
SWSH,"Swisher Hygiene, Inc.",Nasdaq
SYBT,"Stock Yards Bancorp, Inc.",Nasdaq
SYKE,"Sykes Enterprises, Incorporated",Nasdaq
SYMC,Symantec Corporation,Nasdaq
SYMX,"Synthesis Energy Systems, Inc.",Nasdaq
SYNA,Synaptics Incorporated,Nasdaq
SYNC,"Synacor, Inc.",Nasdaq
SYNL,Synalloy Corporation,Nasdaq
SYNT,"Syntel, Inc.",Nasdaq
SYPR,"Sypris Solutions, Inc.",Nasdaq
SYRX,Sysorex Global Holding Corp.,Nasdaq
SYUT,"Synutra International, Inc.",Nasdaq
SZMK,Sizmek Inc.,Nasdaq
SZYM,"Solazyme, Inc.",Nasdaq
TACT,TransAct Technologies Incorporated,Nasdaq
TAIT,Taitron Components Incorporated,Nasdaq
TAPR,Barclays PLC,Nasdaq
TASR,"TASER International, Inc.",Nasdaq
TAST,"Carrols Restaurant Group, Inc.",Nasdaq
TATT,TAT Technologies Ltd.,Nasdaq
TAX,"Liberty Tax, Inc.",Nasdaq
TAXI,Medallion Financial Corp.,Nasdaq
TAYD,"Taylor Devices, Inc.",Nasdaq
TBBK,"The Bancorp, Inc.",Nasdaq
TBIO,"Transgenomic, Inc.",Nasdaq
TBK,"Triumph Bancorp, Inc.",Nasdaq
TBNK,Territorial Bancorp Inc.,Nasdaq
TBPH,"Theravance Biopharma, Inc.",Nasdaq
TCBI,"Texas Capital Bancshares, Inc.",Nasdaq
TCBIL,"Texas Capital Bancshares, Inc.",Nasdaq
TCBIP,"Texas Capital Bancshares, Inc.",Nasdaq
TCBIW,"Texas Capital Bancshares, Inc.",Nasdaq
TCBK,TriCo Bancshares,Nasdaq
TCCO,Technical Communications Corporation,Nasdaq
TCFC,The Community Financial Corporation,Nasdaq
TCPC,TCP Capital Corp.,Nasdaq
TCRD,"THL Credit, Inc.",Nasdaq
TCX,Tucows Inc.,Nasdaq
TDIV,First Trust Exchange,Nasdaq
TEAR,TearLab Corporation,Nasdaq
TECD,Tech Data Corporation,Nasdaq
TECH,Bio,Nasdaq
TECU,Tecumseh Products Company,Nasdaq
TEDU,"Tarena International, Inc.",Nasdaq
TENX,"Tenax Therapeutics, Inc.",Nasdaq
TERP,"TerraForm Power, Inc.",Nasdaq
TESO,Tesco Corporation,Nasdaq
TESS,TESSCO Technologies Incorporated,Nasdaq
TFM,"The Fresh Market, Inc.",Nasdaq
TFSC,1347 Capital Corp.,Nasdaq
TFSCR,1347 Capital Corp.,Nasdaq
TFSCU,1347 Capital Corp.,Nasdaq
TFSCW,1347 Capital Corp.,Nasdaq
TFSL,TFS Financial Corporation,Nasdaq
TGA,Transglobe Energy Corp,Nasdaq
TGE,"TGC Industries, Inc.",Nasdaq
TGEN,Tecogen Inc.,Nasdaq
TGLS,Tecnoglass Inc.,Nasdaq
TGTX,"TG Therapeutics, Inc.",Nasdaq
THFF,First Financial Corporation Indiana,Nasdaq
THLD,"Threshold Pharmaceuticals, Inc.",Nasdaq
THOR,Thoratec Corporation,Nasdaq
THRM,Gentherm Inc,Nasdaq
THRX,"Theravance, Inc.",Nasdaq
THST,Truett,Nasdaq
THTI,"THT Heat Transfer Technology, Inc.",Nasdaq
TICC,TICC Capital Corp.,Nasdaq
TIGR,TigerLogic Corporation,Nasdaq
TILE,"Interface, Inc.",Nasdaq
TINY,"Harris & Harris Group, Inc.",Nasdaq
TIPT,Tiptree Financial Inc.,Nasdaq
TISA,"Top Image Systems, Ltd.",Nasdaq
TITN,Titan Machinery Inc.,Nasdaq
TIVO,TiVo Inc.,Nasdaq
TKAI,"Tokai Pharmaceuticals, Inc.",Nasdaq
TKMR,Tekmira Pharmaceuticals Corp,Nasdaq
TLF,"Tandy Leather Factory, Inc.",Nasdaq
TLMR,"Talmer Bancorp, Inc.",Nasdaq
TLOG,TetraLogic Pharmaceuticals Corporation,Nasdaq
TNAV,"Telenav, Inc.",Nasdaq
TNDM,"Tandem Diabetes Care, Inc.",Nasdaq
TNGO,"Tangoe, Inc.",Nasdaq
TNXP,Tonix Pharmaceuticals Holding Corp.,Nasdaq
TOPS,TOP Ships Inc.,Nasdaq
TORM,TOR Minerals International Inc,Nasdaq
TOUR,Tuniu Corporation,Nasdaq
TOWN,Towne Bank,Nasdaq
TQQQ,ProShares UltraPro QQQ,Nasdaq
TRAK,"Dealertrack Technologies, Inc.",Nasdaq
TRCB,Two River Bancorp,Nasdaq
TRCH,"Torchlight Energy Resources, Inc.",Nasdaq
TREE,"LendingTree, Inc.",Nasdaq
TRGT,"Targacept, Inc.",Nasdaq
TRIB,Trinity Biotech plc,Nasdaq
TRIL,Trillium Therapeutics Inc.,Nasdaq
TRIP,"TripAdvisor, Inc.",Nasdaq
TRIV,"TriVascular Technologies, Inc.",Nasdaq
TRMB,Trimble Navigation Limited,Nasdaq
TRMK,Trustmark Corporation,Nasdaq
TRNS,"Transcat, Inc.",Nasdaq
TRNX,Tornier N.V.,Nasdaq
TROV,"TrovaGene, Inc.",Nasdaq
TROVU,"TrovaGene, Inc.",Nasdaq
TROVW,"TrovaGene, Inc.",Nasdaq
TROW,"T. Rowe Price Group, Inc.",Nasdaq
TRS,TriMas Corporation,Nasdaq
TRST,TrustCo Bank Corp NY,Nasdaq
TRTL,Terrapin 3 Acquisition Corporation,Nasdaq
TRTLU,Terrapin 3 Acquisition Corporation,Nasdaq
TRTLW,Terrapin 3 Acquisition Corporation,Nasdaq
TRUE,"TrueCar, Inc.",Nasdaq
TRVN,"Trevena, Inc.",Nasdaq
TSBK,"Timberland Bancorp, Inc.",Nasdaq
TSC,"TriState Capital Holdings, Inc.",Nasdaq
TSCO,Tractor Supply Company,Nasdaq
TSEM,Tower Semiconductor Ltd.,Nasdaq
TSLA,"Tesla Motors, Inc.",Nasdaq
TSRA,"Tessera Technologies, Inc.",Nasdaq
TSRE,"Trade Street Residential, Inc.",Nasdaq
TSRI,"TSR, Inc.",Nasdaq
TSRO,"TESARO, Inc.",Nasdaq
TST,"TheStreet, Inc.",Nasdaq
TSYS,"TeleCommunication Systems, Inc.",Nasdaq
TTEC,"TeleTech Holdings, Inc.",Nasdaq
TTEK,"Tetra Tech, Inc.",Nasdaq
TTGT,"TechTarget, Inc.",Nasdaq
TTHI,"Transition Therapeutics, Inc.",Nasdaq
TTMI,"TTM Technologies, Inc.",Nasdaq
TTOO,"T2 Biosystems, Inc.",Nasdaq
TTPH,"Tetraphase Pharmaceuticals, Inc.",Nasdaq
TTS,"Tile Shop Hldgs, Inc.",Nasdaq
TTWO,Take,Nasdaq
TUBE,"TubeMogul, Inc.",Nasdaq
TUES,Tuesday Morning Corp.,Nasdaq
TUSA,First Trust Total US Market AlphaDEX ETF,Nasdaq
TVIX,Credit Suisse AG,Nasdaq
TVIZ,Credit Suisse AG,Nasdaq
TWER,Towerstream Corporation,Nasdaq
TWIN,"Twin Disc, Incorporated",Nasdaq
TWMC,Trans World Entertainment Corp.,Nasdaq
TWOU,"2U, Inc.",Nasdaq
TXN,Texas Instruments Incorporated,Nasdaq
TXRH,"Texas Roadhouse, Inc.",Nasdaq
TYPE,Monotype Imaging Holdings Inc.,Nasdaq
TZOO,Travelzoo Inc.,Nasdaq
UACL,"Universal Truckload Services, Inc.",Nasdaq
UAE,iShares MSCI UAE Capped ETF,Nasdaq
UBCP,"United Bancorp, Inc.",Nasdaq
UBFO,United Security Bancshares,Nasdaq
UBIC,"UBIC, Inc.",Nasdaq
UBNK,"United Financial Bancorp, Inc.",Nasdaq
UBNT,"Ubiquiti Networks, Inc.",Nasdaq
UBOH,"United Bancshares, Inc.",Nasdaq
UBSH,Union Bankshares Corporation,Nasdaq
UBSI,"United Bankshares, Inc.",Nasdaq
UCBA,United Community Bancorp,Nasdaq
UCBI,"United Community Banks, Inc.",Nasdaq
UCFC,United Community Financial Corp.,Nasdaq
UCTT,"Ultra Clean Holdings, Inc.",Nasdaq
UDF,United Development Funding IV,Nasdaq
UEIC,Universal Electronics Inc.,Nasdaq
UEPS,"Net 1 UEPS Technologies, Inc.",Nasdaq
UFCS,"United Fire Group, Inc",Nasdaq
UFPI,"Universal Forest Products, Inc.",Nasdaq
UFPT,"UFP Technologies, Inc.",Nasdaq
UG,United,Nasdaq
UGLD,Credit Suisse AG,Nasdaq
UHAL,Amerco,Nasdaq
UIHC,United Insurance Holdings Corp.,Nasdaq
ULBI,Ultralife Corporation,Nasdaq
ULTA,"Ulta Salon, Cosmetics & Fragrance, Inc.",Nasdaq
ULTI,"The Ultimate Software Group, Inc.",Nasdaq
ULTR,Ultrapetrol (Bahamas) Limited,Nasdaq
UMBF,UMB Financial Corporation,Nasdaq
UMPQ,Umpqua Holdings Corporation,Nasdaq
UNAM,Unico American Corporation,Nasdaq
UNB,"Union Bankshares, Inc.",Nasdaq
UNFI,"United Natural Foods, Inc.",Nasdaq
UNIS,Unilife Corporation,Nasdaq
UNTD,"United Online, Inc.",Nasdaq
UNTY,"Unity Bancorp, Inc.",Nasdaq
UNXL,Uni,Nasdaq
UPI,"Uroplasty, Inc.",Nasdaq
UPIP,"Unwired Planet, Inc.",Nasdaq
UPLD,"Upland Software, Inc.",Nasdaq
URBN,"Urban Outfitters, Inc.",Nasdaq
URRE,"Uranium Resources, Inc.",Nasdaq
USAK,"USA Truck, Inc.",Nasdaq
USAP,"Universal Stainless & Alloy Products, Inc.",Nasdaq
USAT,"USA Technologies, Inc.",Nasdaq
USATP,"USA Technologies, Inc.",Nasdaq
USBI,"United Security Bancshares, Inc.",Nasdaq
USCR,"U S Concrete, Inc.",Nasdaq
USEG,U.S. Energy Corp.,Nasdaq
USLM,"United States Lime & Minerals, Inc.",Nasdaq
USLV,Credit Suisse AG,Nasdaq
USMD,"USMD Holdings, Inc.",Nasdaq
USTR,United Stationers Inc.,Nasdaq
UTEK,"Ultratech, Inc.",Nasdaq
UTHR,United Therapeutics Corporation,Nasdaq
UTIW,UTi Worldwide Inc.,Nasdaq
UTMD,"Utah Medical Products, Inc.",Nasdaq
UTSI,UTStarcom Holdings Corp,Nasdaq
UVSP,Univest Corporation of Pennsylvania,Nasdaq
VA,Virgin America Inc.,Nasdaq
VALU,"Value Line, Inc.",Nasdaq
VALX,Validea Market Legends ETF,Nasdaq
VASC,"Vascular Solutions, Inc.",Nasdaq
VBFC,Village Bank and Trust Financial Corp.,Nasdaq
VBIV,VBI Vaccines Inc.,Nasdaq
VBLT,Vascular Biogenics Ltd.,Nasdaq
VBND,Vident Core U.S. Bond Strategy Fund,Nasdaq
VBTX,"Veritex Holdings, Inc.",Nasdaq
VCEL,Vericel Corporation,Nasdaq
VCIT,Vanguard Intermediate,Nasdaq
VCLT,Vanguard Long,Nasdaq
VCSH,Vanguard Short,Nasdaq
VCYT,"Veracyte, Inc.",Nasdaq
VDSI,"VASCO Data Security International, Inc.",Nasdaq
VECO,Veeco Instruments Inc.,Nasdaq
VGGL,Viggle Inc.,Nasdaq
VGIT,Vanguard Intermediate,Nasdaq
VGLT,Vanguard Long,Nasdaq
VGSH,Vanguard Short,Nasdaq
VIA,Viacom Inc.,Nasdaq
VIAB,Viacom Inc.,Nasdaq
VIAS,"Viasystems Group, Inc.",Nasdaq
VICL,Vical Incorporated,Nasdaq
VICR,Vicor Corporation,Nasdaq
VIDE,Video Display Corporation,Nasdaq
VIDI,Vident International Equity Fund,Nasdaq
VIEW,"Viewtran Group, Inc.",Nasdaq
VIIX,Credit Suisse AG,Nasdaq
VIIZ,Credit Suisse AG,Nasdaq
VIMC,Vimicro International Corporation,Nasdaq
VIP,VimpelCom Ltd.,Nasdaq
VIRC,Virco Manufacturing Corporation,Nasdaq
VISN,"VisionChina Media, Inc.",Nasdaq
VIVO,Meridian Bioscience Inc.,Nasdaq
VLCCF,Knightsbridge Shipping Limited,Nasdaq
VLGEA,"Village Super Market, Inc.",Nasdaq
VLTC,Voltari Corporation,Nasdaq
VLYWW,Valley National Bancorp,Nasdaq
VMBS,Vanguard Mortgage,Nasdaq
VNDA,Vanda Pharmaceuticals Inc.,Nasdaq
VNET,"21Vianet Group, Inc.",Nasdaq
VNOM,Viper Energy Partners LP,Nasdaq
VNQI,Vanguard Global ex,Nasdaq
VNR,Vanguard Natural Resources LLC,Nasdaq
VNRAP,Vanguard Natural Resources LLC,Nasdaq
VNRBP,Vanguard Natural Resources LLC,Nasdaq
VNRCP,Vanguard Natural Resources LLC,Nasdaq
VOD,Vodafone Group Plc,Nasdaq
VOLC,Volcano Corporation,Nasdaq
VONE,Vanguard Russell 1000 ETF,Nasdaq
VONG,Vanguard Russell 1000 Growth ETF,Nasdaq
VONV,Vanguard Russell 1000 Value ETF,Nasdaq
VOXX,VOXX International Corporation,Nasdaq
VPCO,Vapor Corp.,Nasdaq
VRA,"Vera Bradley, Inc.",Nasdaq
VRML,"Vermillion, Inc.",Nasdaq
VRNG,"Vringo, Inc.",Nasdaq
VRNGW,"Vringo, Inc.",Nasdaq
VRNS,"Varonis Systems, Inc.",Nasdaq
VRNT,Verint Systems Inc.,Nasdaq
VRSK,"Verisk Analytics, Inc.",Nasdaq
VRSN,"VeriSign, Inc.",Nasdaq
VRTA,"Vestin Realty Mortgage I, Inc.",Nasdaq
VRTB,"Vestin Realty Mortgage II, Inc.",Nasdaq
VRTS,"Virtus Investment Partners, Inc.",Nasdaq
VRTU,Virtusa Corporation,Nasdaq
VRTX,Vertex Pharmaceuticals Incorporated,Nasdaq
VSAR,"Versartis, Inc.",Nasdaq
VSAT,"ViaSat, Inc.",Nasdaq
VSCI,Vision,Nasdaq
VSCP,"VirtualScopics, Inc.",Nasdaq
VSEC,VSE Corporation,Nasdaq
VSTM,"Verastem, Inc.",Nasdaq
VTAE,"Vitae Pharmaceuticals, Inc.",Nasdaq
VTHR,Vanguard Russell 3000 ETF,Nasdaq
VTIP,Vanguard Short,Nasdaq
VTL,"Vital Therapies, Inc.",Nasdaq
VTNR,"Vertex Energy, Inc",Nasdaq
VTSS,Vitesse Semiconductor Corporation,Nasdaq
VTWG,Vanguard Russell 2000 Growth ETF,Nasdaq
VTWO,Vanguard Russell 2000 ETF,Nasdaq
VTWV,Vanguard Russell 2000 Value ETF,Nasdaq
VUSE,Vident Core US Equity ETF,Nasdaq
VVUS,"VIVUS, Inc.",Nasdaq
VWOB,Vanguard Emerging Markets Government Bond ETF,Nasdaq
VWR,VWR Corporation,Nasdaq
VXUS,Vanguard Total International Stock ETF,Nasdaq
VYFC,Valley Financial Corporation,Nasdaq
WABC,Westamerica Bancorporation,Nasdaq
WAFD,"Washington Federal, Inc.",Nasdaq
WAFDW,"Washington Federal, Inc.",Nasdaq
WASH,"Washington Trust Bancorp, Inc.",Nasdaq
WATT,Energous Corporation,Nasdaq
WAVX,Wave Systems Corp.,Nasdaq
WAYN,Wayne Savings Bancshares Inc.,Nasdaq
WB,Weibo Corporation,Nasdaq
WBA,"Walgreens Boots Alliance, Inc.",Nasdaq
WBB,"Westbury Bancorp, Inc.",Nasdaq
WBKC,"Wolverine Bancorp, Inc.",Nasdaq
WBMD,WebMD Health Corp,Nasdaq
WDC,Western Digital Corporation,Nasdaq
WDFC,WD,Nasdaq
WEBK,"Wellesley Bancorp, Inc.",Nasdaq
WEN,Wendy's Company (The),Nasdaq
WERN,"Werner Enterprises, Inc.",Nasdaq
WETF,"WisdomTree Investments, Inc.",Nasdaq
WEYS,"Weyco Group, Inc.",Nasdaq
WFBI,WashingtonFirst Bankshares Inc,Nasdaq
WFD,"Westfield Financial, Inc.",Nasdaq
WFM,"Whole Foods Market, Inc.",Nasdaq
WGBS,WaferGen Bio,Nasdaq
WHF,"WhiteHorse Finance, Inc.",Nasdaq
WHFBL,"WhiteHorse Finance, Inc.",Nasdaq
WHLM,"Wilhelmina International, Inc.",Nasdaq
WHLR,"Wheeler Real Estate Investment Trust, Inc.",Nasdaq
WHLRP,"Wheeler Real Estate Investment Trust, Inc.",Nasdaq
WHLRW,"Wheeler Real Estate Investment Trust, Inc.",Nasdaq
WIBC,"Wilshire Bancorp, Inc.",Nasdaq
WIFI,"Boingo Wireless, Inc.",Nasdaq
WILC,G. Willi,Nasdaq
WILN,Wi,Nasdaq
WIN,"Windstream Holdings, Inc.",Nasdaq
WINA,Winmark Corporation,Nasdaq
WIRE,Encore Wire Corporation,Nasdaq
WIX,Wix.com Ltd.,Nasdaq
WLB,Westmoreland Coal Company,Nasdaq
WLBPZ,Westmoreland Coal Company,Nasdaq
WLDN,"Willdan Group, Inc.",Nasdaq
WLFC,Willis Lease Finance Corporation,Nasdaq
WLRH,WL Ross Holding Corp.,Nasdaq
WLRHU,WL Ross Holding Corp.,Nasdaq
WLRHW,WL Ross Holding Corp.,Nasdaq
WMAR,"West Marine, Inc.",Nasdaq
WMGI,"Wright Medical Group, Inc.",Nasdaq
WMGIZ,"Wright Medical Group, Inc.",Nasdaq
WOOD,iShares S&P Global Timber & Forestry Index Fund,Nasdaq
WOOF,VCA Inc.,Nasdaq
WPCS,WPCS International Incorporated,Nasdaq
WPPGY,WPP plc,Nasdaq
WPRT,Westport Innovations Inc,Nasdaq
WRES,"Warren Resources, Inc.",Nasdaq
WRLD,World Acceptance Corporation,Nasdaq
WSBC,"WesBanco, Inc.",Nasdaq
WSBF,"Waterstone Financial, Inc.",Nasdaq
WSCI,WSI Industries Inc.,Nasdaq
WSFS,WSFS Financial Corporation,Nasdaq
WSFSL,WSFS Financial Corporation,Nasdaq
WSTC,West Corporation,Nasdaq
WSTG,"Wayside Technology Group, Inc.",Nasdaq
WSTL,"Westell Technologies, Inc.",Nasdaq
WTBA,West Bancorporation,Nasdaq
WTFC,Wintrust Financial Corporation,Nasdaq
WTFCW,Wintrust Financial Corporation,Nasdaq
WTSL,"The Wet Seal, Inc.",Nasdaq
WVFC,WVS Financial Corp.,Nasdaq
WVVI,"Willamette Valley Vineyards, Inc.",Nasdaq
WWD,"Woodward, Inc.",Nasdaq
WWWW,"Web.com Group, Inc.",Nasdaq
WYNN,"Wynn Resorts, Limited",Nasdaq
XBKS,"Xenith Bankshares, Inc.",Nasdaq
XCRA,Xcerra Corporation,Nasdaq
XENE,Xenon Pharmaceuticals Inc.,Nasdaq
XENT,"Intersect ENT, Inc.",Nasdaq
XGTI,"XG Technology, Inc",Nasdaq
XGTIW,"XG Technology, Inc",Nasdaq
XIV,Credit Suisse AG,Nasdaq
XLNX,"Xilinx, Inc.",Nasdaq
XLRN,Acceleron Pharma Inc.,Nasdaq
XNCR,"Xencor, Inc.",Nasdaq
XNET,Xunlei Limited,Nasdaq
XNPT,"XenoPort, Inc.",Nasdaq
XOMA,XOMA Corporation,Nasdaq
XONE,The ExOne Company,Nasdaq
XOOM,Xoom Corporation,Nasdaq
XPLR,Xplore Technologies Corp,Nasdaq
XRAY,DENTSPLY International Inc.,Nasdaq
XTLB,XTL Biopharmaceuticals Ltd.,Nasdaq
XXIA,Ixia,Nasdaq
YDIV,First Trust International Multi,Nasdaq
YDLE,"Yodlee, Inc.",Nasdaq
YHOO,Yahoo! Inc.,Nasdaq
YNDX,Yandex N.V.,Nasdaq
YOD,"You On Demand Holdings, Inc.",Nasdaq
YORW,The York Water Company,Nasdaq
YPRO,AdvisorShares YieldPro ETF,Nasdaq
YRCW,"YRC Worldwide, Inc.",Nasdaq
YY,YY Inc.,Nasdaq
Z,"Zillow, Inc.",Nasdaq
ZAGG,ZAGG Inc,Nasdaq
ZAZA,ZaZa Energy Corporation,Nasdaq
ZBRA,Zebra Technologies Corporation,Nasdaq
ZEUS,"Olympic Steel, Inc.",Nasdaq
ZFGN,"Zafgen, Inc.",Nasdaq
ZGNX,"Zogenix, Inc.",Nasdaq
ZHNE,"Zhone Technologies, Inc.",Nasdaq
ZINC,Horsehead Holding Corp.,Nasdaq
ZION,Zions Bancorporation,Nasdaq
ZIONW,Zions Bancorporation,Nasdaq
ZIONZ,Zions Bancorporation,Nasdaq
ZIOP,ZIOPHARM Oncology Inc,Nasdaq
ZIV,Credit Suisse AG,Nasdaq
ZIXI,Zix Corporation,Nasdaq
ZLTQ,"ZELTIQ Aesthetics, Inc.",Nasdaq
ZN,Zion Oil & Gas Inc,Nasdaq
ZNGA,Zynga Inc.,Nasdaq
ZSPH,"ZS Pharma, Inc.",Nasdaq
ZU,"zulily, inc.",Nasdaq
ZUMZ,Zumiez Inc.,Nasdaq
A,Agilent Technologies,NYSE
AA,Alcoa Inc. ,NYSE
AAC,AAC Holdings,NYSE
AAN,Aaron's,NYSE
AAP,Advance Auto Parts Inc Advance Auto Parts Inc W/I,NYSE
AAT,American Assets Trust,NYSE
AAV,Advantage Oil & Gas Ltd  Ordinary Shares,NYSE
AB,Allianceberstein Holding L.P.  Units,NYSE
ABB,ABB Ltd ,NYSE
ABBV,AbbVie Inc. ,NYSE
ABC,AmerisourceBergen Corporation,NYSE
ABEV,Ambev S.A. American Depositary Shares,NYSE
ABG,Asbury Automotive Group Inc ,NYSE
ABM,ABM Industries Incorporated ,NYSE
ABR,Arbor Realty Trust ,NYSE
ABT,Abbott Laboratories ,NYSE
ABX,Barrick Gold Corporation ,NYSE
ACC,American Campus Communities Inc ,NYSE
ACCO,Acco Brands Corporation ,NYSE
ACE,Ace Limited ,NYSE
ACG,Alliancebernstein Income Fund,NYSE
ACH,Aluminum Corporation of China,NYSE
ACI,Arch Coal,NYSE
ACM,AECOM ,NYSE
ACMP,Access Midstream Partners,NYSE
ACN,Accenture plc. Class A Ordinary Shares (Ireland),NYSE
ACP,Avenue Income Credit Strategies Fund ,NYSE
ACRE,Ares Commercial Real Estate Corporation ,NYSE
ACT,Actavis plc Ordinary Shares,NYSE
ACW,Accuride Corporation ,NYSE
ADC,Agree Realty Corporation ,NYSE
ADM,Archer,NYSE
ADPT,Adeptus Health Inc. ,NYSE
ADS,Alliance Data Systems Corporation ,NYSE
ADT,ADT Corporation ,NYSE
ADX,Adams Express Company (The),NYSE
AEB,AEGON N.V. Perp. Cap. Secs. Floating Rate (Netherlands),NYSE
AEC,Associated Estates Realty Corporation ,NYSE
AED,AEGON N.V. Perp. Cap. Securities (Netherlands),NYSE
AEE,Ameren Corporation ,NYSE
AEG,AEGON N.V. ,NYSE
AEH,AEGON N.V. Perp. Cap Secs.,NYSE
AEK,Aegon NV 8.00% Non,NYSE
AEL,American Equity Investment Life Holding Company ,NYSE
AEM,Agnico Eagle Mines Limited ,NYSE
AEO,American Eagle Outfitters,NYSE
AEP,American Electric Power Company,NYSE
AER,Aercap Holdings N.V. Ordinary Shares,NYSE
AES,The AES Corporation ,NYSE
AET,Aetna Inc. ,NYSE
AF,Astoria Financial Corporation ,NYSE
AFB,AllianceBernstein National Municipal Income Fund Inc,NYSE
AFG,American Financial Group,NYSE
AFL,AFLAC Incorporated ,NYSE
AFT,Apollo Senior Floating Rate Fund Inc. ,NYSE
AG,First Majestic Silver Corp. Ordinary Shares (Canada),NYSE
AGC,Advent Claymore Convertible Securities and Income Fund  of Beneficial Interest,NYSE
AGCO,AGCO Corporation ,NYSE
AGI,Alamos Gold Inc Ordinary Shares,NYSE
AGM,Federal Agricultural Mortgage Corporation ,NYSE
AGM.A,Federal Agricultural Mortgage Corporation ,NYSE
AGN,Allergan,NYSE
AGO,Assured Guaranty Ltd. ,NYSE
AGRO,Adecoagro S.A. ,NYSE
AGU,Agrium Inc. ,NYSE
AGX,Argan,NYSE
AHC,A.H. Belo Corporation ,NYSE
AHH,Armada Hoffler Properties,NYSE
AHL,Aspen Insurance Holdings Limited Ordinary Shares,NYSE
AHP,Ashford Hospitality Prime,NYSE
AHS,AMN Healthcare Services Inc AMN Healthcare Services Inc,NYSE
AHT,Ashford Hospitality Trust Inc ,NYSE
AI,Arlington Asset Investment Corp Class A (new),NYSE
AIF,Apollo Tactical Income Fund Inc. ,NYSE
AIG,American International Group,NYSE
AIN,Albany International Corporation ,NYSE
AIR,AAR Corp. ,NYSE
AIT,Applied Industrial Technologies,NYSE
AIV,Apartment Investment and Management Company ,NYSE
AIZ,Assurant,NYSE
AJG,Arthur J. Gallagher & Co. ,NYSE
AKO.A,Embotelladora Andina S.A. ,NYSE
AKR,Acadia Realty Trust ,NYSE
AKS,AK Steel Holding Corporation ,NYSE
AL,Air Lease Corporation Class A ,NYSE
ALB,Albemarle Corporation ,NYSE
ALDW,Alon USA Partners,NYSE
ALE,Allete,NYSE
ALEX,Alexander & Baldwin,NYSE
ALG,Alamo Group,NYSE
ALJ,Alon USA Energy,NYSE
ALK,Alaska Air Group,NYSE
ALL,Allstate Corporation ,NYSE
ALLE,Allegion plc Ordinary Shares,NYSE
ALLY,Ally Financial Inc. ,NYSE
ALR,Alere Inc. ,NYSE
ALSN,Allison Transmission Holdings,NYSE
ALU,Alcatel,NYSE
ALV,Autoliv,NYSE
ALX,Alexander's,NYSE
AM,Antero Midstream Partners LP ,NYSE
AMBR,Amber Road,NYSE
AMC,AMC Entertainment Holdings,NYSE
AME,AMETEK,NYSE
AMFW,AMEC Foster Wheeler plc American Depositary Shares,NYSE
AMG,Affiliated Managers Group,NYSE
AMH,American Homes 4 Rent  of Beneficial Interest,NYSE
AMID,American Midstream Partners,NYSE
AMP,Ameriprise Financial,NYSE
AMRC,Ameresco,NYSE
AMRE,AmREIT,NYSE
AMT,American Tower Corporation (REIT) ,NYSE
AMT$A,American Tower Corporation (REIT) Pfd Conv Ser A,NYSE
AMTD,TD Ameritrade Holding Corporation ,NYSE
AMTG,Apollo Residential Mortgage,NYSE
AMX,America Movil,NYSE
AN,AutoNation,NYSE
ANET,Arista Networks,NYSE
ANF,Abercrombie & Fitch Company ,NYSE
ANFI,Amira Nature Foods Ltd Ordinary Shares,NYSE
ANH,Anworth Mortgage Asset Corporation ,NYSE
ANN,ANN INC. ,NYSE
ANR,Alpha Natural Resources,NYSE
ANTM,Anthem,NYSE
ANW,Aegean Marine Petroleum Network Inc. ,NYSE
AOD,Alpine Total Dynamic Dividend Fund ,NYSE
AOI,Alliance One International,NYSE
AOL,AOL Inc. AOL Inc. ,NYSE
AON,Aon plc Class A Ordinary Shares (UK),NYSE
AOS,A.O. Smith Corporation ,NYSE
AP,Ampco,NYSE
APA,Apache Corporation ,NYSE
APAM,Artisan Partners Asset Management Inc,NYSE
APB,Asia Pacific Fund,NYSE
APC,Anadarko Petroleum Corporation ,NYSE
APD,Air Products and Chemicals,NYSE
APF,Morgan Stanley Asia,NYSE
APH,Amphenol Corporation ,NYSE
APL,Atlas Pipeline Partners,NYSE
APO,Apollo Global Management,NYSE
APU,AmeriGas Partners,NYSE
AR,Antero Resources Corporation ,NYSE
ARC,ARC Document Solutions,NYSE
ARCO,Arcos Dorados Holdings Inc. Class A Shares,NYSE
ARCX,Arc Logistic Partners LP ,NYSE
ARDC,Ares Dynamic Credit Allocation Fund,NYSE
ARE,Alexandria Real Estate Equities,NYSE
ARES,Ares Management L.P. ,NYSE
ARG,Airgas,NYSE
ARI,Apollo Commercial Real Estate Finance,NYSE
ARL,American Realty Investors,NYSE
ARMF,Ares Multi,NYSE
ARMK,Aramark ,NYSE
ARO,Aeropostale Inc ,NYSE
ARP,Atlas Resource Partners,NYSE
ARPI,American Residential Properties,NYSE
ARR,ARMOUR Residential REIT,NYSE
ARW,Arrow Electronics,NYSE
ASA,ASA  Gold and Precious Metals Limited,NYSE
ASB,Associated Banc,NYSE
ASC,Ardmore Shipping Corporation ,NYSE
ASG,Liberty All,NYSE
ASGN,On Assignment,NYSE
ASH,Ashland Inc. (NEW) ,NYSE
ASPN,Aspen Aerogels,NYSE
ASR,Grupo Aeroportuario del Sureste,NYSE
ASX,Advanced Semiconductor Engineering,NYSE
AT,Atlantic Power Corporation Ordinary Shares (Canada),NYSE
ATE,Advantest Corporation (Kabushiki Kaisha Advantest) ADS American Depositary Shares,NYSE
ATEN,A10 Networks,NYSE
ATHM,Autohome Inc. American Depositary Shares,NYSE
ATI,Allegheny Technologies Incorporated ,NYSE
ATK,Alliant Techsystems Inc. ,NYSE
ATLS,Atlas Energy,NYSE
ATO,Atmos Energy Corporation ,NYSE
ATR,AptarGroup,NYSE
ATTO,Atento S.A. Ordinary Shares,NYSE
ATU,Actuant Corporation ,NYSE
ATV,Acorn International,NYSE
ATW,Atwood Oceanics,NYSE
AU,AngloGold Ashanti Limited ,NYSE
AUO,AU Optronics Corp American Depositary Shares,NYSE
AUQ,AuRico Gold Inc. Ordinary Shares,NYSE
AUY,Yamana Gold Inc. Ordinary Shares (Canada),NYSE
AV,Aviva plc Unsponsored ADR (UK),NYSE
AVA,Avista Corporation ,NYSE
AVAL,Grupo Aval Acciones y Valores S.A. ADR,NYSE
AVB,AvalonBay Communities,NYSE
AVD,American Vanguard Corporation,NYSE
AVG,AVG Technologies N.V. Ordinary Shares,NYSE
AVH,Avianca Holdings S.A. American Depositary Shares,NYSE
AVIV,Aviv REIT,NYSE
AVOL,Avolon Holdings Limited ,NYSE
AVP,Avon Products,NYSE
AVT,Avnet,NYSE
AVX,AVX Corporation ,NYSE
AVY,Avery Dennison Corporation ,NYSE
AWF,Alliancebernstein Global High Income Fund,NYSE
AWH,Allied World Assurance Company Holdings,NYSE
AWI,Armstrong World Industries Inc ,NYSE
AWK,American Water Works Company,NYSE
AWP,Alpine Global Premier Properties Fund Alpine Global Premier Properties Fund  of Beneficial Interest,NYSE
AWR,American States Water Company ,NYSE
AXE,Anixter International Inc. ,NYSE
AXL,American Axle & Manufacturing Holdings,NYSE
AXLL,Axiall Corporation ,NYSE
AXP,American Express Company ,NYSE
AXR,AMREP Corporation ,NYSE
AXS,Axis Capital Holdings Limited ,NYSE
AXTA,Axalta Coating Systems Ltd. ,NYSE
AYI,Acuity Brands Inc (Holding Company),NYSE
AYN,Alliance New York Municipal Income Fund Inc,NYSE
AYR,Aircastle Limited ,NYSE
AZN,Astrazeneca PLC ,NYSE
AZO,AutoZone,NYSE
AZZ,AZZ Incorporated ,NYSE
B,Barnes Group,NYSE
BA,Boeing Company (The) ,NYSE
BABA,Alibaba Group Holding Limited American Depositary Shares each representing one Ordinary share,NYSE
BAC,Bank of America Corporation ,NYSE
BAF,BlackRock Municipal Income Investment Quality Trust,NYSE
BAH,Booz Allen Hamilton Holding Corporation ,NYSE
BAK,Braskem SA ADR,NYSE
BALT,Baltic Trading Limited ,NYSE
BAM,Brookfield Asset Management Inc. ,NYSE
BANC,Banc of California,NYSE
BAP,Credicorp Ltd. ,NYSE
BAS,Basic Energy Services,NYSE
BAX,Baxter International Inc. ,NYSE
BBD,Banco Bradesco Sa American Depositary Shares,NYSE
BBDO,Banco Bradesco Sa American Depositary Shares (each representing one Common Share),NYSE
BBF,BlackRock Municipal Income Investment Trust,NYSE
BBG,Bill Barrett Corporation ,NYSE
BBK,Blackrock Municipal Bond Trust,NYSE
BBL,BHP Billiton plc Sponsored ADR,NYSE
BBN,BlackRock Build America Bond Trust  of Beneficial Interest,NYSE
BBT,BB&T Corporation ,NYSE
BBVA,Banco Bilbao Vizcaya Argentaria S.A. ,NYSE
BBW,Build,NYSE
BBX,BBX Capital Corporation ,NYSE
BBY,Best Buy Co.,NYSE
BC,Brunswick Corporation ,NYSE
BCA,Corpbanca Sponsored Reg S GDR representing Common (Chile),NYSE
BCC,Boise Cascade,NYSE
BCE,BCE,NYSE
BCEI,Bonanza Creek Energy,NYSE
BCH,Banco De Chile Banco De Chile ADS,NYSE
BCO,Brinks Company (The) ,NYSE
BCR,C.R. Bard,NYSE
BCRH,Blue Capital Reinsurance Holdings Ltd. ,NYSE
BCS,Barclays PLC ,NYSE
BCX,BlackRock Resources  of Beneficial Interest,NYSE
BDC,Belden Inc ,NYSE
BDJ,Blackrock Enhanced Equity Dividend Trust,NYSE
BDN,Brandywine Realty Trust ,NYSE
BDX,Becton,NYSE
BEE,Strategic Hotels & Resorts  Inc ,NYSE
BEL,Belmond Ltd. Class A ,NYSE
BEN,Franklin Resources,NYSE
BEP,Brookfield Renewable Energy Partners LP Partnership Units (Bermuda),NYSE
BERY,Berry Plastics Group,NYSE
BF.A,Brown Forman Inc Class A ,NYSE
BFAM,Bright Horizons Family Solutions Inc. ,NYSE
BFK,BlackRock Municipal Income Trust,NYSE
BFO,Blackrock Florida Municipal 2020 Term Trust,NYSE
BFR,BBVA Banco Frances S.A. ,NYSE
BFS,Saul Centers,NYSE
BFZ,BlackRock California Municipal Income Trust,NYSE
BG,Bunge Limited Bunge Limited,NYSE
BGB,Blackstone / GSO Strategic Credit Fund ,NYSE
BGC,General Cable Corporation ,NYSE
BGCA,BGC Partners,NYSE
BGG,Briggs & Stratton Corporation ,NYSE
BGH,Babson Capital Global Short Duration High Yield Fund  of Beneficial Interests,NYSE
BGR,BlackRock Energy and Resources Trust,NYSE
BGS,B&G Foods,NYSE
BGT,BlackRock Floating Rate Income Trust,NYSE
BGX,Blackstone GSO Long Short Credit Income Fund ,NYSE
BGY,BLACKROCK INTERNATIONAL,NYSE
BH,Biglari Holdings Inc.,NYSE
BHE,Benchmark Electronics,NYSE
BHI,Baker Hughes Incorporated ,NYSE
BHK,Blackrock Core Bond Trust Blackrock Core Bond Trust,NYSE
BHL,Blackrock Defined Opportunity Credit Trust Blackrock Defined Opportunity Credit Trust,NYSE
BHLB,Berkshire Hills Bancorp,NYSE
BHP,BHP Billiton Limited ,NYSE
BID,Sotheby's ,NYSE
BIE,BlackRock Municipal Bond Investment Trust,NYSE
BIF,Boulder Growth & Income Fund,NYSE
BIG,Big Lots,NYSE
BIN,Progressive Waste Solutions Ltd. ,NYSE
BIO,Bio,NYSE
BIO.B,Bio,NYSE
BIOA,BioAmber Inc. ,NYSE
BIP,Brookfield Infrastructure Partners LP Limited Partnership Units,NYSE
BIT,BlackRock Multi,NYSE
BITA,Bitauto Holdings Limited American Depositary Shares (each representing one ordinary share),NYSE
BJZ,Blackrock California Municipal 2018 Term Trust Blackrock California Municipal 2018 Term Trust,NYSE
BK,Bank of New York Mellon Corporation (The) ,NYSE
BKD,Brookdale Senior Living Inc. ,NYSE
BKE,Buckle,NYSE
BKH,Black Hills Corporation ,NYSE
BKK,Blackrock Municipal 2020 Term Trust,NYSE
BKN,BlackRock Investment Quality Municipal Trust Inc. (The),NYSE
BKS,Barnes & Noble,NYSE
BKT,BlackRock Income Trust Inc. (The),NYSE
BKU,BankUnited,NYSE
BLH,Blackrock New York Municipal 2018 Term Trust,NYSE
BLK,BlackRock,NYSE
BLL,Ball Corporation ,NYSE
BLOX,Infoblox Inc. ,NYSE
BLT,Blount International,NYSE
BLW,Blackrock Limited Duration Income Trust,NYSE
BLX,Banco Latinoamericano de Comercio Exterior,NYSE
BMA,Banco Macro S.A.  ADR (representing Ten Class B ),NYSE
BME,Blackrock Health Sciences Trust,NYSE
BMI,Badger Meter,NYSE
BMO,Bank Of Montreal ,NYSE
BMR,Biomed Realty Trust ,NYSE
BMS,Bemis Company,NYSE
BMY,Bristol,NYSE
BNJ,BlackRock New Jersey Municipal Income Trust,NYSE
BNK,C1 Financial,NYSE
BNS,Bank Nova Scotia Halifax Pfd 3 Ordinary Shares,NYSE
BNY,BlackRock New York Municipal Income Trust,NYSE
BOCA,Banc of California,NYSE
BOE,Blackrock Global Blackrock Global Opportunities Equity Trust  of Beneficial Interest,NYSE
BOH,Bank of Hawaii Corporation ,NYSE
BOI,Brookfield Mortgage Opportunity Income Fund Inc. ,NYSE
BOOT,Boot Barn Holdings,NYSE
BORN,China New Borun Corporation American Depositary Shares,NYSE
BOXC,Brookfield Canada Office Properties,NYSE
BP,BP p.l.c. ,NYSE
BPI,Bridgepoint Education,NYSE
BPK,Blackrock Municipal 2018 Term Trust Blackrock Municipal 2018 Term Trust,NYSE
BPL,Buckeye Partners L.P. ,NYSE
BPT,BP Prudhoe Bay Royalty Trust ,NYSE
BPY,Brookfield Property Partners L.P. Limited Partnership Units,NYSE
BPZ,BPZ Resources,NYSE
BQH,Blackrock New York Municipal Bond Trust  of Beneficial Interest,NYSE
BR,Broadridge Financial Solutions,NYSE
BRC,Brady Corporation ,NYSE
BRFS,BRF S.A.,NYSE
BRK.A,Berkshire Hathaway Inc. ,NYSE
BRO,Brown & Brown,NYSE
BRP,Brookfield Residential Properties Inc. ,NYSE
BRS,Bristow Group Inc. ,NYSE
BRSS,Global Brass and Copper Holdings,NYSE
BRT,BRT Realty Trust ,NYSE
BRX,Brixmor Property Group Inc. ,NYSE
BSAC,Banco Santander,NYSE
BSBR,Banco Santander Brasil SA American Depositary Shares,NYSE
BSD,BlackRock Strategic Municipal Trust Inc. (The) ,NYSE
BSE,Blackrock New York Municipal Income Quality Trust  of Beneficial Interest,NYSE
BSI,Alon Blue Square Israel Ltd.,NYSE
BSL,Blackstone GSO Senior Floating Rate Term Fund  of Beneficial Interest,NYSE
BSMX,Grupo Financiero Santander Mexico S.A. B. de C.V. American Depositary Shares,NYSE
BST,BlackRock Science and Technology Trust  of Beneficial Interest,NYSE
BSX,Boston Scientific Corporation ,NYSE
BT,BT Group plc ,NYSE
BTA,BlackRock Long,NYSE
BTE,Baytex Energy Corp,NYSE
BTF,Boulder Total Return Fund,NYSE
BTH,Blyth,NYSE
BTO,John Hancock Financial Opportunities Fund ,NYSE
BTT,BlackRock Municipal Target Term Trust Inc. (The)  of Beneficial Interest,NYSE
BTU,Peabody Energy Corporation ,NYSE
BTZ,BlackRock Credit Allocation Income Trust,NYSE
BUD,Anheuser,NYSE
BUI,BlackRock Utility and Infrastructure Trust  of Beneficial Interest,NYSE
BURL,Burlington Stores,NYSE
BVN,Buenaventura Mining Company Inc.,NYSE
BWA,BorgWarner Inc. ,NYSE
BWC,Babcock ,NYSE
BWG,Legg Mason BW Global Income Opportunities Fund Inc. ,NYSE
BWP,Boardwalk Pipeline Partners LP Common Units,NYSE
BWS,Brown Shoe Company,NYSE
BX,The Blackstone Group L.P.,NYSE
BXC,Bluelinx Holdings Inc. ,NYSE
BXE,Bellatrix Exploration Ltd Ordinary Shares (Canada),NYSE
BXMT,Blackstone Mortgage Trust,NYSE
BXMX,Nuveen S&P 500 Buy,NYSE
BXP,Boston Properties,NYSE
BXS,BancorpSouth,NYSE
BYD,Boyd Gaming Corporation ,NYSE
BYM,Blackrock Municipal Income Quality Trust  of Beneficial Interest,NYSE
BZH,Beazer Homes USA,NYSE
BZT,Beazer Homes USA,NYSE
C,Citigroup,NYSE
CAB,Cabela's Inc Class A ,NYSE
CACI,CACI International,NYSE
CAE,CAE Inc. Ordinary Shares,NYSE
CAF,Morgan Stanley China A Share Fund Inc. ,NYSE
CAG,ConAgra Foods,NYSE
CAH,Cardinal Health,NYSE
CAJ,Canon,NYSE
CALX,Calix,NYSE
CAM,Cameron International Corporation ,NYSE
CAP,Cai International,NYSE
CAPL,CrossAmerica Partners LP Common Units representing limited partner interests,NYSE
CAS,Castle (A.M.) & Co. ,NYSE
CAT,Caterpillar,NYSE
CATO,Cato Corporation (The) Class A ,NYSE
CB,Chubb Corporation (The) ,NYSE
CBA,ClearBridge American Energy MLP Fund Inc. ,NYSE
CBB,Cincinnati Bell Inc. ,NYSE
CBD,Companhia Brasileira de Distribuicao ADS,NYSE
CBG,CBRE Group Inc  Class A,NYSE
CBI,Chicago Bridge & Iron Company N.V. ,NYSE
CBK,Christopher & Banks Corporation ,NYSE
CBL,CBL & Associates Properties,NYSE
CBM,Cambrex Corporation ,NYSE
CBPX,Continental Building Products,NYSE
CBR,Ciber,NYSE
CBS,CBS Corporation Class B ,NYSE
CBT,Cabot Corporation ,NYSE
CBU,Community Bank System,NYSE
CBZ,CBIZ,NYSE
CCC,Calgon Carbon Corporation ,NYSE
CCE,Coca,NYSE
CCG,Campus Crest Communities,NYSE
CCI,Crown Castle International Corp. (REIT) ,NYSE
CCJ,Cameco Corporation ,NYSE
CCK,Crown Holdings,NYSE
CCL,Carnival Corporation ,NYSE
CCM,Concord Medical Services Holdings Limited ADS (Each represents three ordinary shares),NYSE
CCO,Clear Channel Outdoor Holdings,NYSE
CCS,Century Communities,NYSE
CCSC,Country Style Cooking Restaurant Chain Co.,NYSE
CCU,Compania Cervecerias Unidas,NYSE
CCV,Comcast Corporation 5.00% Notes due 2061,NYSE
CCZ,Comcast Holdings ZONES,NYSE
CDE,Coeur Mining,NYSE
CDI,CDI Corporation ,NYSE
CDR,Cedar Realty Trust,NYSE
CE,Celanese Corporation Celanese Corporation Series A ,NYSE
CEA,China Eastern Airlines Corporation Ltd. ,NYSE
CEB,Corporate Executive Board Company (The) ,NYSE
CEE,Central Europe,NYSE
CEL,Cellcom Israel,NYSE
CELP,Cypress Energy Partners,NYSE
CEM,ClearBridge Energy MLP Fund Inc. ,NYSE
CEN,Center Coast MLP & Infrastructure Fund  of Beneficial Interest,NYSE
CEO,CNOOC Limited ,NYSE
CEQP,Crestwood Equity Partners LP,NYSE
CF,CF Industries Holdings,NYSE
CFG,Citizens Financial Group,NYSE
CFI,Culp,NYSE
CFN,CareFusion Corporation ,NYSE
CFR,Cullen/Frost Bankers,NYSE
CFX,Colfax Corporation ,NYSE
CGA,China Green Agriculture,NYSE
CGG,CGG,NYSE
CGI,Celadon Group,NYSE
CHA,China Telecom Corp Ltd ADS,NYSE
CHD,Church & Dwight Company,NYSE
CHE,Chemed Corp,NYSE
CHGG,Chegg,NYSE
CHH,Choice Hotels International,NYSE
CHK,Chesapeake Energy Corporation ,NYSE
CHKR,Chesapeake Granite Wash Trust Common Units representing beneficial interests in the Trust,NYSE
CHL,China Mobile Limited ,NYSE
CHMI,Cherry Hill Mortgage Investment Corporation ,NYSE
CHMT,Chemtura Corp. ,NYSE
CHN,China Fund,NYSE
CHS,Chico's FAS,NYSE
CHSP,Chesapeake Lodging Trust  of Beneficial Interest,NYSE
CHT,Chunghwa Telecom Co.,NYSE
CHU,China Unicom (Hong Kong) Ltd ,NYSE
CI,Cigna Corporation ,NYSE
CIA,Citizens,NYSE
CIB,BanColombia S.A. ,NYSE
CIE,Cobalt International Energy,NYSE
CIEN,Ciena Corporation ,NYSE
CIF,MFS Intermediate High Income Fund ,NYSE
CIG,Comp En De Mn Cemig ADS American Depositary Shares,NYSE
CII,Blackrock Capital and Income Fund,NYSE
CIM,Chimera Investment Corporation ,NYSE
CIO,City Office REIT,NYSE
CIR,CIRCOR International,NYSE
CIT,CIT Group Inc (DEL) ,NYSE
CIVI,Civitas Solutions,NYSE
CJES,C&J Energy Services,NYSE
CKH,SEACOR Holdings Inc. ,NYSE
CKP,Checkpoint Systms,NYSE
CL,Colgate,NYSE
CLA,Capitala Finance Corp. 7.125% Notes due 2021,NYSE
CLB,Core Laboratories N.V. ,NYSE
CLC,CLARCOR Inc. ,NYSE
CLD,Cloud Peak Energy Inc ,NYSE
CLDT,Chatham Lodging Trust (REIT)  of Beneficial Interest,NYSE
CLF,Cliffs Natural Resources Inc ,NYSE
CLGX,CoreLogic,NYSE
CLH,Clean Harbors,NYSE
CLI,Mack,NYSE
CLNY,Colony Financial,NYSE
CLR,Continental Resources,NYSE
CLS,Celestica,NYSE
CLV,Cliffs Natural Resources Inc. ,NYSE
CLW,Clearwater Paper Corporation ,NYSE
CLX,Clorox Company (The) ,NYSE
CM,Canadian Imperial Bank of Commerce ,NYSE
CMA,Comerica Incorporated ,NYSE
CMC,Commercial Metals Company ,NYSE
CMCM,Cheetah Mobile Inc. American Depositary Shares,NYSE
CMG,Chipotle Mexican Grill,NYSE
CMI,Cummins Inc. ,NYSE
CMK,MFS Intermarket Income Trust I ,NYSE
CMLP,Crestwood Midstream Partners LP,NYSE
CMN,Cantel Medical Corp. ,NYSE
CMO,Capstead Mortgage Corporation ,NYSE
CMP,Compass Minerals Intl Inc ,NYSE
CMRE,Costamare Inc.  $0.0001 par value,NYSE
CMS,CMS Energy Corporation ,NYSE
CMU,MFS Municipal Income Trust ,NYSE
CNA,CNA Financial Corporation ,NYSE
CNC,Centene Corporation ,NYSE
CNCO,Cencosud S.A. American Depositary Shares (Each representing three ),NYSE
CNHI,CNH Industrial N.V. ,NYSE
CNI,Canadian National Railway Company ,NYSE
CNK,Cinemark Holdings Inc Cinemark Holdings,NYSE
CNL,Cleco Corporation ,NYSE
CNNX,Cone Midstream Partners LP Common Units representing limited partner interests,NYSE
CNO,CNO Financial Group,NYSE
CNP,CenterPoint Energy,NYSE
CNQ,Canadian Natural Resources Limited ,NYSE
CNS,Cohn & Steers Inc ,NYSE
CNW,Con,NYSE
CNX,CONSOL Energy Inc. ,NYSE
CO,China Cord Blood Corporation ,NYSE
CODE,Spansion Inc  Class A New,NYSE
CODI,Compass Diversified Holdings Shares of Beneficial Interest,NYSE
COF,Capital One Financial Corporation ,NYSE
COG,Cabot Oil & Gas Corporation ,NYSE
COH,Coach,NYSE
COL,Rockwell Collins,NYSE
COO,Cooper Companies,NYSE
COP,ConocoPhillips ,NYSE
COR,CoreSite Realty Corporation ,NYSE
CORR,CorEnergy Infrastructure Trust,NYSE
COT,Cott Corporation ,NYSE
COTY,Coty Inc. Class A ,NYSE
COUP,Coupons.com Incorporated ,NYSE
COV,Covidien plc. Ordinary Shares (Ireland),NYSE
CP,Canadian Pacific Railway Limited ,NYSE
CPA,Copa Holdings,NYSE
CPAC,Cementos Pacasmayo S.A.A. American Depositary Shares,NYSE
CPB,Campbell Soup Company ,NYSE
CPE,Callon Petroleum Company ,NYSE
CPF,Central Pacific Financial Corp New,NYSE
CPG,Crescent Point Energy Corporation Ordinary Shares (Canada),NYSE
CPK,Chesapeake Utilities Corporation ,NYSE
CPL,CPFL Energia S.A. CPFL Energia S.A. American Depositary Shares,NYSE
CPN,Calpine Corporation ,NYSE
CPS,Cooper,NYSE
CPT,Camden Property Trust ,NYSE
CR,Crane Company ,NYSE
CRC,California Resources Corporation ,NYSE
CRCM,Care.com,NYSE
CRH,CRH PLC American Depositary Shares,NYSE
CRI,Carter's,NYSE
CRK,Comstock Resources,NYSE
CRL,Charles River Laboratories International,NYSE
CRM,Salesforce.com Inc ,NYSE
CRR,Carbo Ceramics,NYSE
CRS,Carpenter Technology Corporation ,NYSE
CRT,Cross Timbers Royalty Trust ,NYSE
CRY,CryoLife,NYSE
CS,Credit Suisse Group American Depositary Shares,NYSE
CSC,Computer Sciences Corporation ,NYSE
CSG,Chambers Street Properties  of Beneficial Interest,NYSE
CSH,Cash America International,NYSE
CSI,Cutwater Select Income Fund,NYSE
CSL,Carlisle Companies Incorporated ,NYSE
CSLT,Castlight Health,NYSE
CSS,CSS Industries,NYSE
CST,CST Brands,NYSE
CSTM,Constellium N.V. Ordinary Shares,NYSE
CSU,Capital Senior Living Corporation ,NYSE
CSV,Carriage Services,NYSE
CSX,CSX Corporation ,NYSE
CTB,Cooper Tire & Rubber Company ,NYSE
CTL,CenturyLink,NYSE
CTLT,Catalent,NYSE
CTQ,Qwest Corporation 7.375% Notes due 2051,NYSE
CTR,ClearBridge Energy MLP Total Return Fund Inc. ,NYSE
CTS,CTS Corporation ,NYSE
CTT,CatchMark Timber Trust,NYSE
CUB,Cubic Corporation ,NYSE
CUBE,CubeSmart ,NYSE
CUBI,Customers Bancorp,NYSE
CUBS,Customers Bancorp,NYSE
CUDA,Barracuda Networks,NYSE
CUK,Carnival Plc ADS ADS,NYSE
CUZ,Cousins Properties Incorporated ,NYSE
CVA,Covanta Holding Corporation ,NYSE
CVB,Lehman ABS Corporation 7.75% Corp Backed Tr Ctfs,NYSE
CVC,Cablevision Systems Corporation Class A ,NYSE
CVD,Covance Inc. ,NYSE
CVE,Cenovus Energy Inc ,NYSE
CVEO,Civeo Corporation ,NYSE
CVG,Convergys Corporation ,NYSE
CVI,CVR Energy Inc. ,NYSE
CVO,Cenveo Inc,NYSE
CVRR,CVR Refining,NYSE
CVS,CVS Health Corporation ,NYSE
CVT,CVENT,NYSE
CVX,Chevron Corporation ,NYSE
CW,Curtiss,NYSE
CWEI,Clayton Williams Energy,NYSE
CWT,California Water Service Group ,NYSE
CX,Cemex,NYSE
CXE,MFS High Income Municipal Trust ,NYSE
CXH,MFS Investment Grade Municipal Trust ,NYSE
CXO,Concho Resources Inc. ,NYSE
CXP,Columbia Property Trust,NYSE
CXW,Corrections Corporation of America ,NYSE
CYD,China Yuchai International Limited ,NYSE
CYH,Community Health Systems,NYSE
CYN,City National Corporation ,NYSE
CYNI,Cyan,NYSE
CYS,CYS Investments,NYSE
CYT,Cytec Industries Inc. ,NYSE
CZZ,Cosan Limited Class A ,NYSE
D,Dominion Resources,NYSE
DAC,Danaos Corporation ,NYSE
DAL,Delta Air Lines,NYSE
DAN,Dana Holding Corporation  When,NYSE
DANG,E,NYSE
DAR,Darling Ingredients Inc. ,NYSE
DATA,Tableau Software,NYSE
DB,Deutsche Bank AG ,NYSE
DBD,Diebold,NYSE
DBL,DoubleLine Opportunistic Credit Fund  of Beneficial Interest,NYSE
DCA,Virtus Total Return Fund,NYSE
DCI,Donaldson Company,NYSE
DCM,NTT DOCOMO,NYSE
DCO,Ducommun Incorporated ,NYSE
DCT,DCT Industrial Trust Inc ,NYSE
DCUA,Dominion Resources,NYSE
DCUB,Dominion Resources,NYSE
DCUC,Dominion Resources,NYSE
DD,E.I. du Pont de Nemours and Company ,NYSE
DDC,Dominion Diamond Corporation ,NYSE
DDD,3D Systems Corporation ,NYSE
DDE,Dover Downs Gaming & Entertainment Inc ,NYSE
DDF,Delaware Investments Dividend & Income Fund,NYSE
DDR,DDR Corp. ,NYSE
DDS,Dillard's,NYSE
DDT,Dillard's Capital Trust I,NYSE
DE,Deere & Company ,NYSE
DECK,Deckers Outdoor Corporation ,NYSE
DEG,Etablissements Delhaize Freres et Cie Le Lion S.A. ,NYSE
DEI,Douglas Emmett,NYSE
DEL,Deltic Timber Corporation ,NYSE
DEO,Diageo plc ,NYSE
DEX,Delaware Enhanced Global Dividend  of Beneficial Interest,NYSE
DF,Dean Foods Company ,NYSE
DFP,Flaherty & Crumrine Dynamic Preferred and Income Fund Inc. ,NYSE
DFS,Discover Financial Services ,NYSE
DFT,Dupont Fabros Technology,NYSE
DG,Dollar General Corporation ,NYSE
DGI,DigitalGlobe,NYSE
DGX,Quest Diagnostics Incorporated ,NYSE
DHF,Dreyfus High Yield Strategies Fund ,NYSE
DHG,Deutsche High Income Opportunities Fund,NYSE
DHI,D.R. Horton,NYSE
DHR,Danaher Corporation ,NYSE
DHT,DHT Holdings,NYSE
DHX,Dice Holdings,NYSE
DIAX,Nuveen Dow 30SM Dynamic Overwrite Fund  of Beneficial Interest,NYSE
DIN,DineEquity,NYSE
DIS,Walt Disney Company (The) ,NYSE
DK,Delek US Holdings,NYSE
DKL,Delek Logistics Partners,NYSE
DKS,Dick's Sporting Goods Inc ,NYSE
DKT,Deutsch Bk Contingent Cap Tr V Tr Pfd Secs,NYSE
DL,China Distance Education Holdings Limited American Depositary Shares,NYSE
DLB,Dolby Laboratories ,NYSE
DLNG,Dynagas LNG Partners LP Common Units,NYSE
DLPH,Delphi Automotive plc Ordinary Shares,NYSE
DLR,Digital Realty Trust,NYSE
DLX,Deluxe Corporation ,NYSE
DM,Dominion Midstream Partners,NYSE
DMB,Dreyfus Municipal Bond Infrastructure Fund,NYSE
DMD,Demand Media Inc. ,NYSE
DMO,Western Asset Mortgage Defined Opportunity Fund Inc ,NYSE
DNB,Dun & Bradstreet Corporation (The) ,NYSE
DNI,Dividend and Income Fund ,NYSE
DNOW,NOW Inc. ,NYSE
DNP,DNP Select Income Fund,NYSE
DNR,Denbury Resources Inc. ,NYSE
DNY,The Denali Fund Inc,NYSE
DO,Diamond Offshore Drilling,NYSE
DOC,Physicians Realty Trust  of Beneficial Interest,NYSE
DOM,Dominion Resources Black Warrior Trust ,NYSE
DOOR,Masonite International Corporation Ordinary Shares (Canada),NYSE
DOV,Dover Corporation ,NYSE
DOW,Dow Chemical Company (The) ,NYSE
DPG,Duff & Phelps Global Utility Income Fund Inc. ,NYSE
DPLO,Diplomat Pharmacy,NYSE
DPM,DCP Midstream Partners,NYSE
DPS,Dr Pepper Snapple Group,NYSE
DPZ,Domino's Pizza Inc ,NYSE
DQ,DAQO New Energy Corp. American Depositary Shares,NYSE
DRA,Diversified Real Asset Income Fund  of Beneficial Interest,NYSE
DRC,Dresser,NYSE
DRD,DRDGOLD Limited American Depositary Shares,NYSE
DRE,Duke Realty Corporation ,NYSE
DRH,Diamondrock Hospitality Company ,NYSE
DRI,Darden Restaurants,NYSE
DRII,Diamond Resorts International,NYSE
DRL,Doral Financial Corporation NEW ,NYSE
DRQ,Dril,NYSE
DSE,Duff & Phelps Select Energy MLP Fund Inc. ,NYSE
DSL,DoubleLine Income Solutions Fund  of Beneficial Interests,NYSE
DSM,Dreyfus Strategic Municipal Bond Fund,NYSE
DST,DST Systems,NYSE
DSU,Blackrock Debt Strategies Fund,NYSE
DSW,DSW Inc. ,NYSE
DSX,Diana Shipping inc. ,NYSE
DTE,DTE Energy Company ,NYSE
DTF,DTF Tax,NYSE
DTK,Deutsche Bk Contingent Cap Tr III Tr Pfd Secs,NYSE
DTLA$,Brookfield DTLA Inc. 7.625% Series A Cumulative Redeemable Preferred Stock,NYSE
DTQ,DTE Energy Company 2012 Series C 5.25% Junior Subordinate Debentures due December 1,NYSE
DTT,Deutsche Bank Cap Fdg Tr IX Guaranteed Trust Preferred Securities,NYSE
DTZ,DTE Energy Company 2011 Series I 6.50% Junior Subordinate Debentures due 2061,NYSE
DUA,Deutsche Bank Cap Fdg Tr VIII 6.375% Tr Pfd Secs,NYSE
DUC,Duff & Phelps Utility & Corporate Bond Trust,NYSE
DUK,Duke Energy Corporation (Holding Company) ,NYSE
DUKH,Duke Energy Corporation 5.125% Junior Subordinated Debentures due 2073,NYSE
DV,DeVry Education Group Inc. ,NYSE
DVA,DaVita HealthCare Partners Inc. ,NYSE
DVD,Dover Motorsports,NYSE
DVN,Devon Energy Corporation ,NYSE
DW,Drew Industries Incorporated  ($0.01 Par Value),NYSE
DWRE,DEMANDWARE,NYSE
DX,Dynex Capital,NYSE
DXB,Deutsche Bk Contingent Cap TR II Tr Pfd Sec,NYSE
DY,Dycom Industries,NYSE
DYN,Dynegy Inc. ,NYSE
EAA,Entergy Arkansas,NYSE
EAB,Entergy Arkansas,NYSE
EAE,Entergy Arkansas,NYSE
EARN,Ellington Residential Mortgage REIT  of Beneficial Interest,NYSE
EAT,Brinker International,NYSE
EBF,Ennis,NYSE
EBR,Centrais Elc Braz Pfb B Elbras American Depositary Shares,NYSE
EBS,Emergent Biosolutions,NYSE
EC,Ecopetrol S.A. American Depositary Shares,NYSE
ECA,Encana Corporation,NYSE
ECC,Eagle Point Credit Company Inc. ,NYSE
ECL,Ecolab Inc. ,NYSE
ECOM,ChannelAdvisor Corporation ,NYSE
ECR,Eclipse Resources Corporation ,NYSE
ECT,ECA Marcellus Trust I Common Units of Beneficial Interest,NYSE
ED,Consolidated Edison,NYSE
EDD,Morgan Stanley Emerging Markets Domestic Debt Fund,NYSE
EDE,Empire District Electric Company (The) ,NYSE
EDF,Stone Harbor Emerging Markets Income Fund  of Beneficial Interest,NYSE
EDI,Stone Harbor Emerging Markets Total Income Fund  of Beneficial Interests,NYSE
EDN,Empresa Distribuidora Y Comercializadora Norte S.A. (Edenor) Empresa Distribuidora Y Comercializadora Norte S.A. (Edenor) American Depositary Shares,NYSE
EDR,Education Realty Trust,NYSE
EDU,New Oriental Education & Technology Group,NYSE
EE,El Paso Electric Company ,NYSE
EEA,The European Equity Fund,NYSE
EEP,Enbridge Energy,NYSE
EEQ,Enbridge Energy Management LLC Shares repstg limited liability company interests,NYSE
EFC,Ellington Financial LLC  representing Limitied Liability Company Interests,NYSE
EFF,Eaton vance Floating,NYSE
EFM,Entergy Mississippi,NYSE
EFR,Eaton Vance Senior Floating,NYSE
EFT,Eaton Vance Floating Rate Income Trust  of Beneficial Interest,NYSE
EFX,Equifax,NYSE
EGF,Blackrock Enhanced Government Fund,NYSE
EGL,Engility Holdings,NYSE
EGN,Energen Corporation ,NYSE
EGO,Eldorado Gold Corporation Ordinary Shares,NYSE
EGP,EastGroup Properties,NYSE
EGY,Vaalco Energy Inc ,NYSE
EHI,Western Asset Global High Income Fund Inc ,NYSE
EHIC,eHi Car Services Limited American Depositary Shares,NYSE
EIG,Employers Holdings Inc ,NYSE
EIX,Edison International ,NYSE
EJ,E,NYSE
EL,Estee Lauder Companies,NYSE
ELA,Entergy Louisiana,NYSE
ELB,Entergy Louisiana,NYSE
ELJ,Entergy Louisiana,NYSE
ELLI,Ellie Mae,NYSE
ELP,Companhia Paranaense de Energia (COPEL) ,NYSE
ELS,Equity Lifestyle Properties,NYSE
ELU,Entergy Louisiana,NYSE
ELX,Emulex Corporation ,NYSE
ELY,Callaway Golf Company ,NYSE
EMC,EMC Corporation ,NYSE
EMD,Western Asset Emerging Markets Income Fund,NYSE
EME,EMCOR Group,NYSE
EMES,Emerge Energy Services LP Common Units representing Limited Partner Interests,NYSE
EMF,Templeton Emerging Markets Fund ,NYSE
EMN,Eastman Chemical Company ,NYSE
EMO,ClearBridge Energy MLP Opportunity Fund Inc. ,NYSE
EMQ,Entergy Mississippi,NYSE
EMR,Emerson Electric Company ,NYSE
ENB,Enbridge Inc ,NYSE
ENBL,Enable Midstream Partners,NYSE
ENH,Endurance Specialty Holdings Ltd ,NYSE
ENI,Enersis S A ,NYSE
ENL,Reed Elsevier NV American Depositary Shares,NYSE
ENLC,EnLink Midstream,NYSE
ENLK,EnLink Midstream Partners,NYSE
ENR,Energizer Holdings,NYSE
ENS,Enersys ,NYSE
ENV,Envestnet,NYSE
ENVA,Enova International,NYSE
ENZ,Enzo Biochem,NYSE
EOC,Empresa Nacional de Electricidad S.A. ,NYSE
EOD,Wells Fargo Advantage Global Dividend Opportunity Fund,NYSE
EOG,EOG Resources,NYSE
EPAM,EPAM Systems,NYSE
EPD,Enterprise Products Partners L.P. ,NYSE
EPE,EP Energy Corporation Class A ,NYSE
EPR,EPR Properties ,NYSE
EQC,Equity Commonwealth  of Beneficial Interest,NYSE
EQCO,Equity Commonwealth 5.75% Senior Notes due 2042,NYSE
EQM,EQT Midstream Partners,NYSE
EQR,Equity Residential  of Beneficial Interest,NYSE
EQS,Equus Total Return,NYSE
EQT,EQT Corporation ,NYSE
EQY,Equity One,NYSE
ERA,Era Group,NYSE
ERF,Enerplus Corporation ,NYSE
ERJ,Embraer S.A. ,NYSE
EROS,Eros International PLC A Ordinary Shares,NYSE
ESD,Western Asset Emerging Markets Debt Fund Inc ,NYSE
ESE,ESCO Technologies Inc. ,NYSE
ESI,ITT Educational Services,NYSE
ESL,Esterline Technologies Corporation ,NYSE
ESNT,Essent Group Ltd. ,NYSE
ESRT,Empire State Realty Trust,NYSE
ESS,Essex Property Trust,NYSE
ESV,Ensco plc Class A Ordinary Shares,NYSE
ETB,Eaton Vance Tax,NYSE
ETE,Energy Transfer Equity,NYSE
ETG,Eaton Vance Tax,NYSE
ETH,Ethan Allen Interiors Inc. ,NYSE
ETJ,Eaton Vance Risk,NYSE
ETM,Entercom Communications Corporation ,NYSE
ETN,Eaton Corporation,NYSE
ETO,Eaton Vance Tax,NYSE
ETP,Energy Transfer Partners,NYSE
ETR,Entergy Corporation ,NYSE
ETV,Eaton Vance Corporation Eaton Vance Tax,NYSE
ETW,Eaton Vance Corporation Eaton Vance Tax,NYSE
ETX,Eaton Vance Municipal Income Term Trust  of Beneficial Interest,NYSE
ETY,Eaton Vance Tax,NYSE
EV,Eaton Vance Corporation ,NYSE
EVC,Entravision Communications Corporation ,NYSE
EVDY,Everyday Health,NYSE
EVER,EverBank Financial Corp. ,NYSE
EVF,Eaton Vance Senior Income Trust ,NYSE
EVG,Eaton Vance Short Diversified Income Fund Eaton Vance Short Duration Diversified Income Fund  of Beneficial Interest,NYSE
EVGN,Evogene Ltd Ordinary shares (Israel),NYSE
EVHC,Envision Healthcare Holdings,NYSE
EVN,Eaton Vance Municipal Income Trust ,NYSE
EVR,Evercore Partners Inc Class A ,NYSE
EVT,Eaton Vance Tax Advantaged Dividend Income Fund  of Beneficial Interest,NYSE
EVTC,Evertec,NYSE
EW,Edwards Lifesciences Corporation ,NYSE
EXAM,ExamWorks Group,NYSE
EXAR,Exar Corporation ,NYSE
EXC,Exelon Corporation ,NYSE
EXCU,Exelon Corp. Conv Unit,NYSE
EXD,Eaton Vance Tax,NYSE
EXG,Eaton Vance Tax,NYSE
EXH,Exterran Holdings,NYSE
EXK,Endeavour Silver Corporation Ordinary Shares (Canada),NYSE
EXL,Excel Trust,NYSE
EXP,Eagle Materials Inc ,NYSE
EXPR,Express,NYSE
EXR,Extra Space Storage Inc ,NYSE
F,Ford Motor Company ,NYSE
FAC,First Acceptance Corporation,NYSE
FAF,First American Corporation (New) ,NYSE
FAM,First Trust/Aberdeen Global Opportunity Income Fund First Trust/Aberdeen Global Opportunity Income Fund  of Beneficial Interest,NYSE
FAV,First Trust Dividend and Income Fund  of Beneficial Interest,NYSE
FBC,Flagstar Bancorp,NYSE
FBHS,Fortune Brands Home & Security,NYSE
FBP,First BanCorp. New ,NYSE
FBR,Fibria Celulose S.A.,NYSE
FC,Franklin Covey Company ,NYSE
FCAM,Fiat Chrysler Automobiles N.V. Mandatory Convertible Securities,NYSE
FCAU,Fiat Chrysler Automobiles N.V. ,NYSE
FCB,FCB Financial Holdings,NYSE
FCF,First Commonwealth Financial Corporation ,NYSE
FCH,FelCor Lodging Trust Incorporated ,NYSE
FCN,FTI Consulting,NYSE
FCT,First Trust Senior Floating Rate Income Fund II  of Beneficial Interest,NYSE
FCX,Freeport,NYSE
FDI,Fort Dearborn Income Securities,NYSE
FDO,Family Dollar Stores,NYSE
FDP,Fresh Del Monte Produce,NYSE
FDS,FactSet Research Systems Inc. ,NYSE
FDX,FedEx Corporation ,NYSE
FE,FirstEnergy Corporation ,NYSE
FEI,First Trust MLP and Energy Income Fund  of Beneficial Interest,NYSE
FELP,Foresight Energy LP Common Units representing Limited Partner Interests,NYSE
FENG,Phoenix New Media Limited American Depositary Shares,NYSE
FEO,First Trust/Aberdeen Emerging Opportunity Fund  of Beneficial Interest,NYSE
FET,Forum Energy Technologies,NYSE
FF,FutureFuel Corp.  ,NYSE
FFA,First Trust Enhanced Equity Income Fund,NYSE
FFC,Flaherty & Crumrine Preferred Securities Income Fund Incorporated,NYSE
FFG,FBL Financial Group,NYSE
FGB,First Trust Specialty Finance and Financial Opportunities Fund,NYSE
FGL,Fidelity & Guaranty Life ,NYSE
FGP,Ferrellgas Partners,NYSE
FHN,First Horizon National Corporation ,NYSE
FHY,First Trust Strategic High Income Fund II First Trust Strategic High Income Fund II  of Beneficial Interest,NYSE
FI,Frank's International N.V. ,NYSE
FICO,Fair Isaac Corproation ,NYSE
FIF,First Trust Energy Infrastructure Fund  of Beneficial Interest,NYSE
FIG,Fortress Investment Group LLC Class A ,NYSE
FII,Federated Investors,NYSE
FIS,Fidelity National Information Services,NYSE
FIX,Comfort Systems USA,NYSE
FL,Foot Locker,NYSE
FLC,Flaherty & Crumrine Total Return Fund Inc ,NYSE
FLO,Flowers Foods,NYSE
FLR,Fluor Corporation ,NYSE
FLS,Flowserve Corporation ,NYSE
FLT,FleetCor Technologies,NYSE
FLTX,Fleetmatics Group PLC Ordinary Shares,NYSE
FLY,Fly Leasing Limited,NYSE
FMC,FMC Corporation ,NYSE
FMD,First Marblehead Corporation (The) ,NYSE
FMS,Fresenius Medical Care AG ,NYSE
FMSA,FMSA Holdings Inc. ,NYSE
FMX,Fomento Economico Mexicano S.A.B. de C.V. ,NYSE
FMY,First Trust Motgage Income Fund  of Beneficial Interest,NYSE
FN,Fabrinet Ordinary Shares,NYSE
FNB,F.N.B. Corporation ,NYSE
FNF,FNF Group of Fidelity National Financial,NYSE
FNFV,FNFV Group of Fidelity National Financial,NYSE
FNV,Franco,NYSE
FOE,Ferro Corporation ,NYSE
FOF,Cohen & Steers Closed,NYSE
FOR,Forestar Group Inc ,NYSE
FPF,First Trust Intermediate Duration Preferred & Income Fund  of Beneficial Interest,NYSE
FPL,First Trust New Opportunities MLP & Energy Fund  of Beneficial Interest,NYSE
FPO,First Potomac Realty Trust  of Beneficial Interest,NYSE
FPT,Federated Premier Intermediate Municipal Income Fund Federated Premier Intermediate Municipal Income Fund,NYSE
FR,First Industrial Realty Trust,NYSE
FRA,Blackrock Floating Rate Income Strategies Fund Inc  ,NYSE
FRC,FIRST REPUBLIC BANK ,NYSE
FRM,Furmanite Corporation ,NYSE
FRO,Frontline Ltd. Ordinary Shares,NYSE
FRT,Federal Realty Investment Trust ,NYSE
FSCE,Fifth Street Finance Corp. 5.875% Senior Notes due 2024,NYSE
FSD,First Trust High Income Long Short Fund  of Beneficial Interest,NYSE
FSIC,FS Investment Corporation ,NYSE
FSL,Freescale Semiconductor,NYSE
FSM,Fortuna Silver Mines Inc Ordinary Shares (Canada),NYSE
FSS,Federal Signal Corporation ,NYSE
FT,Franklin Universal Trust ,NYSE
FTI,FMC Technologies,NYSE
FTK,Flotek Industries,NYSE
FTT,Federated Enhanced Treasury Income Fund  of Beneficial Interest,NYSE
FUL,H. B. Fuller Company ,NYSE
FUN,Cedar Fair,NYSE
FUR,Winthrop Realty Trust New ,NYSE
FVE,Five Star Quality Care,NYSE
FXCM,FXCM Inc. Class A ,NYSE
G,Genpact Limited ,NYSE
GAB,Gabelli Equity Trust,NYSE
GAM,General American Investors,NYSE
GAS,AGL Resources,NYSE
GB,Greatbatch,NYSE
GBAB,Guggenheim Build America Bonds Managed Duration Trust  of Beneficial Interest,NYSE
GBL,Gamco Investors,NYSE
GBX,Greenbrier Companies,NYSE
GCA,Global Cash Access Holdings,NYSE
GCAP,GAIN Capital Holdings,NYSE
GCH,Aberdeen Greater China Fund,NYSE
GCI,Gannett Co.,NYSE
GCO,Genesco Inc. ,NYSE
GCV,Gabelli Convertible and Income Securities Fund,NYSE
GD,General Dynamics Corporation ,NYSE
GDF,Western Asset Global Partners Income Fund,NYSE
GDL,GDL Fund,NYSE
GDO,Western Asset Global Corporate Defined Opportunity Fund Inc. Western Asset Global Corporate Defined Opportunity Fund Inc.,NYSE
GDOT,Green Dot Corporation Class A ,NYSE
GDP,Goodrich Petroleum Corporation ,NYSE
GDV,Gabelli Dividend & Income Trust  of Beneficial Interest,NYSE
GE,General Electric Company ,NYSE
GEF,Greif Inc. Class A ,NYSE
GEF.B,Greif,NYSE
GEL,Genesis Energy,NYSE
GEO,Geo Group Inc (The) REIT,NYSE
GEQ,Guggenheim Equal Weight Enhanced Equity Income Fund  of Beneficial Interest,NYSE
GER,Goldman Sachs MLP Energy Renaissance Fund,NYSE
GES,Guess?,NYSE
GF,New Germany Fund,NYSE
GFA,Gafisa SA Gafisa S.A. American Depositary Shares,NYSE
GFF,Griffon Corporation ,NYSE
GFI,Gold Fields Limited American Depositary Shares,NYSE
GFIG,GFI Group Inc. ,NYSE
GFY,Western Asset Variable Rate Strategic Fund Inc. ,NYSE
GG,Goldcorp Inc. ,NYSE
GGB,Gerdau S.A. ,NYSE
GGE,Guggenheim Enhanced Equity Strategy Fund,NYSE
GGG,Graco Inc. ,NYSE
GGM,Guggenheim Credit Allocation Fund  of Beneficial Interest,NYSE
GGP,General Growth Properties,NYSE
GHC,Graham Holdings Company ,NYSE
GHI,Global High Income Fund,NYSE
GHL,Greenhill & Co.,NYSE
GHM,Graham Corporation ,NYSE
GHY,Prudential Global Short Duration High Yield Fund,NYSE
GIB,CGI Group,NYSE
GIL,Gildan Activewear,NYSE
GIM,Templeton Global Income Fund,NYSE
GIMO,Gigamon Inc. ,NYSE
GIS,General Mills,NYSE
GLF,GulfMark Offshore,NYSE
GLOB,Globant S.A. ,NYSE
GLOG,GasLog Ltd. ,NYSE
GLOP,GasLog Partners LP Common Units representing limited partnership interests,NYSE
GLP,Global Partners LP Global Partners LP Common Units representing Limited Partner Interests,NYSE
GLPW,Global Power Equipment Group Inc ,NYSE
GLT,Glatfelter ,NYSE
GLW,Corning Incorporated ,NYSE
GM,General Motors Company ,NYSE
GME,Gamestop Corporation ,NYSE
GMED,Globus Medical,NYSE
GMK,GRUMA,NYSE
GMT,GATX Corporation ,NYSE
GMZ,Goldman Sachs MLP Income Opportunities Fund,NYSE
GNC,GNC Holdings,NYSE
GNE,Genie Energy Ltd. Class B  Stock,NYSE
GNI,Great Northern Iron Ore Properties ,NYSE
GNRC,Generac Holdlings Inc. ,NYSE
GNT,GAMCO Natural Resources,NYSE
GNW,Genworth Financial Inc ,NYSE
GOF,Guggenheim Strategic Opportunities Fund  of Beneficial Interest,NYSE
GOL,Gol Linhas Aereas Inteligentes S.A. Sponsored ADR representing Pfd Shares,NYSE
GOV,Government Properties Income Trust  of Beneficial Interest,NYSE
GPC,Genuine Parts Company ,NYSE
GPI,Group 1 Automotive,NYSE
GPK,Graphic Packaging Holding Company,NYSE
GPM,Guggenheim Enhanced Equity Income Fund,NYSE
GPN,Global Payments Inc. ,NYSE
GPRK,Geopark Ltd ,NYSE
GPS,Gap,NYSE
GPT,Gramercy Property Trust Inc. ,NYSE
GPX,GP Strategies Corporation ,NYSE
GRA,W.R. Grace & Co. ,NYSE
GRAM,Grana y Montero S.A.A. American Depositary Shares,NYSE
GRO,Agria Corporation American Depositary Shares,NYSE
GRR,Asia Tigers Fund,NYSE
GRT,Glimcher Realty Trust ,NYSE
GS,Goldman Sachs Group,NYSE
GSF,Goldman Sachs Group,NYSE
GSH,Guangshen Railway Company Limited ,NYSE
GSI,General Steel Holdings,NYSE
GSJ,Goldman Sachs Group,NYSE
GSK,GlaxoSmithKline PLC ,NYSE
GSL,Global Ship Lease Inc New Class A ,NYSE
GTI,GrafTech International Ltd (Holding Co.) ,NYSE
GTN,Gray Communications Systems,NYSE
GTS,Triple,NYSE
GTT,GTT Communications,NYSE
GTY,Getty Realty Corporation ,NYSE
GUA,Gulf Power Company Series 2011A 5.75% Senior Notes due June 1,NYSE
GUT,Gabelli Utility Trust (The) ,NYSE
GVA,Granite Construction Incorporated ,NYSE
GWB,Great Western Bancorp,NYSE
GWR,Genesee & Wyoming Inc. Class A ,NYSE
GWRE,Guidewire Software,NYSE
GWRU,Genesee & Wyoming,NYSE
GXP,Great Plains Energy Incorporated ,NYSE
GY,GenCorp Inc. ,NYSE
GYB,CABCO Series 2004,NYSE
GYC,Corporate Asset Backed Corp CABCO Corporate Asset Backed Corporation CABCO Series 2004,NYSE
GZT,Gazit,NYSE
H,Hyatt Hotels Corporation Class A ,NYSE
HAE,Haemonetics Corporation ,NYSE
HAL,Halliburton Company ,NYSE
HAR,Harman International Industries,NYSE
HASI,Hannon Armstrong Sustainable Infrastructure Capital,NYSE
HBI,Hanesbrands Inc. ,NYSE
HBM,Hudbay Minerals Inc Ordinary Shares (Canada),NYSE
HCA,HCA Holdings,NYSE
HCC,HCC Insurance Holdings,NYSE
HCI,HCI Group,NYSE
HCJ,HCI Group,NYSE
HCLP,Hi,NYSE
HCN,Health Care REIT,NYSE
HCP,HCP,NYSE
HD,Home Depot,NYSE
HDB,HDFC Bank Limited ,NYSE
HDY,HyperDynamics Corporation ,NYSE
HE,Hawaiian Electric Industries,NYSE
HEI,Heico Corporation ,NYSE
HELI,CHC Group Ltd. Ordinary Shares,NYSE
HEP,Holly Energy Partners,NYSE
HEQ,John Hancock Hedged Equity & Income Fund  of Beneficial Interest,NYSE
HES,Hess Corporation ,NYSE
HF,HFF,NYSE
HFC,HollyFrontier Corporation ,NYSE
HGG,HHGregg,NYSE
HGH,Hartford Financial Services Group,NYSE
HGR,Hanger,NYSE
HGT,Hugoton Royalty Trust ,NYSE
HHC,Howard Hughes Corporation (The) ,NYSE
HHS,Harte,NYSE
HHY,Brookfield High Income Fund Inc.,NYSE
HI,Hillenbrand Inc ,NYSE
HIE,Miller/Howard High Income Equity Fund  of Beneficial Interest,NYSE
HIG,Hartford Financial Services Group,NYSE
HII,Huntington Ingalls Industries,NYSE
HIL,Hill International,NYSE
HIO,Western Asset High Income Opportunity Fund,NYSE
HIVE,Aerohive Networks,NYSE
HIW,Highwoods Properties,NYSE
HIX,Western Asset High Income Fund II Inc. ,NYSE
HK,Halcon Resources Corporation ,NYSE
HL,Hecla Mining Company ,NYSE
HLF,Herbalife Ltd. ,NYSE
HLS,HealthSouth Corporation ,NYSE
HLT,Hilton Worldwide Holdings Inc. ,NYSE
HLX,Helix Energy Solutions Group,NYSE
HMC,Honda Motor Company,NYSE
HME,Home Properties,NYSE
HMLP,Hoegh LNG Partners LP Common Units representing Limited Partner Interests,NYSE
HMN,Horace Mann Educators Corporation ,NYSE
HMY,Harmony Gold Mining Company Limited,NYSE
HNI,HNI Corporation ,NYSE
HNP,Huaneng Power Intl ,NYSE
HNR,Harvest Natural Resources Inc,NYSE
HNT,Health Net Inc. ,NYSE
HOG,Harley,NYSE
HON,Honeywell International Inc. ,NYSE
HOS,Hornbeck Offshore Services ,NYSE
HOT,Starwood Hotels & Resorts Worldwide,NYSE
HOV,Hovnanian Enterprises,NYSE
HP,Helmerich & Payne,NYSE
HPF,John Hancock Pfd Income Fund II Pfd Income Fund II,NYSE
HPI,John Hancock Preferred Income Fund  of Beneficial Interest,NYSE
HPP,Hudson Pacific Properties,NYSE
HPQ,Hewlett,NYSE
HPS,John Hancock Preferred Income Fund III Preferred Income Fund III,NYSE
HPT,Hospitality Properites Trust ,NYSE
HPY,Heartland Payment Systems,NYSE
HQH,Tekla Healthcare Investors ,NYSE
HQL,TeklaLife Sciences Investors ,NYSE
HR,Healthcare Realty Trust Incorporated ,NYSE
HRB,H&R Block,NYSE
HRC,Hill,NYSE
HRG,Harbinger Group Inc ,NYSE
HRL,Hormel Foods Corporation ,NYSE
HRS,Harris Corporation ,NYSE
HRTG,Heritage Insurance Holdings,NYSE
HSBC,HSBC Holdings,NYSE
HSC,Harsco Corporation ,NYSE
HSEA,HSBC Holdings,NYSE
HSP,Hospira Inc,NYSE
HST,Host Hotels & Resorts,NYSE
HSY,The Hershey Company ,NYSE
HT,Hersha Hospitality Trust Class A  of Beneficial Interest,NYSE
HTA,Healthcare Trust of America,NYSE
HTD,John Hancock Tax Advantaged Dividend Income Fund  of Beneficial Interest,NYSE
HTF,Horizon Technology Finance Corporation 7.375% Senior Notes due 2019,NYSE
HTGC,Hercules Technology Growth Capital,NYSE
HTH,Hilltop Holdings Inc.,NYSE
HTR,Brookfield Total Return Fund Inc. (The) ,NYSE
HTS,Hatteras Financial Corp Hatteras Financial Corp  ,NYSE
HTY,John Hancock Tax,NYSE
HTZ,Hertz Global Holdings,NYSE
HUBS,HubSpot,NYSE
HUM,Humana Inc. ,NYSE
HUN,Huntsman Corporation ,NYSE
HVB,Hudson Valley Holding Corp. ,NYSE
HVT,Haverty Furniture Companies,NYSE
HW,Headwaters Incorporated ,NYSE
HXL,Hexcel Corporation ,NYSE
HY,Hyster,NYSE
HYB,New America High Income Fund,NYSE
HYF,Managed High Yield Plus Fund,NYSE
HYH,Halyard Health,NYSE
HYI,Western Asset High Yield Defined Opportunity Fund Inc. ,NYSE
HYT,Blackrock Corporate High Yield Fund,NYSE
HZO,MarineMax,NYSE
I,Intelsat S.A. ,NYSE
IAE,Voya Asia Pacific High Dividend Equity Income Fund ING Asia Pacific High Dividend Equity Income Fund  of Beneficial Interest,NYSE
IAG,Iamgold Corporation Ordinary Shares,NYSE
IBA,Industrias Bachoco,NYSE
IBM,International Business Machines Corporation ,NYSE
IBN,ICICI Bank Limited ,NYSE
IBP,Installed Building Products,NYSE
ICA,Empresas Ica Soc Contrladora ,NYSE
ICB,MS Income Securities,NYSE
ICD,Independence Contract Drilling,NYSE
ICE,Intercontinental Exchange Inc. ,NYSE
ICL,Israel Chemicals Limited Ordinary Shares,NYSE
IDA,IDACORP,NYSE
IDE,Voya Infrastructure,NYSE
IDG,ING GROEP N V PREF CTF 7.3750% Perp Hybrid Cap Secs (Netherlands),NYSE
IDT,IDT Corporation Class B ,NYSE
IEH,Integrys Energy Group 6.00% Junior Subordinated Notes Due 2073,NYSE
IEX,IDEX Corporation ,NYSE
IFF,Internationa Flavors & Fragrances,NYSE
IFN,India Fund,NYSE
IFT,Imperial Holdings,NYSE
IGA,Voya Global Advantage and Premium Opportunity Fund  of Beneficial Interest,NYSE
IGD,Voya Global Equity Dividend and Premium Opportunity Fund,NYSE
IGI,Western Asset Investment Grade Defined Opportunity Trust Inc. ,NYSE
IGR,CBRE Clarion Global Real Estate Income Fund ,NYSE
IGT,International Game Technology ,NYSE
IHC,Independence Holding Company ,NYSE
IHD,Voya Emerging Markets High Income Dividend Equity Fund ,NYSE
IHG,Intercontinental Hotels Group American Depositary Shares (Each representing one Ordinary Share),NYSE
IHS,IHS Inc. IHS Inc. Class A ,NYSE
IID,Voya International High Dividend Equity Income Fund  of Beneficial Interest,NYSE
IIF,Morgan Stanley India Investment Fund,NYSE
IIM,Invesco Value Municipal Income Trust ,NYSE
IL,IntraLinks Holdings,NYSE
IM,Ingram Micro Inc. ,NYSE
IMAX,Imax Corporation ,NYSE
IMN,Imation Corporation ,NYSE
IMPR,Imprivata,NYSE
IMPV,Imperva,NYSE
IMS,IMS Health Holdings,NYSE
INB,Cohen & Steers Global Income Builder,NYSE
IND,ING Group,NYSE
INF,Brookfield Global Listed Infrastructure Income Fund Closed End Fund,NYSE
INFY,Infosys Limited American Depositary Shares,NYSE
ING,ING Group,NYSE
INGR,Ingredion Incorporated ,NYSE
INN,Summit Hotel Properties,NYSE
INT,World Fuel Services Corporation ,NYSE
INVN,InvenSense,NYSE
INXN,InterXion Holding N.V. Ordinary Shares (0.01 nominal value),NYSE
INZ,Ing Groep NV Perpetual Debt Securities,NYSE
IO,Ion Geophysical Corporation ,NYSE
IOC,InterOil Corporation,NYSE
IP,International Paper Company ,NYSE
IPG,Interpublic Group of Companies,NYSE
IPHI,Inphi Corporation  $0.001 par value,NYSE
IPI,Intrepid Potash,NYSE
IPL$D,Interstate Power & Light Company Perp Prd Ser D,NYSE
IQI,Invesco Quality Municipal Income Trust ,NYSE
IR,Ingersoll,NYSE
IRC,Inland Real Estate Corporation ,NYSE
IRE,Governor and Company of the Bank of Ireland (The) ,NYSE
IRET,Investors Real Estate Trust Shares of Beneficial Interest,NYSE
IRF,International Rectifier Corporation ,NYSE
IRL,New Ireland Fund,NYSE
IRM,Iron Mountain Incorporated (Delaware),NYSE
IRR,Voya Natural Resources Equity Income Fund  of Beneficial Interest,NYSE
IRS,IRSA Inversiones Y Representaciones S.A. ,NYSE
ISD,Prudential Short Duration High Yield Fund,NYSE
ISF,ING Group,NYSE
ISG,ING Group,NYSE
ISH,International Shipholding Corporation ,NYSE
IT,Gartner,NYSE
ITC,ITC Holdings Corp. ,NYSE
ITG,Investment Technology Group,NYSE
ITT,ITT Corporation  New,NYSE
ITUB,Itau Unibanco Banco Holding SA American Depositary Shares (Each repstg 500 Preferred shares),NYSE
ITW,Illinois Tool Works Inc. ,NYSE
IVC,Invacare Corporation ,NYSE
IVH,Ivy High Income Opportunities Fund  of Beneficial Interest,NYSE
IVR,INVESCO MORTGAGE CAPITAL INC ,NYSE
IVZ,Invesco Plc New ,NYSE
IX,Orix Corp Ads ,NYSE
JAH,Jarden Corporation ,NYSE
JBK,Lehman ABS 3.50 3.50% Adjustable Corp Backed Tr Certs GS Cap I,NYSE
JBL,Jabil Circuit,NYSE
JBT,John Bean Technologies Corporation ,NYSE
JCE,Nuveen Core Equity Alpha Fund Nuveen Core Equity Alpha Fund  of Beneficial Interest,NYSE
JCI,Johnson Controls,NYSE
JCP,J.C. Penney Company,NYSE
JDD,Nuveen Diversified Dividend and Income Fund Shares of Beneficial Interest,NYSE
JE,Just Energy Group,NYSE
JEC,Jacobs Engineering Group Inc. ,NYSE
JEQ,Aberdeen Japan Equity Fund,NYSE
JFC,JPMorgan China Region  Fund,NYSE
JFR,Nuveen Floating Rate Income Fund ,NYSE
JGH,Nuveen Global High Income Fund  of Beneficial Interest,NYSE
JGV,Nuveen Global Equity Income Fund,NYSE
JGW,J.G. Wentworth Company (The) Class A ,NYSE
JHI,John Hancock Investors Trust ,NYSE
JHP,Nuveen Quality Preferred Income Fund 3 Preferred Income 3,NYSE
JHS,John Hancock Income Securities Trust ,NYSE
JHX,James Hardie Industries plc American Depositary Shares (Ireland),NYSE
JKS,JinkoSolar Holding Company Limited American Depositary Shares (each representing 4 ),NYSE
JLL,Jones Lang LaSalle Incorporated ,NYSE
JLS,Nuveen Mortgage Opportunity Term Fund Nuveen Mortgage Opportunity Term Fund,NYSE
JMEI,Jumei International Holding Limited American Depositary Shares,NYSE
JMF,Nuveen Energy MLP Total Return Fund  of Beneficial Interest,NYSE
JMI,Javelin Mortgage Investment Corp. ,NYSE
JMLP,Nuveen All Cap Energy MLP Opportunities Fund  of Beneficial Interest,NYSE
JMM,Nuveen Multi,NYSE
JMP,JMP Group LLC ,NYSE
JNJ,Johnson & Johnson ,NYSE
JNPR,Juniper Networks,NYSE
JNS,Janus Capital Group,NYSE
JOE,St. Joe Company (The) ,NYSE
JOF,Japan Smaller Capitalization Fund Inc ,NYSE
JONE,Jones Energy,NYSE
JOY,Joy Global Inc. ,NYSE
JPC,Nuveen  Preferred Income Opportunities Fund,NYSE
JPEP,JP Energy Partners LP Common units representing limited partner interests,NYSE
JPI,Nuveen Preferred and Income Term Fund  of Beneficial Interest,NYSE
JPM,JP Morgan Chase & Co. ,NYSE
JPS,Nuveen Quality Preferred Income Fund 2 Shares of Beneficial Interest,NYSE
JPW,Nuveen Flexible Investment Income Fund  of Beneficial Interest,NYSE
JQC,Nuveen Credit Strategies Income Fund Shares of Beneficial Interest,NYSE
JRI,Nuveen Real Asset Income and Growth Fund  of Beneficial Interest,NYSE
JRN,Journal Communications,NYSE
JWN,Nordstrom,NYSE
K,Kellogg Company ,NYSE
KAI,Kadant Inc ,NYSE
KAMN,Kaman Corporation ,NYSE
KAP,KCAP Financial,NYSE
KAR,KAR Auction Services,NYSE
KATE,Kate Spade & Company ,NYSE
KB,KB Financial Group Inc,NYSE
KBH,KB Home ,NYSE
KBR,KBR,NYSE
KCC,Structured Products Corp. 8.20% Corporate Backed Trust Securities (CorTS)Issued by Provident Financial Trust I,NYSE
KCG,KCG Holdings,NYSE
KED,Kayne Anderson Energy Development Company ,NYSE
KEF,Korea Equity Fund,NYSE
KEG,Key Energy Services,NYSE
KEM,Kemet Corporation New ,NYSE
KEP,Korea Electric Power Corporation ,NYSE
KEX,Kirby Corporation ,NYSE
KEY,KeyCorp ,NYSE
KEYS,Keysight Technologies Inc. ,NYSE
KF,Korea Fund,NYSE
KFH,KKR Financial Holdings LLC 8.375% Senior Notes due 2041,NYSE
KFI,KKR Financial Holdings LLC 7.50% Senior Notes due 2042,NYSE
KFS,Kingsway Financial Services,NYSE
KFY,Korn/Ferry International ,NYSE
KGC,Kinross Gold Corporation ,NYSE
KHI,Deutsche High Income Trust Shares of Beneficial Interest,NYSE
KIM,Kimco Realty Corporation ,NYSE
KING,King Digital Entertainment plc Ordinary Share,NYSE
KIO,KKR Income Opportunities Fund ,NYSE
KKD,Krispy Kreme Doughnuts,NYSE
KKR,KKR & Co. L.P. Common Units Representing Limited Partnership Interest,NYSE
KMB,Kimberly,NYSE
KMF,Kayne Anderson Midstream Energy Fund,NYSE
KMG,KMG Chemicals,NYSE
KMI,Kinder Morgan,NYSE
KMM,Deutsche  Multi,NYSE
KMPA,Kemper Corporation 7.375% Subordinated Debentures due 2054,NYSE
KMPR,Kemper Corporation,NYSE
KMT,Kennametal Inc. ,NYSE
KMX,CarMax Inc,NYSE
KN,Knowles Corporation ,NYSE
KND,Kindred Healthcare,NYSE
KNL,Knoll,NYSE
KNM,Konami Corporation American Depositary Shares (Each repstg one share of ),NYSE
KNOP,KNOT Offshore Partners LP Common Units representing Limited Partner Interests,NYSE
KNX,Knight Transportation,NYSE
KO,Coca,NYSE
KODK,Eastman Kodak Company Common New,NYSE
KOF,Coca Cola Femsa S.A.B. de C.V.  ,NYSE
KOP,Koppers Holdings Inc. Koppers Holdings Inc. ,NYSE
KORS,Michael Kors Holdings Limited Ordinary Shares,NYSE
KOS,Kosmos Energy Ltd. ,NYSE
KR,Kroger Company (The) ,NYSE
KRA,Kraton Performance Polymers,NYSE
KRC,Kilroy Realty Corporation ,NYSE
KRG,Kite Realty Group Trust ,NYSE
KRO,Kronos Worldwide Inc ,NYSE
KS,KapStone Paper and Packaging Corporation ,NYSE
KSM,Deutsche Strategic Municiple Income Trust  of Beneficial Interest,NYSE
KSS,Kohl's Corporation ,NYSE
KST,Deutsche Strategic Income Trust Shares of Beneficial Interest,NYSE
KSU,Kansas City Southern ,NYSE
KT,KT Corporation ,NYSE
KTF,Deutsche Municiple Income Trust ,NYSE
KTH,Structures Products Cp 8% CorTS Issued by Peco Energy Cap Tr II Preferred Stock,NYSE
KTN,Structured Products Corp 8.205% CorTS 8.205% Corporate Backed Trust Securities (CorTS),NYSE
KTP,Corts 7.625 Pfd ,NYSE
KW,Kennedy,NYSE
KWN,Kennedy,NYSE
KWR,Quaker Chemical Corporation ,NYSE
KYE,Kayne Anderson Total Energy Return Fund,NYSE
KYN,Kayne Anderson MLP Investment Company ,NYSE
KYO,Kyocera Corporation ,NYSE
L,Loews Corporation ,NYSE
LAD,Lithia Motors,NYSE
LADR,Ladder Capital Corp Class A ,NYSE
LAS,Lentuo International Inc. American Depositary Shares,NYSE
LAZ,Lazard LTD. Lazard,NYSE
LB,L Brands,NYSE
LC,LendingClub Corporation ,NYSE
LCI,Lannett Co Inc ,NYSE
LDF,Latin American Discovery Fund,NYSE
LDL,Lydall,NYSE
LDOS,Leidos Holdings,NYSE
LDR,Landauer,NYSE
LEA,Lear Corporation ,NYSE
LEAF,Springleaf Holdings,NYSE
LEE,Lee Enterprises,NYSE
LEG,Leggett & Platt,NYSE
LEJU,Leju Holdings Limited American Depositary Shares,NYSE
LEN,Lennar Corporation Class A ,NYSE
LEO,Dreyfus Strategic Municipals,NYSE
LEU,Centrus Energy Corp. Class A ,NYSE
LF,Leapfrog Enterprises Inc ,NYSE
LFC,China Life Insurance Company Limited American Depositary Shares,NYSE
LFL,LATAM Airlines Group S.A.,NYSE
LG,Laclede Gas Company ,NYSE
LGF,Lions Gate Entertainment Corporation ,NYSE
LGI,Lazard Global Total Return and Income Fund ,NYSE
LH,Laboratory Corporation of America Holdings ,NYSE
LHO,LaSalle Hotel Properties ,NYSE
LII,Lennox International,NYSE
LITB,LightInTheBox Holding Co.,NYSE
LL,Lumber Liquidators Holdings,NYSE
LLL,L,NYSE
LLY,Eli Lilly and Company ,NYSE
LM,Legg Mason,NYSE
LMT,Lockheed Martin Corporation ,NYSE
LNC,Lincoln National Corporation ,NYSE
LND,Brasilagro Brazilian Agric Real Estate Co Sponsored ADR (Brazil),NYSE
LNKD,LinkedIn Corporation Class A ,NYSE
LNN,Lindsay Corporation ,NYSE
LNT,Alliant Energy Corporation ,NYSE
LO,Lorillard,NYSE
LOCK,LifeLock,NYSE
LOR,Lazard World Dividend & Income Fund,NYSE
LOW,Lowe's Companies,NYSE
LPG,Dorian LPG Ltd. ,NYSE
LPI,Laredo Petroleum,NYSE
LPL,LG Display Co,NYSE
LPT,Liberty Property Trust,NYSE
LPX,Louisiana,NYSE
LQ,La Quinta Holdings Inc. ,NYSE
LRE,LRR Energy,NYSE
LRN,K12 Inc ,NYSE
LTC,LTC Properties,NYSE
LTM,Life Time Fitness ,NYSE
LUB,Luby's,NYSE
LUK,Leucadia National Corporation ,NYSE
LUV,Southwest Airlines Company ,NYSE
LUX,Luxottica Group,NYSE
LVLT,Level 3 Communications,NYSE
LVS,Las Vegas Sands Corp. ,NYSE
LXFR,Luxfer Holdings PLC American Depositary Shares (each representing one,NYSE
LXFT,Luxoft Holding,NYSE
LXK,Lexmark International,NYSE
LXP,Lexington Realty Trust ,NYSE
LXU,LSB Industries,NYSE
LYB,LyondellBasell Industries NV Ordinary Shares Class A (Netherlands),NYSE
LYG,Lloyds Banking Group Plc American Depositary Shares,NYSE
LYV,Live Nation Entertainment,NYSE
LZB,La,NYSE
M,Macy's Inc ,NYSE
MA,Mastercard Incorporated ,NYSE
MAA,Mid,NYSE
MAC,Macerich Company (The) ,NYSE
MAIN,Main Street Capital Corporation ,NYSE
MAN,ManpowerGroup ,NYSE
MANU,Manchester United Ltd. Class A Ordinary Shares,NYSE
MAS,Masco Corporation ,NYSE
MATX,Matson,NYSE
MAV,Pioneer Municipal High Income Advantage Trust  of Beneficial Interest,NYSE
MBI,MBIA Inc. ,NYSE
MBLY,Mobileye N.V. Ordinary Shares,NYSE
MBT,Mobile TeleSystems OJSC,NYSE
MC,Moelis & Company Class A ,NYSE
MCA,Blackrock MuniYield California Quality Fund,NYSE
MCC,Medley Capital Corporation ,NYSE
MCD,McDonald's Corporation ,NYSE
MCI,Babson Capital Corporate Investors ,NYSE
MCK,McKesson Corporation ,NYSE
MCN,Madison Covered Call & Equity Strategy Fund ,NYSE
MCO,Moody's Corporation ,NYSE
MCP,Molycorp,NYSE
MCQ,Medley Capital Corporation 7.125% Senior Notes due 2019,NYSE
MCR,MFS Charter Income Trust ,NYSE
MCS,Marcus Corporation (The) ,NYSE
MCV,Medley Capital Corporation 6.125% Senior Notes due 2023,NYSE
MCY,Mercury General Corporation ,NYSE
MD,Mednax,NYSE
MDC,M.D.C. Holdings,NYSE
MDLY,Medley Management Inc. Class A ,NYSE
MDP,Meredith Corporation ,NYSE
MDR,McDermott International,NYSE
MDT,Medtronic Inc. ,NYSE
MDU,MDU Resources Group,NYSE
MED,MEDIFAST INC ,NYSE
MEG,Media General,NYSE
MEI,Methode Electronics,NYSE
MEN,Blackrock MuniEnhanced Fund,NYSE
MEP,Midcoast Energy Partners,NYSE
MET,MetLife,NYSE
MFC,Manulife Financial Corporation ,NYSE
MFD,Macquarie/First Trust Global ,NYSE
MFG,Mizuho Financial Group,NYSE
MFL,Blackrock MuniHoldings Investment Quality Fund  of Beneficial Interest,NYSE
MFM,MFS Municipal Income Trust ,NYSE
MFO,MFA Financial,NYSE
MFT,Blackrock MuniYield Investment Quality Fund  of Beneficial Interest,NYSE
MFV,MFS Special Value Trust ,NYSE
MG,Mistras Group Inc ,NYSE
MGA,Magna International,NYSE
MGF,MFS Government Markets Income Trust ,NYSE
MGM,MGM Resorts International ,NYSE
MGR,Affiliated Managers Group,NYSE
MGU,Macquarie Global Infrastructure Total Return Fund Inc. ,NYSE
MH$A,Maiden Holdings,NYSE
MHD,Blackrock MuniHoldings Fund,NYSE
MHF,Western Asset Municipal High Income Fund,NYSE
MHFI,McGraw Hill Financial,NYSE
MHG,Marine Harvest ASA Sponsored ADR (Norway),NYSE
MHI,Pioneer Municipal High Income Trust  of Beneficial Interest,NYSE
MHK,Mohawk Industries,NYSE
MHN,Blackrock MuniHoldings New York Quality Fund,NYSE
MHNA,Maiden Holdings North America Ltd. 8.25% Notes due 2041,NYSE
MHNB,Maiden Holdings North America,NYSE
MHNC,Maiden Holdings North America,NYSE
MHO,M/I Homes,NYSE
MHR,Magnum Hunter Resources Corporation,NYSE
MHY,Western Asset Managed High Income Fund,NYSE
MIC,Macquarie Infrastructure Company LLC (New) Shares representing one Limited Liability Interest,NYSE
MIE,Cohen & Steers MLP Income and Energy Opportunity Fund,NYSE
MIG,Meadowbrook Insurance Group,NYSE
MIL,MFC Industrial Ltd.,NYSE
MILL,Miller Energy Resourses,NYSE
MIN,MFS Intermediate Income Trust ,NYSE
MITT,AG Mortgage Investment Trust,NYSE
MIXT,MiX Telematics Limited American Depositary Shares,NYSE
MIY,Blackrock MuniYield Michigan Quality Fund,NYSE
MJI,Blackrock MuniYield New Jersey Quality Fund,NYSE
MJN,Mead Johnson Nutrition Company ,NYSE
MKC,McCormick & Company,NYSE
MKL,Markel Corporation ,NYSE
MLI,Mueller Industries,NYSE
MLM,Martin Marietta Materials,NYSE
MLP,Maui Land & Pineapple Company,NYSE
MLR,Miller Industries,NYSE
MM,Millennial Media,NYSE
MMC,Marsh & McLennan Companies,NYSE
MMD,MainStay DefinedTerm Municipal Opportunities Fund  of Beneficial Interest,NYSE
MMI,Marcus & Millichap,NYSE
MMM,3M Company ,NYSE
MMP,Magellan Midstream Partners L.P. Limited Partnership,NYSE
MMS,Maximus,NYSE
MMT,MFS Multimarket Income Trust ,NYSE
MMU,Western Asset Managed Municipals Fund,NYSE
MN,Manning & Napier,NYSE
MNE,Blackrock Muni New York Intermediate Duration Fund Inc ,NYSE
MNI,McClatchy Company (The) ,NYSE
MNK,Mallinckrodt plc Ordinary Shares,NYSE
MNP,Western Asset Municipal Partners Fund,NYSE
MNR,Monmouth Real Estate Investment Corporation Class A ,NYSE
MO,Altria Group,NYSE
MOD,Modine Manufacturing Company ,NYSE
MODN,Model N,NYSE
MOH,Molina Healthcare Inc ,NYSE
MON,Monsanto Company ,NYSE
MORE,Monogram Residential Trust,NYSE
MOS,Mosaic Company (The) ,NYSE
MOV,Movado Group Inc. ,NYSE
MPA,Blackrock MuniYield Pennsylvania Quality Fund ,NYSE
MPC,Marathon Petroleum Corporation ,NYSE
MPG,Metaldyne Performance Group Inc. ,NYSE
MPLX,MPLX LP Common Units Representing Limited Partner Interests,NYSE
MPO,Midstates Petroleum Company,NYSE
MPV,Babson Capital Participation Investors ,NYSE
MPW,Medical Properties Trust,NYSE
MPX,Marine Products Corporation ,NYSE
MQT,Blackrock MuniYield Quality Fund II,NYSE
MQY,Blackrock MuniYield Quality Fund,NYSE
MR,Mindray Medical International Limited Sponsored ADR representing Class A shares (China),NYSE
MRC,MRC Global Inc. ,NYSE
MRH,Montpelier Re Holdings Ltd.,NYSE
MRH$A,Montpelier RE Holdings Ltd Non Cumulative Series A Preferred Shares (Bermuda),NYSE
MRIN,Marin Software Incorporated ,NYSE
MRK,Merck & Company,NYSE
MRO,Marathon Oil Corporation ,NYSE
MS,Morgan Stanley ,NYSE
MSA,MSA Safety Incorporated ,NYSE
MSB,Mesabi Trust ,NYSE
MSCA,Main Street Capital Corporation 6.125% Senior Notes due 2023,NYSE
MSCI,MSCI Inc ,NYSE
MSD,Morgan Stanley Emerging Markets Debt Fund,NYSE
MSF,Morgan Stanley Emerging Markets Fund,NYSE
MSI,Motorola Solutions,NYSE
MSJ,Morgan Stanley Cap Trust VI Cap Securities,NYSE
MSK,Morgan Stanley Cap TR VIII GDT Cap Securities,NYSE
MSL,MidSouth Bancorp ,NYSE
MSM,MSC Industrial Direct Company,NYSE
MSO,Martha Stewart Living Omnimedia,NYSE
MSP,Madison Strategic Sector Premium Fund Madison Strategic Sector Premium Fund  of Beneficial Interest,NYSE
MSZ,Morgan Stanley Capital Trust VII Cap Secs,NYSE
MT,Arcelor Mittal NY Registry Shares NEW,NYSE
MTB,M&T Bank Corporation ,NYSE
MTD,Mettler,NYSE
MTDR,Matador Resources Company ,NYSE
MTG,MGIC Investment Corporation ,NYSE
MTH,Meritage Homes Corporation ,NYSE
MTL,Mechel OAO American Depositary Shares (Each rep. 1 ),NYSE
MTN,Vail Resorts,NYSE
MTOR,Meritor,NYSE
MTR,Mesa Royalty Trust ,NYSE
MTRN,Materion Corporation,NYSE
MTS,Montgomery Street Income Securities,NYSE
MTT,Western Asset Municipal Defined Opportunity Trust Inc ,NYSE
MTU,Mitsubishi UFJ Financial Group,NYSE
MTW,Manitowoc Company,NYSE
MTX,Minerals Technologies Inc. ,NYSE
MTZ,MasTec,NYSE
MUR,Murphy Oil Corporation ,NYSE
MUS,Blackrock MuniHoldings Quality Fund,NYSE
MUSA,Murphy USA Inc. ,NYSE
MUX,McEwen Mining Inc. ,NYSE
MVC,MVC Capital,NYSE
MVCB,MVC Capital 7.25% Senior Notes due 2023,NYSE
MVNR,Mavenir Systems,NYSE
MVO,MV Oil Trust Units of Beneficial Interests,NYSE
MVT,Blackrock MuniVest Fund II,NYSE
MW,Men's Wearhouse,NYSE
MWA,MUELLER WATER PRODUCTS ,NYSE
MWE,MarkWest Energy Partners,NYSE
MWV,Meadwestvaco Corporation ,NYSE
MWW,Monster Worldwide,NYSE
MX,MagnaChip Semiconductor Corporation Depositary Shares,NYSE
MXL,MaxLinear,NYSE
MY,China Ming Yang Wind Power Group Limited American Depositary Shares,NYSE
MYCC,ClubCorp Holdings,NYSE
MYD,Blackrock MuniYield Fund,NYSE
MYE,Myers Industries,NYSE
NADL,North Atlantic Drilling Ltd. ,NYSE
NAN,Nuveen New York Dividend Advantage Municipal Fund ,NYSE
NAO,Nordic Amern Offshore Ltd Ordinary Shares Reg S (Marshall Islands),NYSE
NAP,Navios Maritime Midstream Partners LP Common Units representing limited partner interests,NYSE
NAT,Nordic American Tankers Limited ,NYSE
NAV,Navistar International Corporation ,NYSE
NBG,Natl Bk Greece American Depositary Shares,NYSE
NBHC,National Bank Holdings Corporation ,NYSE
NBL,Noble Energy Inc. ,NYSE
NBR,Nabors Industries Ltd.,NYSE
NC,NACCO Industries,NYSE
NCFT,Norcraft Companies,NYSE
NCI,Navigant Consulting,NYSE
NCR,NCR Corporation ,NYSE
NCS,NCI Building Systems,NYSE
NCT,Newcastle Investment Corporation,NYSE
NCV,AllianzGI Convertible & Income Fund,NYSE
NCZ,AllianzGI Convertible & Income Fund II  of Beneficial Interest,NYSE
NDP,Tortoise Energy Independence Fund,NYSE
NDRO,Enduro Royalty Trust Trust Units representing beneficial interest in the trust,NYSE
NE,Noble Corporation Ordinary Shares (UK),NYSE
NEA,Nuveen AMT,NYSE
NEE,NextEra Energy,NYSE
NEFF,Neff Corporation ,NYSE
NEM,Newmont Mining Corporation,NYSE
NEP,NextEra Energy Partners,NYSE
NES,Nuverra Environmental Solutions,NYSE
NEU,NewMarket Corp ,NYSE
NEWM,New Media Investment Group Inc. ,NYSE
NEWR,New Relic,NYSE
NFG,National Fuel Gas Company ,NYSE
NFJ,AllianzGI NFJ Dividend,NYSE
NFX,Newfield Exploration Company ,NYSE
NGG,National Grid Transco,NYSE
NGL,NGL ENERGY PARTNERS LP Common Units representing Limited Partner Interests,NYSE
NGLS,Targa Resources Partners LP Common Units Representing Limited Partnership Interests,NYSE
NGS,Natural Gas Services Group,NYSE
NGVC,Natural Grocers by Vitamin Cottage,NYSE
NHF,NexPoint Credit Strategies Fund,NYSE
NHI,National Health Investors,NYSE
NI,NiSource Inc ,NYSE
NJ,Nidec Corporation (Nihon Densan Kabushiki Kaisha) American Depositary Shares,NYSE
NJR,NewJersey Resources Corporation ,NYSE
NKA,Niska Gas Storage Partners LLC Common Units Representing Limited Liability Company Interests,NYSE
NKE,Nike,NYSE
NL,NL Industries,NYSE
NLS,Nautilus,NYSE
NLSN,Nielsen N.V. ,NYSE
NLY,Annaly Capital Management Inc ,NYSE
NM,Navios Maritime Holdings Inc. ,NYSE
NMBL,Nimble Storage,NYSE
NMFC,New Mountain Finance Corporation ,NYSE
NMM,Navios Maritime Partners LP Common Units Representing Limited Partner Interests,NYSE
NMR,Nomura Holdings Inc ADR American Depositary Shares,NYSE
NNA,Navios Maritime Acquisition Corporation ,NYSE
NNI,Nelnet,NYSE
NNN,National Retail Properties ,NYSE
NOA,North American Energy Partners,NYSE
NOAH,Noah Holdings Limited,NYSE
NOC,Northrop Grumman Corporation ,NYSE
NOK,Nokia Corporation Sponsored American Depositary Shares,NYSE
NOR,Noranda Aluminum Holding Corporation ,NYSE
NORD,Nord Anglia Education,NYSE
NOV,National Oilwell Varco,NYSE
NOW,ServiceNow,NYSE
NP,Neenah Paper,NYSE
NPD,China Nepstar Chain Drugstore Ltd American Depositary Shares,NYSE
NPK,National Presto Industries,NYSE
NPO,Enpro Industries Inc,NYSE
NPTN,NeoPhotonics Corporation ,NYSE
NQ,NQ Mobile Inc. American Depositary Shares,NYSE
NR,Newpark Resources,NYSE
NRF,NorthStar Realty Finance Corp.  (New),NYSE
NRG,NRG Energy,NYSE
NRP,Natural Resource Partners LP Limited Partnership,NYSE
NRT,North European Oil Royality Trust ,NYSE
NRZ,New Residential Investment Corp. ,NYSE
NS,Nustar Energy L.P.  Common Units,NYSE
NSAM,NorthStar Asset Management Group,NYSE
NSC,Norfolk Southern Corporation ,NYSE
NSH,Nustar GP Holdings,NYSE
NSLP,New Source Energy Partners L.P. Common Units Representing Limited Partner Interests,NYSE
NSM,Nationstar Mortgage Holdings Inc. ,NYSE
NSP,Insperity,NYSE
NSR,Neustar,NYSE
NTG,Tortoise MLP Fund,NYSE
NTI,Northern Tier Energy LP Common Units representing Limited Partner Interests,NYSE
NTL,Nortel Inversora SA,NYSE
NTP,Nam Tai Property Inc. ,NYSE
NTT,Nippon Telegraph and Telephone Corporation ,NYSE
NTX,Nuveen Texas Quality Income Municipal Fund ,NYSE
NTZ,Natuzzi,NYSE
NU,Northeast Utilities ,NYSE
NUE,Nucor Corporation ,NYSE
NUS,Nu Skin Enterprises,NYSE
NVGS,Navigator Holdings Ltd. Ordinary Shares (Marshall Islands),NYSE
NVO,Novo Nordisk A/S ,NYSE
NVR,NVR,NYSE
NVRO,Nevro Corp. ,NYSE
NVS,Novartis AG ,NYSE
NWE,NorthWestern Corporation ,NYSE
NWHM,New Home Company Inc. (The) ,NYSE
NWL,Newell Rubbermaid Inc. ,NYSE
NWN,Northwest Natural Gas Company ,NYSE
NWY,New York & Company,NYSE
NX,Quanex Building Products Corporation ,NYSE
NYCB,New York Community Bancorp,NYSE
NYLD,NRG Yield,NYSE
NYRT,New York REIT,NYSE
NYT,New York Times Company (The) ,NYSE
O,Realty Income Corporation ,NYSE
OAK,Oaktree Capital Group,NYSE
OAKS,Five Oaks Investment Corp. ,NYSE
OAS,Oasis Petroleum Inc. ,NYSE
OB,OneBeacon Insurance Group,NYSE
OC,Owens Corning Inc  New,NYSE
OCIP,OCI Partners LP Common Units representing Limited Partner Interests,NYSE
OCIR,OCI Resources LP Common Units representing Limited Partner Interests,NYSE
OCN,Ocwen Financial Corporation NEW ,NYSE
OCR,Omnicare,NYSE
ODC,Oil,NYSE
OEC,Orion Engineered Carbons S.A ,NYSE
OFC,Corporate Office Properties Trust ,NYSE
OFG,OFG Bancorp ,NYSE
OGE,OGE Energy Corporation ,NYSE
OGS,ONE Gas,NYSE
OHI,Omega Healthcare Investors,NYSE
OI,Owens,NYSE
OIA,Invesco Municipal Income Opportunities Trust ,NYSE
OIBR,Oi S.A. American Depositary Shares ,NYSE
OII,Oceaneering International,NYSE
OILT,Oiltanking Partners,NYSE
OIS,Oil States International,NYSE
OKE,ONEOK,NYSE
OKS,ONEOK Partners,NYSE
OLN,Olin Corporation ,NYSE
OLP,One Liberty Properties,NYSE
OMAM,OM Asset Management plc Ordinary Shares,NYSE
OMC,Omnicom Group Inc. ,NYSE
OME,Omega Protein Corporation ,NYSE
OMG,OM Group,NYSE
OMI,Owens & Minor,NYSE
OMN,OMNOVA Solutions Inc. ,NYSE
ONDK,On Deck Capital,NYSE
ONE,Higher One Holdings,NYSE
OPK,OPKO Health Inc. ,NYSE
OPWR,Opower,NYSE
OPY,Oppenheimer Holdings,NYSE
ORA,Ormat Technologies,NYSE
ORAN,Orange,NYSE
ORB,Orbital Sciences Corporation ,NYSE
ORC,Orchid Island Capital,NYSE
ORCL,Oracle Corporation ,NYSE
ORI,Old Republic International Corporation ,NYSE
ORN,Orion Marine Group Inc Common,NYSE
OSK,Oshkosh Corporation (Holding Company),NYSE
OUBS,UBS AG ,NYSE
OUT,OUTFRONT Media Inc. ,NYSE
OWW,Orbitz Worldwide,NYSE
OXM,Oxford Industries,NYSE
OXY,Occidental Petroleum Corporation ,NYSE
OZM,Och,NYSE
P,Pandora Media,NYSE
PAA,Plains All American Pipeline,NYSE
PAC,Grupo Aeroportuario Del Pacifico,NYSE
PACD,Pacific Drilling S.A. ,NYSE
PAG,Penske Automotive Group,NYSE
PAGP,Plains Group Holdings,NYSE
PAH,Platform Specialty Products Corporation ,NYSE
PAI,Western Asset Income Fund ,NYSE
PAM,Pampa Energia S.A. Pampa Energia S.A.,NYSE
PANW,Palo Alto Networks,NYSE
PAR,PAR Technology Corporation ,NYSE
PAY,Verifone Systems,NYSE
PAYC,Paycom Software,NYSE
PB,Prosperity Bancshares,NYSE
PBA,Pembina Pipeline Corp. Ordinary Shares (Canada),NYSE
PBF,PBF Energy Inc. Class A ,NYSE
PBFX,PBF Logistics LP Common Units representing limited partner interests,NYSE
PBH,Prestige Brand Holdings,NYSE
PBI,Pitney Bowes Inc. ,NYSE
PBR,Petroleo Brasileiro S.A.,NYSE
PBT,Permian Basin Royalty Trust ,NYSE
PBY,Pep Boys,NYSE
PBYI,Puma Biotechnology Inc ,NYSE
PCF,Putnam High Income Securities Fund ,NYSE
PCG,Pacific Gas & Electric Co. ,NYSE
PCI,PIMCO Dynamic Credit Income Fund  of Beneficial Interest,NYSE
PCK,Pimco California Municipal Income Fund II  of Beneficial Interest,NYSE
PCL,Plum Creek Timber Company,NYSE
PCM,PCM Fund,NYSE
PCP,Precision Castparts Corporation ,NYSE
PDM,Piedmont Office Realty Trust,NYSE
PDS,Precision Drilling Corporation ,NYSE
PDT,John Hancock Premium Dividend Fund,NYSE
PE,Parsley Energy,NYSE
PEB,Pebblebrook Hotel Trust  of Beneficial Interest,NYSE
PEG,Public Service Enterprise Group Incorporated ,NYSE
PEI,Pennsylvania Real Estate Investment Trust ,NYSE
PEO,Petroleum Resources Corporation ,NYSE
PEP,Pepsico,NYSE
PER,SandRidge Permian Trust Common Units of Benficial Interest,NYSE
PES,Pioneer Energy Services Corp. Common Stk,NYSE
PF,Pinnacle Foods,NYSE
PFD,Flaherty & Crumrine Preferred Income Fund Incorporated ,NYSE
PFE,Pfizer,NYSE
PFG,Principal Financial Group Inc ,NYSE
PFK,Prudential Financial Inflation,NYSE
PFS,Provident Financial Services,NYSE
PFSI,PennyMac Financial Services,NYSE
PG,Procter & Gamble Company (The) ,NYSE
PGEM,Ply Gem Holdings,NYSE
PGH,Pengrowth Energy Corporation,NYSE
PGI,Premiere Global Services,NYSE
PGN,Paragon Offshore plc Ordinary Shares,NYSE
PGR,Progressive Corporation (The) ,NYSE
PGRE,Paramount Group,NYSE
PGZ,Principal Real Estate Income Fund  of Beneficial Interest,NYSE
PH,Parker,NYSE
PHD,Pioneer Floating Rate Trust Pioneer Floating Rate Trust Shares of Beneficial Interest,NYSE
PHG,Koninklijke Philips N.V. NY Registry Shares,NYSE
PHH,PHH Corp ,NYSE
PHI,Philippine Long Distance Telephone Company Sponsored ADR,NYSE
PHM,PulteGroup,NYSE
PHT,Pioneer High Income Trust  of Beneficial Interest,NYSE
PHX,Panhandle Oil and Gas Inc ,NYSE
PII,Polaris Industries Inc. ,NYSE
PIM,Putnam Master Intermediate Income Trust ,NYSE
PIR,Pier 1 Imports,NYSE
PIY,Preferred Plus Trust (Ser CZN) Preferred Plus Trust Ser CZN,NYSE
PJC,Piper Jaffray Companies ,NYSE
PJH,Prudential Financial,NYSE
PJS,PreferredPlus Trust Ser FAR 1 Tr Ctf,NYSE
PKD,Parker Drilling Company ,NYSE
PKE,Park Electrochemical Corporation ,NYSE
PKG,Packaging Corporation of America ,NYSE
PKI,PerkinElmer,NYSE
PKX,POSCO ,NYSE
PKY,Parkway Properties,NYSE
PL,Protective Life Corporation ,NYSE
PLD,ProLogis,NYSE
PLL,Pall Corporation ,NYSE
PLOW,Douglas Dynamics,NYSE
PLT,Plantronics,NYSE
PM,Philip Morris International Inc ,NYSE
PMC,Pharmerica Corporation ,NYSE
PMF,PIMCO Municipal Income Fund ,NYSE
PML,Pimco Municipal Income Fund II  of Beneficial Interest,NYSE
PMM,Putnam Managed Municipal Income Trust ,NYSE
PMO,Putnam Municipal Opportunities Trust ,NYSE
PMT,PennyMac Mortgage Investment Trust  of Beneficial Interest,NYSE
PMX,PIMCO Municipal Income Fund III  of Beneficial Interest,NYSE
PNC,PNC Financial Services Group,NYSE
PNF,PIMCO New York Municipal Income Fund ,NYSE
PNI,Pimco New York Municipal Income Fund II  of Beneficial Interest,NYSE
PNK,Pinnacle Entertainment,NYSE
PNM,PNM Resources,NYSE
PNR,Pentair plc. Ordinary Share,NYSE
PNTA,PennantPark Investment Corporation 6.25% Senior Notes due 2025,NYSE
PNW,Pinnacle West Capital Corporation ,NYSE
PNX,Phoenix Companies,NYSE
PNY,Piedmont Natural Gas Company,NYSE
POL,PolyOne Corporation ,NYSE
POM,PEPCO Holdings,NYSE
POR,Portland General Electric Co ,NYSE
POST,Post Holdings,NYSE
POT,Potash Corporation of Saskatchewan Inc. ,NYSE
POWR,PowerSecure International,NYSE
PPG,PPG Industries,NYSE
PPL,PP&L Corporation ,NYSE
PPO,Polypore International Inc ,NYSE
PPP,Primero Mining Corp.  New  (Canada),NYSE
PPR,Voya Prime Rate Trust Shares of Beneficial Interest,NYSE
PPS,Post Properties,NYSE
PPT,Putnam Premier Income Trust ,NYSE
PQ,Petroquest Energy Inc ,NYSE
PRA,ProAssurance Corporation ,NYSE
PRE,PartnerRe Ltd. ,NYSE
PRGO,Perrigo Company plc Ordinary Shares,NYSE
PRI,Primerica,NYSE
PRLB,Proto Labs,NYSE
PRO,PROS Holdings,NYSE
PRU,Prudential Financial,NYSE
PRY,Prospect Capital Corporation 6.95% Senior Notes due 2022,NYSE
PSA,Public Storage ,NYSE
PSB,PS Business Parks,NYSE
PSF,Cohen & Steers Select Preferred and Income Fund,NYSE
PSG,Performance Sports Group Ltd. Ordinary Shares (Canada),NYSE
PSO,Pearson,NYSE
PSX,Phillips 66 ,NYSE
PSXP,Phillips 66 Partners LP Common Units representing limited partner interest in the Partnership,NYSE
PT,Portugal Telecom SGPS,NYSE
PTP,Platinum Underwriters Holdings,NYSE
PTR,PetroChina Company Limited ,NYSE
PUK,Prudential Public Limited Company ,NYSE
PVA,Penn Virginia Corporation ,NYSE
PVG,Pretium Resources,NYSE
PVH,PVH Corp. ,NYSE
PVTD,PrivateBancorp,NYSE
PWE,Penn West Petroleum Ltd,NYSE
PWR,Quanta Services,NYSE
PX,Praxair,NYSE
PXD,Pioneer Natural Resources Company ,NYSE
PYB,PPlus Trust Series GSG,NYSE
PYN,PIMCO New York Municipal Income Fund III  of Beneficial Interest,NYSE
PYS,Merrill Lynch Depositor Inc PPlus Tr Ser RRD,NYSE
PYT,PPlus Tr GSC,NYSE
PZB,Merrill Lynch Depositor,NYSE
PZC,PIMCO California Municipal Income Fund III  of Beneficial Interest,NYSE
PZE,Petrobras Argentina S.A. ADS,NYSE
PZN,Pzena Investment Management Inc Class A ,NYSE
Q,Quintiles Transnational Holdings Inc. ,NYSE
QEP,QEP Resources,NYSE
QEPM,QEP Midstream Partners,NYSE
QSR,Restaurant Brands International Inc. ,NYSE
QTM,Quantum Corporation ,NYSE
QTS,QTS Realty Trust,NYSE
QTWO,Q2 Holdings,NYSE
QUAD,Quad Graphics,NYSE
R,Ryder System,NYSE
RAD,Rite Aid Corporation ,NYSE
RAI,Reynolds American Inc ,NYSE
RALY,Rally Software Development Corp. ,NYSE
RAS,RAIT Financial Trust New  of Beneficial Interest,NYSE
RATE,Bankrate,NYSE
RAX,Rackspace Hosting,NYSE
RBA,Ritchie Bros. Auctioneers Incorporated ,NYSE
RBC,Regal Beloit Corporation ,NYSE
RBS,Royal Bank of Scotland Group Plc New (The) ADS,NYSE
RCAP,RCS CAPITAL CORPORATION ,NYSE
RCI,Rogers Communication,NYSE
RCL,Royal Caribbean Cruises Ltd. ,NYSE
RCS,PIMCO Strategic Income Fund,NYSE
RDC,Rowan Companies plc Class A Ordinary Shares,NYSE
RDN,Radian Group Inc. ,NYSE
RDY,Dr. Reddy's Laboratories Ltd ,NYSE
RE,Everest Re Group,NYSE
REG,Regency Centers Corporation ,NYSE
REN,Resolute Energy Corporation Comon Stock,NYSE
RENN,Renren Inc. American Depositary Shares,NYSE
RES,RPC,NYSE
RESI,Altisource Residential Corporation ,NYSE
REV,Revlon,NYSE
REX,REX American Resources Corporation,NYSE
REXR,Rexford Industrial Realty,NYSE
RF,Regions Financial Corporation ,NYSE
RFI,Cohen & Steers Total Return Realty Fund,NYSE
RFP,Resolute Forest Products Inc. ,NYSE
RFT,RAIT Financial Trust 7.625% Senior Notes due 2024,NYSE
RFTA,RAIT Financial Trust 7.125% Senior Notes due 2019,NYSE
RGA,Reinsurance Group of America,NYSE
RGC,Regal Entertainment Group Class A ,NYSE
RGP,Regency Energy Partners LP Common Units Representing Limited Partner Interests,NYSE
RGR,Sturm,NYSE
RGS,Regis Corporation ,NYSE
RGT,Royce Global Value Trust,NYSE
RH,Restoration Hardware Holdings Inc. ,NYSE
RHI,Robert Half International Inc. ,NYSE
RHP,Ryman Hospitality Properties,NYSE
RHT,Red Hat,NYSE
RICE,Rice Energy Inc. ,NYSE
RIG,Transocean Ltd (Switzerland) ,NYSE
RIGP,Transocean Partners LLC Common Units Representing Limited Liability Company Interests,NYSE
RIO,Rio Tinto Plc ,NYSE
RIOM,Rio Alto Mining Limited  (Canada),NYSE
RIT,LMP Real Estate Income Fund Inc ,NYSE
RJD,Raymond James Financial,NYSE
RJF,Raymond James Financial,NYSE
RKT,Rock,NYSE
RKUS,Ruckus Wireless,NYSE
RL,Ralph Lauren Corporation ,NYSE
RLD,RealD Inc ,NYSE
RLGY,Realogy Holdings Corp. ,NYSE
RLH,Red Lions Hotels Corporation ,NYSE
RLJ,RLJ Lodging Trust  of Beneficial Interest $0.01 par value,NYSE
RM,Regional Management Corp. ,NYSE
RMAX,RE/MAX Holdings,NYSE
RMD,ResMed Inc. ,NYSE
RMP,Rice Midstream Partners LP Common Units representing limited partner interests,NYSE
RMT,Royce Micro,NYSE
RNDY,Roundy's,NYSE
RNE,Morgan Stanley Eastern Europe Fund,NYSE
RNF,Rentech Nitrogen Partners,NYSE
RNG,Ringcentral,NYSE
RNO,Rhino Resource Partners LP Common Units representing limited partnership interests,NYSE
RNP,Cohen & Steers Reit and Preferred Income Fund Inc ,NYSE
RNR,RenaissanceRe Holdings Ltd. ,NYSE
ROC,Rockwood Holdings,NYSE
ROG,Rogers Corporation ,NYSE
ROK,Rockwell Automation,NYSE
ROL,Rollins,NYSE
ROP,Roper Industries,NYSE
ROYT,Pacific Coast Oil Trust Units of Beneficial Interest,NYSE
RPAI,Retail Properties of America,NYSE
RPM,RPM International Inc. ,NYSE
RPT,Ramco,NYSE
RRC,Range Resources Corporation ,NYSE
RRMS,Rose Rock Midstream,NYSE
RRTS,Roadrunner Transportation Systems,NYSE
RS,Reliance Steel & Aluminum Co. ,NYSE
RSE,Rouse Properties,NYSE
RSG,Republic Services,NYSE
RSH,Radioshack Corporation ,NYSE
RSO,Resource Capital Corp. Resource Capital Corp. ,NYSE
RSPP,RSP Permian,NYSE
RST,Rosetta Stone Rosetta Stone,NYSE
RT,Ruby Tuesday,NYSE
RTEC,Rudolph Technologies,NYSE
RTI,RTI International Metals,NYSE
RTN,Raytheon Company ,NYSE
RUBI,The Rubicon Project,NYSE
RUK,Reed Elsevier NV PLC New ADS,NYSE
RVT,Royce Value Trust,NYSE
RWT,Redwood Trust,NYSE
RXN,Rexnord Corporation ,NYSE
RY,Royal Bank Of Canada ,NYSE
RYAM,Rayonier Advanced Materials Inc. ,NYSE
RYI,Ryerson Holding Corporation ,NYSE
RYL,Ryland Group,NYSE
RYN,Rayonier Inc. REIT ,NYSE
RZA,Reinsurance Group of America,NYSE
S,Sprint Corporation ,NYSE
SA,Seabridge Gold,NYSE
SAH,Sonic Automotive,NYSE
SAIC,SCIENCE APPLICATIONS INTERNATIONAL CORPORATION ,NYSE
SALT,Scorpio Bulkers Inc. ,NYSE
SAM,Boston Beer Company,NYSE
SAN,Banco Santander,NYSE
SAP,SAP  SE ADS,NYSE
SAQ,Saratoga Investment Corp 7.50% Notes due 2020,NYSE
SAR,Saratoga Investment Corp New,NYSE
SB,Safe Bulkers,NYSE
SBGL,Sibanye Gold Limited American Depositary Shares (Each representing four ordinary shares),NYSE
SBH,Sally Beauty Holdings,NYSE
SBR,Sabine Royalty Trust ,NYSE
SBS,Companhia de saneamento Basico Do Estado De Sao Paulo,NYSE
SBW,Western Asset Worldwide Income Fund Inc. ,NYSE
SBY,Silver Bay Realty Trust Corp. ,NYSE
SC,Santander Consumer USA Holdings Inc. ,NYSE
SCCO,Southern Copper Corporation ,NYSE
SCD,LMP Capital and Income Fund Inc. ,NYSE
SCG,SCANA Corporation ,NYSE
SCHW,Charles Schwab Corporation (The) ,NYSE
SCI,Service Corporation International ,NYSE
SCL,Stepan Company ,NYSE
SCM,Stellus Capital Investment Corporation ,NYSE
SCQ,Stellus Capital Investment Corporation 6.50% Notes due 2019,NYSE
SCS,Steelcase Inc. ,NYSE
SCU,Scana Corporation SCANA CORPORATION 2009 Series A 7.70% Enhanced Junior Subordinated Notes,NYSE
SCX,L.S. Starrett Company (The) ,NYSE
SD,Sandridge Energy Inc. ,NYSE
SDLP,Seadrill Partners LLC Common Units Representing Limited Liability Company Interests,NYSE
SDR,SandRidge Mississippian Trust II Common Units representing Beneficial Interests,NYSE
SDRL,Seadrill Limited Ordinary Shares (Bermuda),NYSE
SDT,SandRidge Mississippian Trust I Common Units of Beneficial Interest,NYSE
SE,Spectra Energy Corp ,NYSE
SEAS,SeaWorld Entertainment,NYSE
SEE,Sealed Air Corporation ,NYSE
SEM,Select Medical Holdings Corporation ,NYSE
SEMG,Semgroup Corporation Class A ,NYSE
SEP,Spectra Energy Partners,NYSE
SERV,ServiceMaster Global Holdings,NYSE
SF,Stifel Financial Corporation ,NYSE
SFB,Stifel Financial Corp. 6.70% Senior Note due 2022,NYSE
SFE,Safeguard Scientifics,NYSE
SFG,StanCorp Financial Group,NYSE
SFL,Ship Finance International Limited,NYSE
SFS,Smart & Final Stores,NYSE
SFUN,SouFun Holdings Limited American Depositary Shares (Each representing Four Class A Ordinary Shares,NYSE
SFY,Swift Energy Company (Holding Company) ,NYSE
SGF,Aberdeen Singapore Fund,NYSE
SGL,Strategic Global Income Fund,NYSE
SGM,Stonegate Mortgage Corporation ,NYSE
SGU,Star Gas Partners,NYSE
SGY,Stone Energy Corporation ,NYSE
SHG,Shinhan Financial Group Co Ltd American Depositary Shares,NYSE
SHI,SINOPEC Shangai Petrochemical Company,NYSE
SHLX,Shell Midstream Partners,NYSE
SHO,Sunstone Hotel Investors,NYSE
SHW,Sherwin,NYSE
SID,Companhia Siderurgica Nacional S.A. ,NYSE
SIG,Signet Jewelers Limited ,NYSE
SIR,Select Income REIT  of Beneficial Interest,NYSE
SIX,Six Flags Entertainment Corporation New ,NYSE
SJI,South Jersey Industries,NYSE
SJM,J.M. Smucker Company (The) New ,NYSE
SJR,Shaw Communications Inc. ,NYSE
SJT,San Juan Basin Royalty Trust ,NYSE
SJW,SJW Corporation ,NYSE
SKH,Skilled Healthcare Group,NYSE
SKM,SK Telecom Co.,NYSE
SKT,Tanger Factory Outlet Centers,NYSE
SKX,Skechers U.S.A.,NYSE
SLB,Schlumberger N.V. ,NYSE
SLCA,U.S. Silica Holdings,NYSE
SLF,Sun Life Financial Inc. ,NYSE
SLG,SL Green Realty Corporation ,NYSE
SLH,Solera Holdings,NYSE
SLRA,Solar Capital Ltd. 6.75% Senior Notes due 2042,NYSE
SLTB,Scorpio Bulkers Inc. 7.50% Senior Notes due 2019,NYSE
SLW,Silver Wheaton Corp  (Canada),NYSE
SM,SM Energy Company ,NYSE
SMFG,Sumitomo Mitsui Financial Group Inc Unsponsored American Depositary Shares (Japan),NYSE
SMG,Scotts Miracle,NYSE
SMI,Semiconductor  Manufacturing International Corporation ADR,NYSE
SMLP,Summit Midstream Partners,NYSE
SMM,Salient Midstream  of Beneficial Interest,NYSE
SMP,Standard Motor Products,NYSE
SN,Sanchez Energy Corporation ,NYSE
SNA,Snap,NYSE
SNE,Sony Corporation ,NYSE
SNH,Senior Housing Properties Trust ,NYSE
SNHN,Senior Housing Properties Trust 5.625% Senior Notes due 2042,NYSE
SNI,Scripps Networks Interactive,NYSE
SNN,Smith & Nephew SNATS,NYSE
SNOW,Intrawest Resorts Holdings,NYSE
SNP,China Petroleum & Chemical Corporation ,NYSE
SNR,New Senior Investment Group Inc. ,NYSE
SNV,Synovus Financial Corp. ,NYSE
SNX,Synnex Corporation ,NYSE
SNY,Sanofi American Depositary Shares (Each repstg one,NYSE
SO,Southern Company (The) ,NYSE
SOL,Renesola Ltd.  of Beneficial Interest,NYSE
SON,Sonoco Products Company ,NYSE
SOR,Source Capital,NYSE
SPA,Sparton Corporation ,NYSE
SPB,Spectrum Brands Holdings,NYSE
SPE,Special Opportunities Fund,NYSE
SPF,Standard Pacific Corp ,NYSE
SPG,Simon Property Group,NYSE
SPH,Suburban Propane Partners,NYSE
SPLP,Steel Partners Holdings LP LTD PARTNERSHIP UNIT,NYSE
SPN,Superior Energy Services,NYSE
SPR,Spirit Aerosystems Holdings,NYSE
SPW,SPX Corporation ,NYSE
SQM,Sociedad Quimica y Minera S.A. ,NYSE
SQNS,Sequans Communications S.A. American Depositary Shares,NYSE
SR,Standard Register Company (The) ,NYSE
SRC,Spirit Realty Capital,NYSE
SRE,Sempra Energy ,NYSE
SRF,The Cushing Royalty & Income Fund  of Beneficial Interest,NYSE
SRI,Stoneridge,NYSE
SRLP,Sprague Resources LP Common Units representing Limited Partner Interests,NYSE
SRT,StarTek,NYSE
SRV,The Cushing MLP Total Return Fund  of Beneficial Interest,NYSE
SSD,Simpson Manufacturing Company,NYSE
SSE,Seventy Seven Energy Inc. ,NYSE
SSI,Stage Stores,NYSE
SSL,Sasol Ltd. American Depositary Shares,NYSE
SSLT,Sesa Sterlite Limited  American Depositary Shares (Each representing four equity shares),NYSE
SSNI,Silver Spring Networks,NYSE
SSP,E.W. Scripps Company (The) ,NYSE
SSS,Sovran Self Storage,NYSE
SSTK,Shutterstock,NYSE
SSW,Seaspan Corporation Seaspan Corporation ,NYSE
SSWN,Seaspan Corporation 6.375% Notes due 2019,NYSE
ST,Sensata Technologies Holding N.V. Ordinary Shares,NYSE
STAG,Stag Industrial,NYSE
STAR,iStar Financial Inc. ,NYSE
STAY,Extended Stay America,NYSE
STC,Stewart Information Services Corporation ,NYSE
STE,STERIS Corporation ,NYSE
STI,SunTrust Banks,NYSE
STJ,St. Jude Medical,NYSE
STK,Columbia Seligman Premium Technology Growth Fund Inc,NYSE
STL,Sterling Bancorp,NYSE
STM,STMicroelectronics N.V. ,NYSE
STN,Stantec Inc ,NYSE
STNG,Scorpio Tankers Inc. ,NYSE
STO,Statoil ASA,NYSE
STON,StoneMor Partners L.P. Common Unit Rep Limited Partnership Interests,NYSE
STOR,STORE Capital Corporation ,NYSE
STR,Questar Corporation ,NYSE
STRI,STR Holdings,NYSE
STT,State Street Corporation ,NYSE
STV,China Digital TV Holding Co.,NYSE
STWD,STARWOOD PROPERTY TRUST,NYSE
STZ,Constellation Brands,NYSE
SU,Suncor Energy  Inc. ,NYSE
SUI,Sun Communities,NYSE
SUN,Sunoco LP Common Units representing limited partner interests,NYSE
SUNE,SunEdison,NYSE
SUP,Superior Industries International,NYSE
SVM,Silvercorp Metals Inc Ordinary Shares (Canada),NYSE
SVU,SuperValu Inc. ,NYSE
SWAY,Starwood Waypoint Residential Trust ,NYSE
SWC,Stillwater Mining Company  ($0.01 Par Value),NYSE
SWFT,Swift Transportation Company Class A ,NYSE
SWH,Stanley Black & Decker,NYSE
SWI,Solarwinds,NYSE
SWJ,Stanley Black & Decker,NYSE
SWK,Stanley Black & Decker,NYSE
SWM,Schweitzer,NYSE
SWN,Southwestern Energy Company ,NYSE
SWU,Stanley Black & Decker,NYSE
SWX,Southwest Gas Corporation ,NYSE
SWY,Safeway Inc. ,NYSE
SWZ,Swiss Helvetia Fund,NYSE
SXC,SunCoke Energy,NYSE
SXCP,SunCoke Energy Partners,NYSE
SXE,Southcross Energy Partners,NYSE
SXI,Standex International Corporation ,NYSE
SXL,Sunoco Logistics Partners LP Common Units representing limited partner interests,NYSE
SXT,Sensient Technologies Corporation ,NYSE
SYA,Symetra Financial Corporation  $0.01 par value,NYSE
SYF,Synchrony Financial ,NYSE
SYK,Stryker Corporation ,NYSE
SYT,Syngenta AG ,NYSE
SYX,Systemax Inc. ,NYSE
SYY,Sysco Corporation ,NYSE
TA,TravelCenters of America LLC ,NYSE
TAC,TransAlta Corporation Ordinary Shares,NYSE
TAHO,Tahoe Resources,NYSE
TAI,Transamerica Income Shares,NYSE
TAL,TAL International Group,NYSE
TANN,TravelCenters of America LLC 8.25% Senior Notes due 2028,NYSE
TANO,TravelCenters of America LLC 8.00% Senior Notes due 2029,NYSE
TAOM,Taomee Holdings Limited American Depositary Shares (each representing 20 ordinary shares),NYSE
TAP,Molson Coors Brewing Company Class B ,NYSE
TARO,Taro Pharmaceutical Industries Ltd. Ordinary Shares,NYSE
TBI,TrueBlue,NYSE
TC,Thompson Creek Metals Company Inc. Ordinary Shares (Canada),NYSE
TCAP,Triangle Capital Corporation ,NYSE
TCB,TCF Financial Corporation ,NYSE
TCI,Transcontinental Realty Investors,NYSE
TCK,Teck Resources Ltd Ordinary Shares,NYSE
TCO,Taubman Centers,NYSE
TCP,TC PipeLines,NYSE
TCPI,TCP International Holdings Ltd. ,NYSE
TCS,Container Store (The) ,NYSE
TD,Toronto Dominion Bank (The) ,NYSE
TDC,Teradata Corporation ,NYSE
TDF,Templeton Dragon Fund,NYSE
TDG,Transdigm Group Incorporated Transdigm Group Inc. ,NYSE
TDS,Telephone and Data Systems,NYSE
TDW,Tidewater Inc. ,NYSE
TDY,Teledyne Technologies Incorporated ,NYSE
TE,TECO Energy,NYSE
TEF,Telefonica SA ,NYSE
TEG,Integrys Energy Group,NYSE
TEI,Templeton Emerging Markets Income Fund,NYSE
TEL,TE Connectivity Ltd. New Switzerland Registered Shares,NYSE
TEN,Tenneco Inc. ,NYSE
TEO,Telecom Argentina SA,NYSE
TEP,Tallgrass Energy Partners,NYSE
TER,Teradyne,NYSE
TEU,Box Ships Inc. ,NYSE
TEVA,Teva Pharmaceutical Industries Limited American Depositary Shares,NYSE
TEX,Terex Corporation ,NYSE
TFX,Teleflex Incorporated ,NYSE
TG,Tredegar Corporation ,NYSE
TGH,Textainer Group Holdings Limited ,NYSE
TGI,Triumph Group,NYSE
TGP,Teekay LNG Partners L.P.,NYSE
TGS,Transportadora de Gas del Sur SA TGS ,NYSE
TGT,Target Corporation ,NYSE
THC,Tenet Healthcare Corporation ,NYSE
THG,Hanover Insurance Group Inc,NYSE
THGA,The Hanover Insurance Group,NYSE
THO,Thor Industries,NYSE
THQ,Tekla Healthcare Opportunies Fund Shares of Beneficial Interest,NYSE
THR,Thermon Group Holdings,NYSE
THS,Treehouse Foods,NYSE
TI,Telecom Italia S.P.A. New,NYSE
TIF,Tiffany & Co. ,NYSE
TIME,Time Inc. ,NYSE
TISI,Team,NYSE
TJX,TJX Companies,NYSE
TK,Teekay Corporation ,NYSE
TKC,Turkcell Iletisim Hizmetleri AS ,NYSE
TKF,Turkish Investment Fund,NYSE
TKR,Timken Company (The) ,NYSE
TLI,LMP Corporate Loan Fund Inc ,NYSE
TLK,PT Telekomunikasi Indonesia,NYSE
TLLP,Tesoro Logistics LP Common Units representing Limited Partner Interests,NYSE
TLM,Talisman Energy Inc. ,NYSE
TLP,Transmontaigne Partners L.P. Transmontaigne Partners L.P. Common Units representing limited partner interests,NYSE
TLYS,Tilly's,NYSE
TM,Toyota Motor Corporation ,NYSE
TMH,Team Health Holdings,NYSE
TMHC,Taylor Morrison Home Corporation Class A ,NYSE
TMK,Torchmark Corporation ,NYSE
TMO,Thermo Fisher Scientific Inc ,NYSE
TMST,Timken Steel Corporation ,NYSE
TMUS,T,NYSE
TNC,Tennant Company ,NYSE
TNET,TriNet Group,NYSE
TNH,Terra Nitrogen Company,NYSE
TNK,Teekay Tankers Ltd.,NYSE
TNP,Tsakos Energy Navigation Ltd ,NYSE
TOL,Toll Brothers Inc. ,NYSE
TOO,Teekay Offshore Partners L.P. Common Units representing Limited Partner Interests,NYSE
TOT,Total S.A.,NYSE
TOWR,Tower International,NYSE
TPC,Tutor Perini Corporation ,NYSE
TPH,Tri Pointe Homes,NYSE
TPL,Texas Pacific Land Trust ,NYSE
TPRE,Third Point Reinsurance Ltd. ,NYSE
TPUB,Tribune Publishing Company ,NYSE
TPVG,TriplePoint Venture Growth BDC Corp. ,NYSE
TPX,Tempur Sealy International,NYSE
TPZ,Tortoise Power and Energy Infrastructure Fund,NYSE
TR,Tootsie Roll Industries,NYSE
TRC,Tejon Ranch Co ,NYSE
TRCO,Tribune Media Company Class A ,NYSE
TREC,Trecora Resources ,NYSE
TREX,Trex Company,NYSE
TRF,Templeton Russia and East European Fund,NYSE
TRGP,Targa Resources,NYSE
TRI,Thomson Reuters Corp Ordinary Shares,NYSE
TRK,Speedway Motorsports,NYSE
TRLA,Trulia,NYSE
TRMR,Tremor Video,NYSE
TRN,Trinity Industries,NYSE
TRNO,Terreno Realty Corporation ,NYSE
TROX,Tronox Limited Ordinary Shares Class A $0.01 par,NYSE
TRP,TransCanada Corporation ,NYSE
TRQ,Turquoise Hill Resources Ltd. Ordinary Shares,NYSE
TRR,TRC Companies,NYSE
TRUP,Trupanion,NYSE
TRV,The Travelers Companies,NYSE
TRW,TRW Automotive Holdings Corporation ,NYSE
TS,Tenaris S.A. American Depositary Shares,NYSE
TSE,Trinseo S.A. Ordinary Shares,NYSE
TSI,TCW Strategic Income Fund,NYSE
TSL,Trina Solar Limited Sponsored ADR (Cayman Islands),NYSE
TSLF,THL Credit Senior Loan Fund  of Beneficial Interest,NYSE
TSLX,TPG Specialty Lending,NYSE
TSM,Taiwan Semiconductor Manufacturing Company Ltd.,NYSE
TSN,Tyson Foods,NYSE
TSO,Tesoro Corporation ,NYSE
TSQ,Townsquare Media,NYSE
TSS,Total System Services,NYSE
TSU,TIM Participacoes S.A. American Depositary Shares ,NYSE
TTC,Toro Company (The) ,NYSE
TTF,Thai Fund,NYSE
TTI,Tetra Technologies,NYSE
TTM,Tata Motors Ltd Tata Motors Limited,NYSE
TTP,Tortoise Pipeline & Energy Fund,NYSE
TU,Telus Corporation Ordinary Shares,NYSE
TUMI,Tumi Holdings,NYSE
TUP,Tupperware Brands Corporation ,NYSE
TV,Grupo Televisa S.A. ,NYSE
TVC,Tennessee Valley Authority ,NYSE
TVE,Tennessee Valley Authority,NYSE
TVPT,Travelport Worldwide Limited ,NYSE
TW,Towers Watson & Co  Class A,NYSE
TWC,Time Warner Cable Inc ,NYSE
TWI,Titan International,NYSE
TWN,Taiwan Fund,NYSE
TWO,Two Harbors Investment Corp,NYSE
TWTR,Twitter,NYSE
TWX,Time Warner Inc. New ,NYSE
TX,Ternium S.A. Ternium S.A. American Depositary Shares (each representing ten shares,NYSE
TXT,Textron Inc. ,NYSE
TXTR,Textura Corporation ,NYSE
TY,Tri Continental Corporation ,NYSE
TYC,Tyco International plc (Ireland) Ordinary Share,NYSE
TYG,Tortoise Energy Infrastructure Corporation ,NYSE
TYL,Tyler Technologies,NYSE
TZF,Bear Stearns Depositor,NYSE
UA,Under Armour,NYSE
UAL,United Continental Holdings,NYSE
UAM,Universal American Corporation New ,NYSE
UAN,CVR Partners,NYSE
UBA,Urstadt Biddle Properties Inc. ,NYSE
UBP,Urstadt Biddle Properties Inc. ,NYSE
UBS,UBS Group AG Registered Ordinary Shares,NYSE
UCP,UCP,NYSE
UDR,UDR,NYSE
UFI,Unifi,NYSE
UFS,Domtar Corporation (NEW) ,NYSE
UGI,UGI Corporation ,NYSE
UGP,Ultrapar Participacoes S.A. (New) American Depositary Shares,NYSE
UHS,Universal Health Services,NYSE
UIL,UIL Holdings Corporation ,NYSE
UIS,Unisys Corporation New ,NYSE
UL,Unilever PLC ,NYSE
UMC,United Microelectronics Corporation (NEW) ,NYSE
UMH,UMH Properties,NYSE
UN,Unilever NV ,NYSE
UNF,Unifirst Corporation ,NYSE
UNH,UnitedHealth Group Incorporated ,NYSE
UNM,Unum Group ,NYSE
UNP,Union Pacific Corporation ,NYSE
UNT,Unit Corporation ,NYSE
UPL,Ultra Petroleum Corp. ,NYSE
UPS,United Parcel Service,NYSE
URI,United Rentals,NYSE
USA,Liberty All,NYSE
USAC,USA Compression Partners,NYSE
USB,U.S. Bancorp ,NYSE
USDP,USD Partners LP Common Units representing limited partner interest,NYSE
USG,USG Corporation ,NYSE
USM,United States Cellular Corporation ,NYSE
USNA,USANA Health Sciences,NYSE
USPH,U.S. Physical Therapy,NYSE
UTF,Cohen & Steers Infrastructure Fund,NYSE
UTI,Universal Technical Institute Inc ,NYSE
UTL,UNITIL Corporation ,NYSE
UTX,United Technologies Corporation ,NYSE
UVE,UNIVERSAL INSURANCE HOLDINGS INC ,NYSE
UVV,Universal Corporation ,NYSE
UZA,United States Cellular Corporation 6.95% Senior Notes due 2060,NYSE
UZB,United States Cellular Corporation 7.25% Senior Notes due 2063,NYSE
V,Visa Inc.,NYSE
VAC,Marriot Vacations Worldwide Corporation ,NYSE
VAL,Valspar Corporation (The) ,NYSE
VALE,VALE S.A.  ,NYSE
VAR,Varian Medical Systems,NYSE
VBF,Invesco Bond Fund ,NYSE
VC,Visteon Corporation ,NYSE
VCO,Vina Concha Y Toro ,NYSE
VCRA,Vocera Communications,NYSE
VCV,Invesco California Value Municipal Income Trust ,NYSE
VEC,Vectrus,NYSE
VEEV,Veeva Systems Inc. Class A ,NYSE
VET,Vermilion Energy Inc. Common (Canada),NYSE
VFC,V.F. Corporation ,NYSE
VG,Vonage Holdings Corp. ,NYSE
VGI,Virtus Global Multi,NYSE
VGM,Invesco Trust for Investment Grade Municipals  (DE),NYSE
VGR,Vector Group Ltd. ,NYSE
VHI,Valhi,NYSE
VIPS,Vipshop Holdings Limited American Depositary Shares,NYSE
VIV,Telefonica Brasil,NYSE
VJET,voxeljet AG American Depositary Shares,NYSE
VKQ,Invesco Municipal Trust ,NYSE
VLO,Valero Energy Corporation ,NYSE
VLP,Valero Energy Partners LP Common Units representing limited partner interests,NYSE
VLRS,Controladora Vuela Compania de Aviacion,NYSE
VLT,Invesco High Income Trust II,NYSE
VLY,Valley National Bancorp ,NYSE
VMC,Vulcan Materials Company (Holding Company) ,NYSE
VMEM,Violin Memory,NYSE
VMI,Valmont Industries,NYSE
VMO,Invesco Municipal Opportunity Trust ,NYSE
VMW,Vmware,NYSE
VNCE,Vince Holding Corp. ,NYSE
VNO,Vornado Realty Trust ,NYSE
VNTV,Vantiv,NYSE
VOC,VOC Energy Trust Units of Beneficial Interest,NYSE
VOYA,Voya Financial,NYSE
VPG,Vishay Precision Group,NYSE
VPV,Invesco Pennsylvania Value Municipal Income Trust  (DE),NYSE
VR,Validus Holdings,NYSE
VRS,Verso Corporation ,NYSE
VRTV,Veritiv Corporation ,NYSE
VRX,Valeant Pharmaceuticals International,NYSE
VSH,Vishay Intertechnology,NYSE
VSI,Vitamin Shoppe,NYSE
VSLR,Vivint Solar,NYSE
VTA,Invesco Credit Opportunities Fund  of Beneficial Interest,NYSE
VTN,Invesco Trust for Investment Grade New York Municipals ,NYSE
VTR,Ventas,NYSE
VTTI,VTTI Energy Partners LP Common Units representing limited partner interests,NYSE
VVC,Vectren Corporation ,NYSE
VVI,Viad Corp ,NYSE
VVR,Invesco Senior Income Trust  (DE),NYSE
VZ,Verizon Communications Inc. ,NYSE
VZA,Verizon Communications Inc. 5.90% Notes due 2054,NYSE
W,Wayfair Inc. Class A ,NYSE
WAB,Westinghouse Air Brake Technologies Corporation ,NYSE
WAC,Walter Investment Management Corp. ,NYSE
WAGE,WageWorks,NYSE
WAIR,Wesco Aircraft Holdings,NYSE
WAL,Western Alliance Bancorporation  (DE),NYSE
WAT,Waters Corporation ,NYSE
WBC,Wabco Holdings Inc. ,NYSE
WBK,Westpac Banking Corporation ,NYSE
WBS,Webster Financial Corporation ,NYSE
WCC,WESCO International,NYSE
WCG,Wellcare Health Plans,NYSE
WCIC,WCI Communities,NYSE
WCN,Waste Connections,NYSE
WD,Walker & Dunlop,NYSE
WDAY,Workday,NYSE
WDR,Waddell & Reed Financial,NYSE
WEA,Western Asset Bond Fund Share of Beneficial Interest,NYSE
WEC,Wisconsin Energy Corporation ,NYSE
WES,Western Gas Partners,NYSE
WEX,WEX Inc. ,NYSE
WF,Woori Bank American Depositary Shares (Each representing 3 shares of ),NYSE
WFC,Wells Fargo & Company ,NYSE
WFT,Weatherford International plc (Ireland),NYSE
WG,Willbros Group,NYSE
WGL,WGL Holdings Inc,NYSE
WGO,Winnebago Industries,NYSE
WGP,Western Gas Equity Partners,NYSE
WHG,Westwood Holdings Group Inc ,NYSE
WHR,Whirlpool Corporation ,NYSE
WHX,Whiting USA Trust I Whiting USA Trust I,NYSE
WHZ,Whiting USA Trust II Units of Beneficial Interest,NYSE
WIA,Western Asset/Claymore Inflation,NYSE
WIT,Wipro Limited ,NYSE
WIW,Western Asset/Claymore Inflation,NYSE
WK,Workiva Inc. Class A ,NYSE
WLH,Lyon William Homes  (Class A),NYSE
WLK,Westlake Chemical Corporation ,NYSE
WLKP,Westlake Chemical Partners LP Common Units representing limited partner interests,NYSE
WLL,Whiting Petroleum Corporation ,NYSE
WLT,Walter Energy,NYSE
WM,Waste Management,NYSE
WMB,Williams Companies,NYSE
WMC,Western Asset Mortgage Capital Corporation ,NYSE
WMK,Weis Markets,NYSE
WMLP,Westmoreland Resource Partners,NYSE
WMS,Advanced Drainage Systems,NYSE
WMT,Wal,NYSE
WNC,Wabash National Corporation ,NYSE
WNR,Western Refining Inc. Western Refining,NYSE
WNRL,Western Refining Logistics,NYSE
WNS,WNS (Holdings) Limited Sponsored ADR (Jersey),NYSE
WOR,Worthington Industries,NYSE
WPC,W.P. Carey Inc. REIT,NYSE
WPG,Washington Prime Group Inc. ,NYSE
WPP,Wausau Paper Corp. ,NYSE
WPT,World Point Terminals,NYSE
WPX,WPX Energy,NYSE
WPZ,Williams Partners L.P. Common Units,NYSE
WR,Westar Energy,NYSE
WRB,W.R. Berkley Corporation ,NYSE
WRE,Washington Real Estate Investment Trust ,NYSE
WRI,Weingarten Realty Investors ,NYSE
WSH,Willis Group Holdings Public Limited (Ireland) ,NYSE
WSM,Williams,NYSE
WSO,Watsco,NYSE
WSR,Whitestone REIT ,NYSE
WST,West Pharmaceutical Services,NYSE
WTI,W&T Offshore,NYSE
WTM,White Mountains Insurance Group,NYSE
WTR,Aqua America,NYSE
WTS,Watts Water Technologies,NYSE
WTW,Weight Watchers International Inc Weight Watchers International Inc,NYSE
WU,Western Union Company (The) ,NYSE
WWAV,Whitewave Foods Company (The) ,NYSE
WWE,World Wrestling Entertainment,NYSE
WWW,Wolverine World Wide,NYSE
WX,WuXi PharmaTech (Cayman) Inc. American Depositary Shares,NYSE
WY,Weyerhaeuser Company ,NYSE
WYN,Wyndham Worldwide Corp Common  Stock,NYSE
X,United States Steel Corporation ,NYSE
XCO,EXCO Resources,NYSE
XEC,Cimarex Energy Co ,NYSE
XEL,Xcel Energy Inc. ,NYSE
XIN,Xinyuan Real Estate Co Ltd American Depositary Shares,NYSE
XKE,Lehman ABS Corporation Corporate,NYSE
XL,XL Group plc,NYSE
XLS,Exelis Inc.  New,NYSE
XNY,China Xiniya Fashion Limited American Depositary Shares,NYSE
XOM,Exxon Mobil Corporation ,NYSE
XON,Intrexon Corporation ,NYSE
XOXO,XO Group,NYSE
XPO,XPO Logistics,NYSE
XRM,Xerium Technologies,NYSE
XRS,TAL Education Group American Depositary Shares,NYSE
XRX,Xerox Corporation ,NYSE
XUE,Xueda Education Group American Depositary Shares,NYSE
XYL,Xylem Inc.  New,NYSE
Y,Alleghany Corporation ,NYSE
YDKN,Yadkin Financial Corporation ,NYSE
YELP,Yelp Inc. Class A ,NYSE
YGE,Yingli Green Energy Holding Company Limited ADR,NYSE
YOKU,Youku Tudou Inc. American Depositary Shares,NYSE
YPF,YPF Sociedad Anonima ,NYSE
YUM,Yum! Brands,NYSE
YUME,YuMe,NYSE
YZC,Yanzhou Coal Mining Company Limited ,NYSE
ZA,Zuoan Fashion Limited American Depositary Shares,NYSE
ZAYO,Zayo Group Holdings,NYSE
ZBK,Zions Bancorporation 6.95% Fixed,NYSE
ZEN,Zendesk,NYSE
ZEP,Zep Inc. ,NYSE
ZF,Zweig Fund,NYSE
ZFC,ZAIS Financial Corp. ,NYSE
ZMH,Zimmer Holdings,NYSE
ZNH,China Southern Airlines Company Limited ,NYSE
ZOES,Zoe's Kitchen,NYSE
ZPIN,Zhaopin Limited American Depositary Shares,NYSE
ZQK,Quiksilver,NYSE
ZTR,Zweig Total Return Fund,NYSE
ZTS,Zoetis Inc. Class A ,NYSE
ZX,China Zenix Auto International,NYSE
